elbow_angle,back_angle,hip_height_ratio,torso_length,body_tilt,elbow_spread,lateral_alignment,knee_angle,label,video_source,frame_number
178.8360814917761,161.85813026890472,1.2312145968396948,0.22046974683953308,113.87380253114301,0.006673693656921387,0.20160436630249023,161.07063622499226,BACK_SAGGING,pushup_back_01.mp4,3
167.81771899867437,165.88966524198477,1.244453049720312,0.21327955142814925,116.27669266450027,0.010842233896255493,0.19123846292495728,164.06509049082774,BACK_SAGGING,pushup_back_01.mp4,6
166.03750289872235,169.6788605579975,1.2651597212192585,0.21405104308909087,118.5872044362817,0.012973874807357788,0.18795344233512878,165.38071078490964,BACK_SAGGING,pushup_back_01.mp4,9
165.7979653069414,173.33816156176508,1.284695352632204,0.21474594977110412,120.88316079888884,0.013058364391326904,0.18429529666900635,168.49307610290086,BACK_SAGGING,pushup_back_01.mp4,12
167.1683139430728,175.68265212237614,1.2779621930062977,0.2133498067888245,121.23505617994941,0.010592848062515259,0.1824209988117218,155.23798793335652,BACK_SAGGING,pushup_back_01.mp4,15
160.88848606256698,179.59654259991882,1.275391417060173,0.2149891762381488,121.84396436405835,0.019384056329727173,0.18262746930122375,152.2850733801131,BACK_SAGGING,pushup_back_01.mp4,18
155.48850314468507,175.63627287291885,1.2799646076331184,0.21889615924818104,122.48537254060153,0.026871591806411743,0.1846417486667633,153.51600066838677,BACK_SAGGING,pushup_back_01.mp4,21
150.93606301116546,172.43123171491226,1.26505697007456,0.21970803024678182,121.87870219721542,0.030754387378692627,0.18656575679779053,159.4113934607828,BACK_SAGGING,pushup_back_01.mp4,24
146.8023416347252,171.4288171937709,1.2478153720235867,0.2183967089198196,120.85091313200297,0.03540980815887451,0.1874915063381195,169.14344182760192,BACK_SAGGING,pushup_back_01.mp4,27
144.04640766900135,169.94739667906614,1.2237513138249694,0.214501049731063,119.3104130769173,0.03809624910354614,0.18703794479370117,171.0073542280153,BACK_SAGGING,pushup_back_01.mp4,30
141.39011741465936,166.5858323355706,1.2156468467209538,0.2143085749951588,119.0669320170396,0.04129156470298767,0.18731430172920227,168.50910519278835,BACK_SAGGING,pushup_back_01.mp4,33
139.66127982141845,163.1389463574361,1.2131230762128251,0.21551963588665485,119.23057568081887,0.045094847679138184,0.18807297945022583,167.66494017611234,BACK_SAGGING,pushup_back_01.mp4,36
129.80770677708665,160.06660004319008,1.2075733570779992,0.21436555416469663,119.27280074899764,0.054163843393325806,0.18698865175247192,162.24707350064202,BACK_SAGGING,pushup_back_01.mp4,39
130.474839810567,157.32875193731252,1.2010260016223102,0.21338375599441808,118.95171056158667,0.05308049917221069,0.1867140829563141,161.76903761507543,BACK_SAGGING,pushup_back_01.mp4,42
122.74405320891692,155.86217375356648,1.1930300036126962,0.21317391008838105,118.26586792172469,0.0608576238155365,0.18775242567062378,167.4994673085221,BACK_SAGGING,pushup_back_01.mp4,45
120.06195821360068,155.43014324276263,1.1797297908214608,0.21174837877747443,116.94988580215073,0.062256842851638794,0.18875089287757874,166.92096555016715,BACK_SAGGING,pushup_back_01.mp4,48
120.04358345394516,155.70747717584752,1.1804243989242853,0.212515025524798,116.9905022647484,0.06644853949546814,0.189365953207016,169.63372930218054,BACK_SAGGING,pushup_back_01.mp4,51
118.23478399677414,156.20013369270708,1.174499002243774,0.21135165398177233,116.35954459028585,0.06761583685874939,0.18937426805496216,170.77359853672584,BACK_SAGGING,pushup_back_01.mp4,54
115.81208088868385,154.50419661412704,1.1728860252838988,0.2113925570880683,116.42328227444249,0.06892547011375427,0.189306378364563,165.211238655419,BACK_SAGGING,pushup_back_01.mp4,57
115.73889100173484,152.5475679012316,1.1819552506676811,0.21359312632219882,117.51310994236772,0.0693102478981018,0.18943443894386292,163.47477997596582,BACK_SAGGING,pushup_back_01.mp4,60
115.3375764119729,150.18252003827354,1.1925001979041452,0.21489453847926387,118.78723775940907,0.06803527474403381,0.1883339285850525,163.36348834448668,BACK_SAGGING,pushup_back_01.mp4,63
116.99711313181487,150.57861469481685,1.1963489759946713,0.2152942801022775,119.12393261882434,0.0672508180141449,0.18807169795036316,162.08951633601885,BACK_SAGGING,pushup_back_01.mp4,66
118.88499110670068,150.73489208221497,1.2010481531906152,0.2158354857783087,119.53331413582632,0.06571662425994873,0.18778902292251587,161.35773987021673,BACK_SAGGING,pushup_back_01.mp4,69
122.86468881465024,151.8873571903654,1.2159048088917879,0.2177672464269272,120.87133785642189,0.061605364084243774,0.18691128492355347,160.98594282233717,BACK_SAGGING,pushup_back_01.mp4,72
135.53428975413416,151.98746608300232,1.2541205822839518,0.22482656852863048,123.74756905474464,0.0507066547870636,0.18693804740905762,160.50838556940016,BACK_SAGGING,pushup_back_01.mp4,75
140.4048975127173,153.0717546429095,1.2885917414895984,0.231312262834234,126.0415556265552,0.047179996967315674,0.18703261017799377,161.65764319442255,BACK_SAGGING,pushup_back_01.mp4,78
144.42394445666042,153.36224359977558,1.3233118436704354,0.23690870433733546,128.26357328901062,0.0436151921749115,0.1860087811946869,164.38186044144393,BACK_SAGGING,pushup_back_01.mp4,81
149.97989812344906,152.15355312104978,1.3474039823281199,0.23804704548903735,130.33364049895303,0.03432708978652954,0.18145501613616943,165.96688898414052,BACK_SAGGING,pushup_back_01.mp4,84
158.65111729696858,153.85150221278988,1.36743320705483,0.23816448714083338,131.4362859194211,0.023405373096466064,0.17854419350624084,162.41052943370923,BACK_SAGGING,pushup_back_01.mp4,87
167.80257281514153,153.53457861874108,1.3852899984187022,0.2386067601625467,132.8786722156798,0.010859936475753784,0.17484381794929504,161.46130643823926,BACK_SAGGING,pushup_back_01.mp4,90
171.9399772725209,152.83186386587647,1.4244103505100092,0.2428826250956422,135.02654133624844,0.002472400665283203,0.17165729403495789,159.85569712095082,BACK_SAGGING,pushup_back_01.mp4,93
169.82005294450846,152.0807579088392,1.4348223407697311,0.24521312737376774,135.44713411178574,0.005078613758087158,0.17202621698379517,160.82934219380903,BACK_SAGGING,pushup_back_01.mp4,96
172.0451456381987,150.94070755209964,1.4571395236956437,0.24836194372734793,136.66211840719012,0.0006007552146911621,0.17044293880462646,162.04718690906867,BACK_SAGGING,pushup_back_01.mp4,99
169.42124357926582,151.33494283401706,1.4410501597068504,0.2472163974299958,135.71929076379982,0.004525125026702881,0.17259278893470764,162.83451807525805,BACK_SAGGING,pushup_back_01.mp4,102
167.68729052064435,151.73720264407575,1.4248533351145962,0.24516111699328863,134.83823392116892,0.0072647035121917725,0.1738368272781372,163.70971744148835,BACK_SAGGING,pushup_back_01.mp4,105
164.89620086414496,151.3369316429854,1.4163377784357765,0.24379823303030818,134.41663155742197,0.011291474103927612,0.17413079738616943,159.4750789093861,BACK_SAGGING,pushup_back_01.mp4,108
163.81836973648856,147.41669799791546,1.4263001440791003,0.24574951397014186,135.68010746687094,0.012317299842834473,0.17168894410133362,157.50475195941237,BACK_SAGGING,pushup_back_01.mp4,111
159.979293097751,145.1241477757008,1.411578837092201,0.244923144059587,135.34081667217762,0.016775161027908325,0.17214637994766235,156.7500778665021,BACK_SAGGING,pushup_back_01.mp4,114
152.21201796722463,143.38723070154742,1.3857091214659816,0.24049767528805704,134.54948531358036,0.026976823806762695,0.17138251662254333,155.61082353597973,BACK_SAGGING,pushup_back_01.mp4,117
144.25173076786965,144.577397054526,1.3317596025405762,0.23143312000007157,131.32880062199163,0.03516003489494324,0.1737847924232483,156.55434545458291,BACK_SAGGING,pushup_back_01.mp4,120
136.92873044419142,144.47686139216066,1.2897441823373015,0.2246724573497653,128.42114926509555,0.04266852140426636,0.1760178804397583,158.21391753239783,BACK_SAGGING,pushup_back_01.mp4,123
127.87733960430346,145.0316615111745,1.2554178471812243,0.2192227486970814,125.74966288204637,0.055807918310165405,0.17791202664375305,150.81096380838468,BACK_SAGGING,pushup_back_01.mp4,126
127.56543727165909,145.38866927553582,1.2354577726609597,0.21627626317723678,124.23575577037381,0.06124085187911987,0.17879816889762878,159.70794173109968,BACK_SAGGING,pushup_back_01.mp4,129
125.00963388996934,146.4011137538626,1.2278308836340972,0.21720751963506718,123.17346396930266,0.06206792593002319,0.18180298805236816,161.44613999406175,BACK_SAGGING,pushup_back_01.mp4,132
122.2625077930882,147.11490938697207,1.220569563818583,0.2176510733902319,122.16999947319978,0.06412386894226074,0.1842322051525116,160.99161496108692,BACK_SAGGING,pushup_back_01.mp4,135
119.63988715895844,146.75618170430718,1.2230515538436169,0.2195327246915232,122.44663729946149,0.0659586489200592,0.1852583885192871,164.6820981477782,BACK_SAGGING,pushup_back_01.mp4,138
120.1334283660496,145.44456738438973,1.225531627813577,0.2188592967913928,122.92278543403158,0.06639352440834045,0.1837078034877777,162.1764718004367,BACK_SAGGING,pushup_back_01.mp4,141
124.33652292074922,144.6151084900619,1.2388672693898566,0.22246570479404923,123.95153262896739,0.06171232461929321,0.18453383445739746,160.8625998725245,BACK_SAGGING,pushup_back_01.mp4,144
128.02115666754867,150.61976677396981,1.230101368968357,0.21928916146960153,122.7937980255939,0.0559636652469635,0.18433651328086853,162.7101453346215,BACK_SAGGING,pushup_back_01.mp4,147
129.522113577612,155.39058109031282,1.2155958774389308,0.2140217861831515,120.84453757049927,0.05395263433456421,0.18374782800674438,158.55870182747623,BACK_SAGGING,pushup_back_01.mp4,150
138.31638460877423,157.506643584597,1.241458003107297,0.2190872770490731,122.33867830256442,0.048810482025146484,0.1851036548614502,160.3542790197137,BACK_SAGGING,pushup_back_01.mp4,153
141.84686526725986,161.8480213599824,1.2472866750309057,0.2208371459470012,121.96833236628807,0.046146392822265625,0.1873418688774109,163.0813084019709,BACK_SAGGING,pushup_back_01.mp4,156
147.53761368412884,165.48558864554053,1.2569058548607495,0.2213425689770709,122.32230645607994,0.04005002975463867,0.1870429813861847,166.33829299094933,BACK_SAGGING,pushup_back_01.mp4,159
150.9977741216414,168.56566385643268,1.282396694186927,0.22464969500752993,123.63239822433911,0.037030965089797974,0.1870414912700653,170.6790660993754,BACK_SAGGING,pushup_back_01.mp4,162
157.16315424763891,173.64972048250792,1.2809544832494433,0.22187722894213716,123.00063339582583,0.02675953507423401,0.1860770285129547,168.2191906515812,BACK_SAGGING,pushup_back_01.mp4,165
164.5832099384933,178.21720271204293,1.2589973790745863,0.21291316495400964,120.55290025219895,0.016335338354110718,0.1833493411540985,168.54896779991992,BACK_SAGGING,pushup_back_01.mp4,168
164.56140714807373,171.4575301585062,1.226240662426684,0.20334288026345645,117.2699739704798,0.015094995498657227,0.18074047565460205,165.14039734872296,BACK_SAGGING,pushup_back_01.mp4,171
167.10620926446998,165.47604287869586,1.202160787297634,0.19939344341820686,114.18956591148432,0.011683493852615356,0.1818838119506836,164.0657531239798,BACK_SAGGING,pushup_back_01.mp4,174
170.37811728736645,159.8721184483272,1.1759139517616555,0.1946360535123444,111.1335937307871,0.007883071899414062,0.18154388666152954,174.53541358044703,BACK_SAGGING,pushup_back_01.mp4,177
171.69102712353902,156.3697242625245,1.164432055185298,0.19492517503667567,109.30447816192552,0.006986558437347412,0.18396437168121338,179.23585848548245,BACK_SAGGING,pushup_back_01.mp4,180
171.69103157130303,152.66871167752592,1.1518015002237587,0.19406585507892812,107.60348449651889,0.0057617127895355225,0.1849772334098816,176.89502448600862,BACK_SAGGING,pushup_back_01.mp4,183
171.88245638138483,151.31569742524897,1.13403049357788,0.1910348748383902,106.06785694758108,0.0037178099155426025,0.1835712194442749,173.74777515098745,BACK_SAGGING,pushup_back_01.mp4,186
169.70672496220794,152.58595669597284,1.1417150838485752,0.19276175100232287,107.04401619582559,0.006490170955657959,0.18429473042488098,177.5227529368161,BACK_SAGGING,pushup_back_01.mp4,189
167.952027656891,157.19605311210293,1.1655025094051008,0.19619736267595378,109.72108361128639,0.008926242589950562,0.1846884787082672,178.22555243749957,BACK_SAGGING,pushup_back_01.mp4,192
167.15867550295414,162.69556166776488,1.1860023671761668,0.1991533548373562,112.4744738999615,0.009413927793502808,0.1840260624885559,171.39623180136311,BACK_SAGGING,pushup_back_01.mp4,195
163.67066384492898,171.59234430267816,1.2217828565330677,0.20881941105422286,116.41676707932965,0.016108602285385132,0.18701261281967163,165.16792689638729,BACK_SAGGING,pushup_back_01.mp4,198
159.61420104484233,177.5476156958725,1.2518177522747482,0.21912712660362726,119.8063902644787,0.023038655519485474,0.19013595581054688,162.9429047699457,BACK_SAGGING,pushup_back_01.mp4,201
155.37485187247532,171.44151905185825,1.2604325224443587,0.21926929198377904,121.7180125084012,0.03024280071258545,0.18651726841926575,163.39219730500147,BACK_SAGGING,pushup_back_01.mp4,204
151.0860512751862,167.85690979822877,1.2561780367707283,0.22219020813721443,121.67165695080176,0.03589388728141785,0.1890963912010193,157.43657129995535,BACK_SAGGING,pushup_back_01.mp4,207
146.53923402470687,163.6541214503908,1.255867000874321,0.22388973862069447,122.17359601349199,0.04194420576095581,0.18950557708740234,164.02046717947908,BACK_SAGGING,pushup_back_01.mp4,210
143.33576067670535,154.7596219961037,1.2662938525408058,0.22702044010914835,124.14018193164482,0.04469451308250427,0.18789350986480713,165.2918731241929,BACK_SAGGING,pushup_back_01.mp4,213
133.94828450934466,153.70784720505083,1.2412103928107827,0.22487573913537814,122.19600574358034,0.0558018684387207,0.1902933120727539,159.88583946756702,BACK_SAGGING,pushup_back_01.mp4,216
125.21552768613778,154.3563368081196,1.2223813321895576,0.2209855177345772,120.71882504763508,0.06416210532188416,0.18997478485107422,160.76273003156257,BACK_SAGGING,pushup_back_01.mp4,219
121.5809096397969,153.55761645290073,1.2024317649510219,0.21690068680952423,119.2443948357263,0.065153568983078,0.18925261497497559,164.8817092459912,BACK_SAGGING,pushup_back_01.mp4,222
118.91301809368561,156.77159185138478,1.1799105745867733,0.21456946020361525,116.73583057328162,0.06999132037162781,0.1916276216506958,164.4781033105205,BACK_SAGGING,pushup_back_01.mp4,225
112.23831810301753,157.96517574972043,1.160303130685058,0.21229834976002385,114.47944824812184,0.07486361265182495,0.19321295619010925,160.31001890714055,BACK_SAGGING,pushup_back_01.mp4,228
110.85961063670567,157.7491199176147,1.1593670998947636,0.21248485685373922,114.36760162502927,0.0762113630771637,0.19355422258377075,160.38674934323606,BACK_SAGGING,pushup_back_01.mp4,231
113.8698855666196,160.26716937297124,1.155584887360021,0.21086835981371377,113.79302991925047,0.07377293705940247,0.19294461607933044,161.40997245498718,BACK_SAGGING,pushup_back_01.mp4,234
116.16223886427044,161.1642693352026,1.1612320747375442,0.20875114926037258,114.63295272816605,0.07123979926109314,0.18975216150283813,162.13213000700415,BACK_SAGGING,pushup_back_01.mp4,237
120.26352517148707,162.017610203519,1.1674847653179679,0.20879870845857748,115.24600562146179,0.06898689270019531,0.18885326385498047,162.24482486689186,BACK_SAGGING,pushup_back_01.mp4,240
130.09876352638219,163.04077403764822,1.1911765632147897,0.21298590541630008,117.3008076966777,0.06270727515220642,0.18925920128822327,162.601589094102,BACK_SAGGING,pushup_back_01.mp4,243
136.3841916386914,164.51659812291496,1.2066663378939377,0.21658314915430338,118.36801766729612,0.053089797496795654,0.19057196378707886,163.79218410328622,BACK_SAGGING,pushup_back_01.mp4,246
140.68924786545588,165.84096947620571,1.2346595334422377,0.2216113450371597,120.33552061083275,0.04832020401954651,0.19126594066619873,167.8782102403143,BACK_SAGGING,pushup_back_01.mp4,249
144.58311458466625,166.99895391901455,1.254670266452737,0.22243681262107307,121.99061486661655,0.0426936149597168,0.1886531114578247,169.82453651483317,BACK_SAGGING,pushup_back_01.mp4,252
147.00188867826014,168.28874978414888,1.2754769622220337,0.2277511597077218,123.09939474201758,0.03922000527381897,0.19078916311264038,170.83474979231514,BACK_SAGGING,pushup_back_01.mp4,255
157.46838067984353,170.35178001980177,1.3135814380265354,0.22906283270240274,125.60425283045814,0.026031821966171265,0.18623709678649902,171.94208651868715,BACK_SAGGING,pushup_back_01.mp4,258
162.05983635774007,173.3947176963902,1.3264130543389805,0.229346440074957,125.97869677660238,0.01876160502433777,0.18559101223945618,166.21340716517363,BACK_SAGGING,pushup_back_01.mp4,261
166.4407046679113,176.69849775043429,1.3266453033445644,0.22500000058399933,125.82850649097966,0.010411709547042847,0.18241962790489197,161.69886577571123,BACK_SAGGING,pushup_back_01.mp4,264
167.91242984258008,177.94295393013488,1.310733498061035,0.22007359689022177,124.06072516807374,0.008351564407348633,0.18231496214866638,165.98752384331112,BACK_SAGGING,pushup_back_01.mp4,267
168.3166280850261,174.6890248707184,1.2927986461667933,0.214612690886802,122.1807732766502,0.008196324110031128,0.18163880705833435,164.17395191946272,BACK_SAGGING,pushup_back_01.mp4,270
167.495609607175,173.0226503310535,1.2923945453587442,0.21165249218267365,121.9358548917773,0.00902646780014038,0.1796136498451233,164.9897912381069,BACK_SAGGING,pushup_back_01.mp4,273
167.23192720193927,172.01435023569425,1.2770084647726883,0.20994111060909987,120.73365251302678,0.008850276470184326,0.18045231699943542,169.8023739561774,BACK_SAGGING,pushup_back_01.mp4,276
166.3365707569177,170.428416373503,1.2489945930106592,0.20624007764272456,118.3223637557835,0.009656965732574463,0.18154898285865784,167.02622488977033,BACK_SAGGING,pushup_back_01.mp4,279
165.64526687637817,171.55812210811715,1.2470369888921367,0.20683258485759884,118.27479750626838,0.010985344648361206,0.18215197324752808,171.4585712319589,BACK_SAGGING,pushup_back_01.mp4,282
163.15273648328022,173.49729567292277,1.2528756225075106,0.20889601374498154,118.9512563172412,0.014622390270233154,0.18278798460960388,173.17894283985595,BACK_SAGGING,pushup_back_01.mp4,285
160.21792167794317,175.17262986754523,1.2378214941388999,0.20919449824493364,118.03653516867914,0.020104646682739258,0.18464261293411255,175.7234962170756,BACK_SAGGING,pushup_back_01.mp4,288
157.9165056925151,176.96250156859458,1.2449511727803702,0.2125710211166943,119.85632427971171,0.022999197244644165,0.1843549907207489,174.6062285873777,BACK_SAGGING,pushup_back_01.mp4,291
153.18149330434144,174.62815423347726,1.2242055802595617,0.2114931961161343,118.60940085756722,0.02866944670677185,0.1856682002544403,158.70559067552483,BACK_SAGGING,pushup_back_01.mp4,294
146.24947913992634,170.61118843282446,1.220368481373303,0.21190468916862246,118.94182241482702,0.03596106171607971,0.18543756008148193,164.4483235386451,BACK_SAGGING,pushup_back_01.mp4,297
141.60716921398387,167.55305520739347,1.214750146349567,0.21258486295171783,118.96160823321502,0.04106879234313965,0.18599724769592285,166.47971400816783,BACK_SAGGING,pushup_back_01.mp4,300
139.75861010279712,162.474581300392,1.2134061804087801,0.2133748314137032,119.62546745556332,0.04054024815559387,0.18547865748405457,167.42120012378177,BACK_SAGGING,pushup_back_01.mp4,303
128.6867976122272,157.60580140727944,1.2082102359698284,0.213819872012557,119.7071326573928,0.05204370617866516,0.18571466207504272,162.55556638265853,BACK_SAGGING,pushup_back_01.mp4,306
126.09853749502737,153.39742615430683,1.2097217313012854,0.21470960540288828,120.37421270492926,0.05436268448829651,0.1852358877658844,165.1472245120606,BACK_SAGGING,pushup_back_01.mp4,309
123.53971807291195,149.76389602542662,1.2068892007261443,0.2162269651517897,120.24679006581833,0.056049644947052,0.1867876946926117,167.67510336553048,BACK_SAGGING,pushup_back_01.mp4,312
124.83519783356769,148.8403130010312,1.2027490028530627,0.21312603385015774,120.35254033879279,0.05633005499839783,0.18391042947769165,168.4068243798671,BACK_SAGGING,pushup_back_01.mp4,315
122.24170096064343,150.90891858497764,1.1978325632404225,0.21112685030994616,120.04585766238355,0.061640262603759766,0.1827537715435028,164.25010727048425,BACK_SAGGING,pushup_back_01.mp4,318
121.48109656077055,151.66530937572304,1.1972352772076666,0.21125297379203,119.96186783058369,0.06216555833816528,0.1830178201198578,165.0209529846584,BACK_SAGGING,pushup_back_01.mp4,321
123.82511647796939,154.97258654321388,1.1919474146556488,0.209511622537788,119.11673355269382,0.0605277419090271,0.18303295969963074,165.51052125662977,BACK_SAGGING,pushup_back_01.mp4,324
123.56257266577273,158.30540138719635,1.1832091624109609,0.2070235911753644,117.85708790791361,0.06031849980354309,0.183030366897583,162.81029868301957,BACK_SAGGING,pushup_back_01.mp4,327
125.0204405798704,162.8639120849142,1.1829955372624217,0.20696453120924807,117.04450453243815,0.05784815549850464,0.18433138728141785,161.98656303036876,BACK_SAGGING,pushup_back_01.mp4,330
127.43850553594271,168.69956518026308,1.1799233608068849,0.207413638102935,115.73256874402334,0.056217044591903687,0.1868424117565155,168.4738695612974,BACK_SAGGING,pushup_back_01.mp4,333
138.95077360213395,170.85897726514034,1.2073154372921493,0.2137897229486034,117.60631305238653,0.04672795534133911,0.18944787979125977,168.05683976953242,BACK_SAGGING,pushup_back_01.mp4,336
146.17333130647705,172.43136254316377,1.2295915671631354,0.21727396383692557,119.10018491619071,0.04131603240966797,0.18984490633010864,168.21281385182624,BACK_SAGGING,pushup_back_01.mp4,339
151.45058183956087,177.11702784482202,1.2328385019787107,0.21581688319218237,118.76722042988975,0.034650951623916626,0.18917858600616455,163.79656657181656,BACK_SAGGING,pushup_back_01.mp4,342
155.90980242775404,176.54556557746898,1.218222472021109,0.21181974288659122,116.70506586827847,0.030322670936584473,0.1892230212688446,163.56738207284602,BACK_SAGGING,pushup_back_01.mp4,345
161.9496962601833,172.16675306638885,1.2154818879098868,0.20810819638791814,115.91588378463202,0.02169671654701233,0.18717801570892334,164.17664797128484,BACK_SAGGING,pushup_back_01.mp4,348
166.78845931799611,170.22147635277773,1.2246531641922258,0.2033392896992146,116.6102826877109,0.01261526346206665,0.18179810047149658,165.92986773926268,BACK_SAGGING,pushup_back_01.mp4,351
166.50306873609418,169.8860906330961,1.228453663064909,0.20408378435552682,116.78902838826637,0.013304173946380615,0.18217763304710388,169.5056288729048,BACK_SAGGING,pushup_back_01.mp4,354
167.22202667870692,164.22068461448345,1.200729322012395,0.19970847563017055,113.60411441642552,0.012512803077697754,0.1829979121685028,173.50082591500657,BACK_SAGGING,pushup_back_01.mp4,357
168.39899377213405,162.77092489410754,1.1952015693626805,0.19853781459301753,112.82318012643498,0.009610146284103394,0.18299192190170288,173.69791474204146,BACK_SAGGING,pushup_back_01.mp4,360
167.49965225318556,163.89010883115625,1.2027962607971738,0.20026280657483814,113.52922624884829,0.01083710789680481,0.18361052870750427,173.86487083490255,BACK_SAGGING,pushup_back_01.mp4,363
167.0710440125163,167.55400389657936,1.2140048463638904,0.20237800795094413,115.0360523016062,0.011212766170501709,0.18336093425750732,175.05505450747037,BACK_SAGGING,pushup_back_01.mp4,366
165.0479605042117,171.37495322572096,1.2265204527281994,0.2060082678568711,116.64727804554305,0.01425662636756897,0.18412473797798157,171.33064259883184,BACK_SAGGING,pushup_back_01.mp4,369
161.11371069588697,177.89224688259748,1.2403741859700421,0.21281422801686517,118.63188451621494,0.022243589162826538,0.1867879331111908,162.42776093964181,BACK_SAGGING,pushup_back_01.mp4,372
155.6979940228362,171.86705775837143,1.2446829966365067,0.21799631180490667,120.35412008269378,0.029279977083206177,0.1881101131439209,156.7933981997433,BACK_SAGGING,pushup_back_01.mp4,375
148.23111488569901,169.41383324209207,1.2255451787889302,0.21800554547104298,118.99915483807065,0.03882405161857605,0.19067081809043884,160.76354325079254,BACK_SAGGING,pushup_back_01.mp4,378
140.39907988729502,166.35712795042042,1.2232103338236233,0.22046800568820396,118.995293866122,0.04833844304084778,0.19283175468444824,160.75530730265058,BACK_SAGGING,pushup_back_01.mp4,381
133.2662988088308,163.19674300736494,1.208442784796367,0.21773684518107767,118.43063331811798,0.05359292030334473,0.19147393107414246,161.40745673566434,BACK_SAGGING,pushup_back_01.mp4,384
123.65491893834093,159.45141329088085,1.2017750428457814,0.21719611653294973,118.32921032525523,0.06593024730682373,0.19118118286132812,159.7512350766004,BACK_SAGGING,pushup_back_01.mp4,387
118.20790047787452,159.21011964105512,1.1822443650995134,0.21255228854791777,116.69870600425644,0.07323116064071655,0.18988803029060364,156.64756863274266,BACK_SAGGING,pushup_back_01.mp4,390
119.83665643772738,158.08432480745367,1.175481786936812,0.21249461490296032,116.09171664160846,0.07903853058815002,0.19083738327026367,154.3834872532935,BACK_SAGGING,pushup_back_01.mp4,393
115.16104595083442,154.22953398178097,1.1753756823224366,0.21314283315643084,116.27945259781526,0.0794709324836731,0.19111132621765137,152.91352142058557,BACK_SAGGING,pushup_back_01.mp4,396
119.07237904374753,154.07230694344912,1.1709644052006067,0.2113820897963811,115.98958813238998,0.08119818568229675,0.1900036633014679,155.15158386696257,BACK_SAGGING,pushup_back_01.mp4,399
115.17491513457612,154.4101560022499,1.1797049388121474,0.2134614014462545,116.79007124401993,0.07933086156845093,0.19054701924324036,154.48819146931945,BACK_SAGGING,pushup_back_01.mp4,402
119.53371432249212,156.4367070671932,1.1804221338478835,0.21208229622785665,116.75069414803022,0.0684504508972168,0.18938159942626953,152.32329042938792,BACK_SAGGING,pushup_back_01.mp4,405
123.22888630637722,158.89301279369678,1.1764820733156307,0.2113542763814905,116.18226893490304,0.06513020396232605,0.18966609239578247,157.05366870478292,BACK_SAGGING,pushup_back_01.mp4,408
132.99183424222784,161.32592695484414,1.1917075079163268,0.214312374661311,117.41799511561116,0.0585671067237854,0.19023644924163818,162.2497878884896,BACK_SAGGING,pushup_back_01.mp4,411
142.1148566003059,163.76166023216112,1.20879621541856,0.21714466478421174,118.48942458885614,0.050901561975479126,0.1908469796180725,165.2473649942204,BACK_SAGGING,pushup_back_01.mp4,414
148.00577478070667,169.0817329650652,1.2203765544785308,0.21827372203307505,118.70169083013046,0.046556949615478516,0.1914522349834442,165.68507313585772,BACK_SAGGING,pushup_back_01.mp4,417
151.6995364595614,172.48549093321176,1.2242529397360986,0.21891237374448275,118.45722598244113,0.04136258363723755,0.19245928525924683,166.08798215212076,BACK_SAGGING,pushup_back_01.mp4,420
156.2865083291026,178.31852710591843,1.2326617173231034,0.21576307515651835,118.57703187579946,0.034752875566482544,0.18947508931159973,165.64772443734674,BACK_SAGGING,pushup_back_01.mp4,423
161.42096097034997,177.05747404428035,1.2289042848345262,0.2085420744227255,118.01873428275692,0.026079297065734863,0.18409720063209534,164.11784595908026,BACK_SAGGING,pushup_back_01.mp4,426
166.33776792418453,173.88082770266394,1.2273823136117032,0.20082647791948702,118.02205108310851,0.01571977138519287,0.177280455827713,161.76981868692812,BACK_SAGGING,pushup_back_01.mp4,429
167.1930279937696,170.8200387244124,1.215683311625813,0.19837211418507492,116.39180182376097,0.013964176177978516,0.1776946485042572,163.03870885913867,BACK_SAGGING,pushup_back_01.mp4,432
167.64591824889584,170.93024755286598,1.2227816227792734,0.20001726591524854,116.69695342092575,0.012843489646911621,0.17869222164154053,164.949899648923,BACK_SAGGING,pushup_back_01.mp4,435
167.36187713000882,171.58126505425219,1.2291432264152393,0.20098455417743838,117.36936315136928,0.010520756244659424,0.1784842312335968,167.88262897385061,BACK_SAGGING,pushup_back_01.mp4,438
166.73903933419066,173.60974285665944,1.2273301956478535,0.20190931158648964,117.36955233553499,0.011938393115997314,0.17930516600608826,168.553203417138,BACK_SAGGING,pushup_back_01.mp4,441
166.2389532399724,175.9329557311802,1.2361140701031208,0.20481559495848997,118.26849879057357,0.013153254985809326,0.18038630485534668,168.53247484601948,BACK_SAGGING,pushup_back_01.mp4,444
165.69500098968498,178.016812981167,1.2629820352058871,0.20971770794584538,121.32430289429121,0.014245331287384033,0.17914575338363647,171.4534999938615,BACK_SAGGING,pushup_back_01.mp4,447
164.45625256960219,164.83777832006504,1.3213029232556888,0.2230727909051134,127.41049311018078,0.015486419200897217,0.17718282341957092,161.40036906863793,BACK_SAGGING,pushup_back_01.mp4,450
163.80682999234438,159.20988293920448,1.3415293410498283,0.2273974169874446,129.5932783332394,0.016760706901550293,0.1752244532108307,153.34561913163193,BACK_SAGGING,pushup_back_01.mp4,453
162.90300953768565,153.89747402146847,1.3686602461769115,0.23413749354512609,132.05912080038718,0.017761707305908203,0.17383027076721191,158.55454136397722,BACK_SAGGING,pushup_back_01.mp4,456
160.1817718339444,146.70866703036498,1.39825802037154,0.24098423065890223,134.70940904390915,0.01952245831489563,0.1712566614151001,157.65235930564455,BACK_SAGGING,pushup_back_01.mp4,459
156.99447666878382,141.81490039907536,1.4249904344857418,0.24489219167119788,137.3215198055463,0.022238940000534058,0.16600042581558228,148.22241663043252,BACK_SAGGING,pushup_back_01.mp4,462
156.6313762189884,139.20955359893813,1.4549453514340693,0.252755494933133,139.48670675959644,0.022569239139556885,0.1641872525215149,149.6535880852263,BACK_SAGGING,pushup_back_01.mp4,465
156.47477175556716,134.1372705929442,1.4739483878238984,0.25777414041023783,140.80039662142292,0.02272823452949524,0.16290992498397827,145.1714815135936,BACK_SAGGING,pushup_back_01.mp4,468
157.2093019724509,131.5690903327751,1.4904694457982,0.25955518748011003,142.10113409896854,0.021975398063659668,0.1594267189502716,139.13103979533003,BACK_SAGGING,pushup_back_01.mp4,471
157.8930945467752,133.59167721263273,1.4765813146782736,0.2538909924775707,141.22264558678876,0.021053344011306763,0.15900114178657532,137.90350623128015,BACK_SAGGING,pushup_back_01.mp4,474
161.10595164909913,134.70444853506595,1.4730177658109544,0.2531847596615113,140.69231767565324,0.017010271549224854,0.16037920117378235,138.5146355437852,BACK_SAGGING,pushup_back_01.mp4,477
166.14196109844906,146.07412043488372,1.4267288264246678,0.24274704341028544,136.2760398701106,0.011440247297286987,0.1677754819393158,140.55447659278013,BACK_SAGGING,pushup_back_01.mp4,480
167.90858762081237,152.83978457562654,1.4152161970853254,0.2387009459012035,134.31342575728917,0.010283172130584717,0.1707906424999237,148.3873319165406,BACK_SAGGING,pushup_back_01.mp4,483
168.1669262801146,161.0120663730987,1.3766743902537,0.23160145749070032,130.6583725554107,0.009776532649993896,0.17568910121917725,156.57573074440202,BACK_SAGGING,pushup_back_01.mp4,486
168.22336133905236,168.78651946545173,1.3512889917906943,0.226353158208743,127.86588580143632,0.009055018424987793,0.17868965864181519,158.94065371744057,BACK_SAGGING,pushup_back_01.mp4,489
166.65114993853322,178.10441640770424,1.317956072665734,0.21758392534172458,124.42318071040117,0.012352317571640015,0.17947781085968018,164.59394522949069,BACK_SAGGING,pushup_back_01.mp4,492
166.89408859354887,174.21669944412739,1.2842479620197267,0.21336123693736592,121.00169743923969,0.009695112705230713,0.18287992477416992,167.83505982544216,BACK_SAGGING,pushup_back_01.mp4,495
166.77199756601186,168.05867479137459,1.2444097194506254,0.20607977797216687,117.44750040280103,0.009271770715713501,0.1828797161579132,170.34577338332778,BACK_SAGGING,pushup_back_01.mp4,498
167.95370334960987,165.77842730714673,1.2253880539846682,0.20218020979877455,115.75597576021764,0.008287280797958374,0.1820921003818512,170.74971854522136,BACK_SAGGING,pushup_back_01.mp4,501
166.37483605929447,166.62542204362026,1.2243285062601832,0.20217411684527425,115.87581780463799,0.010271191596984863,0.1819024384021759,172.33709486499617,BACK_SAGGING,pushup_back_01.mp4,504
164.38195816808252,166.21805094382393,1.1939306961889276,0.19962296340798066,113.36982334756568,0.01487499475479126,0.18324491381645203,172.66971501550864,BACK_SAGGING,pushup_back_01.mp4,507
162.16042751958744,164.43032293375077,1.1692465798561946,0.19988745107669004,110.74280387674455,0.021204233169555664,0.1869293451309204,163.36941206077893,BACK_SAGGING,pushup_back_01.mp4,510
155.19620479124308,177.01891903351472,1.210676302003281,0.20857141825679926,115.93953122573451,0.031110495328903198,0.18755701184272766,158.5637246593238,BACK_SAGGING,pushup_back_01.mp4,513
151.16312798367736,169.76030543754996,1.258871371266111,0.21804603042864304,121.71682872571174,0.03555116057395935,0.185479074716568,159.24708486713087,BACK_SAGGING,pushup_back_01.mp4,516
151.36577657400213,162.16882779465243,1.3000536428874716,0.22430718043985845,126.02940029387958,0.03571581840515137,0.18139636516571045,158.9839032500606,BACK_SAGGING,pushup_back_01.mp4,519
150.1916005244883,154.42249648561005,1.3351918540374579,0.23263541807776847,129.7851875960176,0.037922054529190063,0.17876312136650085,160.02634217471768,BACK_SAGGING,pushup_back_01.mp4,522
153.89652165744093,147.02504845736044,1.3755902507677757,0.24136646984291243,133.1911756159582,0.03325799107551575,0.17596760392189026,152.31482927009094,BACK_SAGGING,pushup_back_01.mp4,525
154.94472636911465,142.88948623159993,1.3970634121675476,0.24538961910203289,135.2568768732275,0.0309029221534729,0.17272982001304626,152.79501414204302,BACK_SAGGING,pushup_back_01.mp4,528
156.94803016822704,138.352891018278,1.4278443665058884,0.25288729253150677,137.3713983502168,0.027983874082565308,0.17125824093818665,149.17202107499628,BACK_SAGGING,pushup_back_01.mp4,531
158.85539618130298,133.02348556195668,1.4570601972013084,0.25852317647476813,139.57344562928654,0.023644864559173584,0.16763630509376526,144.62949099861925,BACK_SAGGING,pushup_back_01.mp4,534
160.924497893471,133.47067838317264,1.4628543499166327,0.2543390227436682,140.2198981149627,0.02122756838798523,0.16272777318954468,141.4491055504018,BACK_SAGGING,pushup_back_01.mp4,537
163.6065829779877,133.8068202936885,1.4651542800288995,0.251699062637223,140.84140639279497,0.0169389545917511,0.15893065929412842,142.73651418308478,BACK_SAGGING,pushup_back_01.mp4,540
165.22258121967798,134.74198264347558,1.4731982120811833,0.2519215209459798,141.01891065472478,0.014343202114105225,0.15846511721611023,141.75996301996145,BACK_SAGGING,pushup_back_01.mp4,543
166.250459914719,139.11682723379144,1.465157538970339,0.24807968953413617,140.0012574436548,0.01377195119857788,0.1594492495059967,138.85827253184928,BACK_SAGGING,pushup_back_01.mp4,546
164.90752377906242,146.90724110077164,1.443416207411534,0.2416672894969869,137.53719516032194,0.016306757926940918,0.1631442904472351,148.53852217681998,BACK_SAGGING,pushup_back_01.mp4,549
158.67117014446083,151.5754209647418,1.4382851526350562,0.24154351362017304,135.96780723017648,0.028177767992019653,0.16788038611412048,151.25933762916097,BACK_SAGGING,pushup_back_01.mp4,552
158.61798725630786,156.97550372853476,1.4176443064313322,0.23869884250402246,133.62264445390633,0.02770933508872986,0.17278733849525452,157.11648065190758,BACK_SAGGING,pushup_back_01.mp4,555
157.8792837685035,161.2817462748015,1.411251235600116,0.23777960074362975,132.27965201926318,0.02671751379966736,0.17591989040374756,161.74858542089297,BACK_SAGGING,pushup_back_01.mp4,558
158.30375495379013,163.7552766655981,1.401560468100408,0.2376606682260715,130.8609138222078,0.024992376565933228,0.17973709106445312,164.18173946143713,BACK_SAGGING,pushup_back_01.mp4,561
159.5532895631555,165.7890134653559,1.3969216452279254,0.2381895716780646,130.3148601450504,0.02174687385559082,0.18161419034004211,166.98506261009877,BACK_SAGGING,pushup_back_01.mp4,564
160.21600586515828,166.9595763845123,1.3936027282734746,0.2361095540113446,130.42247522003856,0.021084874868392944,0.17974090576171875,166.45419405441942,BACK_SAGGING,pushup_back_01.mp4,567
159.61284367478456,170.03210703957862,1.3829218282353766,0.23268010132165223,129.87170845792156,0.02169516682624817,0.1785723865032196,167.169525399673,BACK_SAGGING,pushup_back_01.mp4,570
159.6731376313612,170.79689184070529,1.370875160812592,0.22977004325525727,129.28935617265057,0.021304547786712646,0.1778271496295929,165.17025405949556,BACK_SAGGING,pushup_back_01.mp4,573
160.08353642451496,169.63814009123723,1.362645509481457,0.22784855138265117,129.3196564416856,0.02048778533935547,0.17626366019248962,159.37536035607752,BACK_SAGGING,pushup_back_01.mp4,576
160.27335619879625,164.21533517626364,1.3886605816475455,0.23140078103258868,132.19737511315648,0.019938260316848755,0.1714237928390503,161.30951154458262,BACK_SAGGING,pushup_back_01.mp4,579
160.67103082661222,158.44529887802545,1.4019561719561942,0.23011785535945062,134.56501594252902,0.01926615834236145,0.1639416217803955,155.66987807119645,BACK_SAGGING,pushup_back_01.mp4,582
163.83683463275008,153.66841374836164,1.427490399368826,0.237665791814534,136.53098711030827,0.015761733055114746,0.1634974181652069,152.36468191872427,BACK_SAGGING,pushup_back_01.mp4,585
164.28295701255675,148.27896618276284,1.4388823062192153,0.24304438261177685,137.88099077453927,0.015005111694335938,0.16299504041671753,150.50622350639108,BACK_SAGGING,pushup_back_01.mp4,588
163.61980117116352,144.4478289050569,1.45254661419233,0.2473551735166871,139.15753101906645,0.014951139688491821,0.1617569625377655,150.2380230117183,BACK_SAGGING,pushup_back_01.mp4,591
163.60637115006955,139.58700655049262,1.4707890864547875,0.25251059695471617,140.66636740090246,0.0147305428981781,0.16004061698913574,145.45471274226313,BACK_SAGGING,pushup_back_01.mp4,594
163.24860698675803,133.5378592007396,1.4883508467597244,0.2575932771534346,142.576729924799,0.014819830656051636,0.15652865171432495,147.57651505433097,BACK_SAGGING,pushup_back_01.mp4,597
163.26651352916323,131.59214583400262,1.4866895185840556,0.2544850649252231,143.07445045809138,0.013676345348358154,0.152878075838089,138.1152661135725,BACK_SAGGING,pushup_back_01.mp4,600
168.45595790631106,130.6969074281833,1.4917722359364314,0.25393641823042656,143.94487096800648,0.01569211483001709,0.14944657683372498,136.68492402674434,BACK_SAGGING,pushup_back_01.mp4,603
168.08745568992734,130.50970387120637,1.4940382652056012,0.2526762434094208,144.41903437906083,0.013291805982589722,0.147009015083313,139.13092083107256,BACK_SAGGING,pushup_back_01.mp4,606
167.84938018009495,131.7045264199416,1.4926774633966684,0.25204719252533825,144.07732413901417,0.012956976890563965,0.14786311984062195,139.28007321345694,BACK_SAGGING,pushup_back_01.mp4,609
168.8625082333906,131.4287709635102,1.488663772171801,0.2508399035683214,143.77798451327962,0.011680066585540771,0.1482142210006714,137.39496307117062,BACK_SAGGING,pushup_back_01.mp4,612
170.2537620463704,131.27719895293927,1.489456426786651,0.25090735940307346,143.6397504994029,0.009519129991531372,0.14874207973480225,141.06900255238048,BACK_SAGGING,pushup_back_01.mp4,615
168.92027734100557,133.84023360509244,1.4837516151517716,0.2479515420648842,142.7966269448125,0.008777737617492676,0.14991241693496704,140.5136765287722,BACK_SAGGING,pushup_back_01.mp4,618
166.9390991430657,140.20158002623106,1.4676794681201961,0.2430936830504524,140.81070519829717,0.01153072714805603,0.1535976231098175,141.522336517033,BACK_SAGGING,pushup_back_01.mp4,621
166.92540650091135,144.98401377414888,1.4492931520621997,0.24060928318591007,138.52122911251985,0.011583954095840454,0.15935727953910828,140.8673003991621,BACK_SAGGING,pushup_back_01.mp4,624
167.04948227534396,150.440461236492,1.4295894816778094,0.23977854520211053,135.81961369148223,0.011077076196670532,0.1670989990234375,143.73893670781857,BACK_SAGGING,pushup_back_01.mp4,627
166.76904910734942,156.11196616743518,1.4130630014390013,0.23834683007545632,133.63798422619294,0.009820729494094849,0.1724884808063507,149.88927080458208,BACK_SAGGING,pushup_back_01.mp4,630
165.4942988039974,161.58284990377942,1.3845889847218764,0.23321575781058174,130.8522244799332,0.00907963514328003,0.17639854550361633,154.9311325304336,BACK_SAGGING,pushup_back_01.mp4,633
166.70061152024428,167.7885351640334,1.362921549585869,0.23059642619048926,128.3362677872546,0.00695490837097168,0.18087121844291687,156.9791678159142,BACK_SAGGING,pushup_back_01.mp4,636
167.5414767105403,175.3282688221126,1.3302009292551735,0.22498201556905478,125.3368034790204,0.004795193672180176,0.18352863192558289,157.5943397695395,BACK_SAGGING,pushup_back_01.mp4,639
167.66932677136472,176.590013903711,1.2988567841557066,0.22070042739057513,122.46549302360428,0.004135459661483765,0.18620482087135315,158.89666524643482,BACK_SAGGING,pushup_back_01.mp4,642
168.3309458788044,173.34927940870628,1.2573489440263768,0.20990687617015177,119.40443440656367,0.002392888069152832,0.1828630268573761,157.56096705526002,BACK_SAGGING,pushup_back_01.mp4,645
169.53198783563784,168.0476134902635,1.221026815220716,0.20240685850792794,115.93583585011896,0.000256955623626709,0.1820192039012909,159.39922850253367,BACK_SAGGING,pushup_back_01.mp4,648
170.20482872102474,167.8557128262333,1.2191810624971493,0.2017947624361902,115.78696451850276,0.001015305519104004,0.18169748783111572,161.03446413451428,BACK_SAGGING,pushup_back_01.mp4,651
170.88618966950452,165.79386660523488,1.2117345967815316,0.20046679462414338,115.050012572469,0.0029971301555633545,0.18160861730575562,163.3735582506723,BACK_SAGGING,pushup_back_01.mp4,654
171.8510534264585,164.54496902566618,1.2045518507739659,0.20023340644002974,114.35967820035698,0.005554020404815674,0.18240559101104736,166.61502031727275,BACK_SAGGING,pushup_back_01.mp4,657
171.98183933729175,164.04416761018496,1.2019465821605375,0.1995708943682462,114.1433085174166,0.005814611911773682,0.18211165070533752,165.0379957038871,BACK_SAGGING,pushup_back_01.mp4,660
171.69830654658514,163.91032658119602,1.1951484090962252,0.19743887683976666,113.68480890228146,0.005472362041473389,0.18080666661262512,163.29830649626734,BACK_SAGGING,pushup_back_01.mp4,663
170.71969724746876,163.19512432663552,1.1855099167533145,0.195203114039425,112.92833694883845,0.0041144490242004395,0.1797790229320526,162.4906077114228,BACK_SAGGING,pushup_back_01.mp4,666
170.01610323389428,160.32521871039475,1.1699636809896392,0.19590320877781237,111.08003392465145,0.003821134567260742,0.18279176950454712,163.81251418112103,BACK_SAGGING,pushup_back_01.mp4,669
169.38749394133495,160.08200078320732,1.1665092866391267,0.1956141480092434,110.7442630558357,0.002648860216140747,0.18293127417564392,166.11562274940894,BACK_SAGGING,pushup_back_01.mp4,672
169.04100224561958,159.53622430414268,1.1632337087831324,0.19470432644142846,110.51134811294655,0.0019322037696838379,0.18235930800437927,165.06672918055384,BACK_SAGGING,pushup_back_01.mp4,675
168.77877644761045,159.842720166495,1.1665867167308834,0.19526313949701887,110.87119184435994,6.240606307983398e-05,0.1824493408203125,163.82056615431546,BACK_SAGGING,pushup_back_01.mp4,678
168.69089537784922,160.37076621451848,1.170036381335697,0.19548102163501405,111.28447376931341,0.00018084049224853516,0.18214577436447144,163.32084059560097,BACK_SAGGING,pushup_back_01.mp4,681
168.5423873483712,165.17688359786533,1.196128381254667,0.19967074817769642,114.24615643434518,0.00034168362617492676,0.18205586075782776,160.27975817119474,BACK_SAGGING,pushup_back_01.mp4,684
166.62571303209208,170.90035783607334,1.2109152873196258,0.20317278735665187,116.39078009380702,0.0029312074184417725,0.18199658393859863,155.44558537283316,BACK_SAGGING,pushup_back_01.mp4,687
163.10374457152358,175.13150998360842,1.2236971416119715,0.20674454481392146,118.10912239133111,0.00996372103691101,0.18235689401626587,144.9779882033809,BACK_SAGGING,pushup_back_01.mp4,690
159.6398796837346,178.50208347017679,1.2424936989620614,0.21075803358487394,120.7995246929096,0.014596730470657349,0.1810305416584015,142.9900515250567,BACK_SAGGING,pushup_back_01.mp4,693
155.59095402034708,173.04226889250344,1.2529776800072803,0.21320800828060085,122.55780616799399,0.0191037654876709,0.17969870567321777,152.57267146192757,BACK_SAGGING,pushup_back_01.mp4,696
150.43528307213802,165.50611013317567,1.265739948860498,0.2157937299862937,124.34299959219135,0.02841770648956299,0.17817166447639465,150.3614710702069,BACK_SAGGING,pushup_back_01.mp4,699
149.2486806232189,161.43023368767837,1.2692329768452455,0.21956001464384478,124.69275729481079,0.030597776174545288,0.18052181601524353,154.89472704255562,BACK_SAGGING,pushup_back_01.mp4,702
146.83790788194403,155.7288244926295,1.2783497242596673,0.22276425966249924,126.22562153767984,0.03464826941490173,0.17969873547554016,156.93165397308607,BACK_SAGGING,pushup_back_01.mp4,705
144.0797076866403,149.92041993223194,1.2845357838686928,0.2258187051638228,127.42708191447562,0.036740899085998535,0.1793241798877716,156.6352708665686,BACK_SAGGING,pushup_back_01.mp4,708
142.23374256616296,147.1346726561395,1.2826629861143795,0.22517282715446252,127.9675648230495,0.03817102313041687,0.1775122582912445,151.17103261901278,BACK_SAGGING,pushup_back_01.mp4,711
142.23024716824284,144.30826704727585,1.2890083034763242,0.22534896206460484,129.16156440448313,0.03818228840827942,0.1747232973575592,152.5162120478134,BACK_SAGGING,pushup_back_01.mp4,714
141.2742580723852,143.77804910615748,1.292925333267756,0.22723545475664403,129.2479095698327,0.04014146327972412,0.17596954107284546,154.4571533012053,BACK_SAGGING,pushup_back_01.mp4,717
141.25234089297905,142.3077562379297,1.2938489166451803,0.22853095074847268,129.51097988678347,0.04050907492637634,0.17630699276924133,151.2355909044676,BACK_SAGGING,pushup_back_01.mp4,720
141.80550756006514,141.53368269562077,1.3069563014921872,0.23321998474085812,130.1877691436717,0.0407678484916687,0.1781591773033142,155.08435464135061,BACK_SAGGING,pushup_back_01.mp4,723
142.6655558014503,142.95497171880623,1.3035312479312053,0.22945389897576002,130.2037087398618,0.039891988039016724,0.17524093389511108,155.80201636345052,BACK_SAGGING,pushup_back_01.mp4,726
144.03441663396714,144.67429502684382,1.3006912660275107,0.22813259954186121,129.76991581220986,0.03936782479286194,0.17534184455871582,154.70155037739238,BACK_SAGGING,pushup_back_01.mp4,729
145.43278760888916,144.51021980651888,1.315060296134949,0.23132821632517708,130.61902364583725,0.0388064980506897,0.1755852997303009,154.35076952007276,BACK_SAGGING,pushup_back_01.mp4,732
147.19378156827204,140.64330908770265,1.3454505723683705,0.23845153105344405,132.50843727712015,0.038076579570770264,0.17577499151229858,152.5970496444655,BACK_SAGGING,pushup_back_01.mp4,735
150.95665876495002,140.15743236249673,1.3836751177827318,0.24749869764650465,134.2592432006252,0.03512212634086609,0.17724913358688354,152.3624139342218,BACK_SAGGING,pushup_back_01.mp4,738
155.218008114023,142.70024127373708,1.383560351171383,0.24437674029233425,133.66781449188886,0.02848532795906067,0.176764577627182,144.2913367865304,BACK_SAGGING,pushup_back_01.mp4,741
158.4899831992814,148.48192510154215,1.375483657924039,0.2390270342805936,132.57173503331023,0.024630993604660034,0.17602068185806274,144.52791392079473,BACK_SAGGING,pushup_back_01.mp4,744
163.1274821018497,151.68362616927848,1.3740645630268586,0.23620966262700452,132.1373868441969,0.01902329921722412,0.17515242099761963,147.0880045716469,BACK_SAGGING,pushup_back_01.mp4,747
164.92268496785337,155.4682465420199,1.3745036801829196,0.23574356197210095,131.59715889244777,0.016100823879241943,0.17629045248031616,155.53018451860277,BACK_SAGGING,pushup_back_01.mp4,750
167.21216133885065,157.67448375917124,1.37344796605222,0.2354581880893571,131.36195098117724,0.01005566120147705,0.1767173409461975,156.52750022640387,BACK_SAGGING,pushup_back_01.mp4,753
166.49455133154171,162.21497414507897,1.3607125850565263,0.23098389877092013,130.0434610740405,0.011362314224243164,0.1768258512020111,157.19260039640986,BACK_SAGGING,pushup_back_01.mp4,756
168.60441090313597,163.8630636916174,1.355562195769307,0.22874670385756216,129.85648311617328,0.0059850215911865234,0.1755925416946411,156.40675146525217,BACK_SAGGING,pushup_back_01.mp4,759
168.16241664297783,163.55956032207533,1.364364683273187,0.2293617657997554,130.68512722899877,0.005151689052581787,0.17392024397850037,156.02922616451056,BACK_SAGGING,pushup_back_01.mp4,762
168.14889764380803,163.93977294246432,1.3576132949626207,0.2271100232089422,130.41307064658116,0.005638331174850464,0.17291387915611267,155.35618734275758,BACK_SAGGING,pushup_back_01.mp4,765
169.0391856731998,164.3969340099333,1.354859063627328,0.22462675903734178,130.543779927371,0.003997713327407837,0.17069044709205627,156.4178159374422,BACK_SAGGING,pushup_back_01.mp4,768
170.67139348617002,163.2377532501371,1.3586868283485007,0.2252342196490659,131.00380714802296,0.0009629726409912109,0.16997089982032776,158.2878596174144,BACK_SAGGING,pushup_back_01.mp4,771
167.44634577896352,161.13891876664167,1.3562204136403757,0.22463137220249302,131.35213227010695,0.0034134984016418457,0.16861671209335327,161.43062036636988,BACK_SAGGING,pushup_back_01.mp4,774
163.64237182429292,155.48534015380278,1.3645560996553305,0.2292552772504693,132.6817347165179,0.007692694664001465,0.16852635145187378,162.62124911859516,BACK_SAGGING,pushup_back_01.mp4,777
160.38351043870273,152.35909735493027,1.3547432285769407,0.2277134082874209,132.84826424847856,0.011844515800476074,0.16694343090057373,154.3936349086283,BACK_SAGGING,pushup_back_01.mp4,780
158.3622775643981,148.53846889093296,1.339684405324914,0.2227202486904108,133.25430845111603,0.012357115745544434,0.1622050404548645,149.22863756230802,BACK_SAGGING,pushup_back_01.mp4,783
156.01953092348091,145.49153810438975,1.3229648552544782,0.22036315994260028,132.82146075458448,0.015312135219573975,0.16162464022636414,148.21395397050404,BACK_SAGGING,pushup_back_01.mp4,786
152.26684388360803,145.2696102521186,1.3013067550595847,0.21537701682125907,131.50249465055697,0.021854907274246216,0.16129577159881592,149.69813032303009,BACK_SAGGING,pushup_back_01.mp4,789
150.34433359627764,144.0307399985393,1.2881062989900396,0.21512885093565734,130.29304729620003,0.023446738719940186,0.1640833616256714,146.05050810032802,BACK_SAGGING,pushup_back_01.mp4,792
148.5282707544876,143.97969131876332,1.287248861914981,0.21509458348066093,130.21584329328613,0.026484578847885132,0.16424453258514404,147.44730109196794,BACK_SAGGING,pushup_back_01.mp4,795
149.1060339856605,145.87377580837992,1.2848013415739499,0.21430855700423046,129.81967681179853,0.026460111141204834,0.1645972728729248,147.93058241573098,BACK_SAGGING,pushup_back_01.mp4,798
151.1463005039638,146.91100062716916,1.2801050966560268,0.21223650964377339,129.49759248790232,0.025096267461776733,0.16376733779907227,148.19516588548206,BACK_SAGGING,pushup_back_01.mp4,801
151.70333085182233,146.97129732573225,1.2830507414399555,0.21331125492242917,129.54015290412602,0.024329274892807007,0.1644958257675171,148.63471558353947,BACK_SAGGING,pushup_back_01.mp4,804
151.85974122960184,146.78178040378347,1.2874862384039039,0.21464242677102655,129.7768221554286,0.024885475635528564,0.1649564802646637,149.2756747678723,BACK_SAGGING,pushup_back_01.mp4,807
151.50175303826657,147.66928474959084,1.2867038611887127,0.21460129970006933,129.53111410770353,0.024515897035598755,0.16551223397254944,151.6697228191164,BACK_SAGGING,pushup_back_01.mp4,810
152.4089283653676,150.76631221417375,1.2782267726936178,0.21456128281595424,128.14432980725013,0.023561447858810425,0.168738454580307,154.64236283935216,BACK_SAGGING,pushup_back_01.mp4,813
152.3312480135769,154.90158922014217,1.2653630216713414,0.21333496631695317,126.1798328842956,0.02360174059867859,0.17219287157058716,157.12674846620524,BACK_SAGGING,pushup_back_01.mp4,816
153.16903598841543,156.7698692802799,1.2659359205840814,0.21360083737516727,125.82994806567223,0.02284225821495056,0.17317435145378113,155.01546223241576,BACK_SAGGING,pushup_back_01.mp4,819
158.06808449450236,157.83492794435782,1.2882789029231296,0.21540478166427893,127.54883391430052,0.015412211418151855,0.17077559232711792,153.3115823170177,BACK_SAGGING,pushup_back_01.mp4,822
162.82030820841592,157.0958400944735,1.3064246658110465,0.2151426840322422,129.53344474630273,0.007434666156768799,0.16592422127723694,154.43362161217624,BACK_SAGGING,pushup_back_01.mp4,825
164.93672438119228,157.66656984675734,1.3307061579651942,0.21998500659993586,130.78715265396227,0.005288064479827881,0.16655415296554565,152.02410311900832,BACK_SAGGING,pushup_back_01.mp4,828
163.28936081325188,157.25494289179713,1.3723039016455008,0.2300131034697839,132.6626162662631,0.01002269983291626,0.16913548111915588,149.88654084511714,BACK_SAGGING,pushup_back_01.mp4,831
166.13091109204697,157.01419340710595,1.3838129862971185,0.2276156186203017,133.97202426012623,0.003999471664428711,0.16380345821380615,148.79973654797047,BACK_SAGGING,pushup_back_01.mp4,834
166.9917038812295,161.06184854035928,1.3710537318572997,0.2260742375551301,132.3364634754594,0.0020081698894500732,0.16710853576660156,154.3948573010913,BACK_SAGGING,pushup_back_01.mp4,837
167.57827957651295,162.04511371701392,1.379598231994315,0.22716633811932208,132.63171512676047,0.0012417435646057129,0.16712510585784912,153.6675755297947,BACK_SAGGING,pushup_back_01.mp4,840
168.64219576200853,165.14337128502527,1.3772390336139646,0.2267188322095006,131.75803561372996,0.0012354552745819092,0.16911813616752625,157.00645823138777,BACK_SAGGING,pushup_back_01.mp4,843
168.33880525206783,166.91499197318814,1.3746561806634747,0.2277799966374874,130.90515397017793,0.0010162889957427979,0.17214921116828918,158.17976020742515,BACK_SAGGING,pushup_back_01.mp4,846
167.19900340735387,169.11754712093636,1.3679973323853714,0.22379237807499164,130.49735942782638,0.0017750263214111328,0.17017421126365662,156.14959375798986,BACK_SAGGING,pushup_back_01.mp4,849
164.94935431291853,169.26966021452066,1.3796614424379483,0.2272933955053118,130.81081092932175,0.005649387836456299,0.17202630639076233,156.3306605373822,BACK_SAGGING,pushup_back_01.mp4,852
162.83530134415375,168.48617518486816,1.3795037427841401,0.22637942591259425,131.33376301790491,0.009071290493011475,0.1699768602848053,159.79448880292162,BACK_SAGGING,pushup_back_01.mp4,855
163.62615982918024,163.91052473068495,1.400330952171646,0.23099773989543773,133.33042907480817,0.0068794190883636475,0.1680232286453247,158.98391579303464,BACK_SAGGING,pushup_back_01.mp4,858
163.6960183820198,159.62962455306453,1.4141807128263146,0.2327304868411067,135.0910189879361,0.006933480501174927,0.16429656744003296,153.65804968454725,BACK_SAGGING,pushup_back_01.mp4,861
163.67868002651085,152.24359644533234,1.4483485935408722,0.24016199671339852,138.16714621710818,0.006365060806274414,0.1601700782775879,153.5745921569514,BACK_SAGGING,pushup_back_01.mp4,864
163.28266464985145,145.51897703655686,1.4706179307568592,0.2470112207447001,140.01037394114917,0.004927933216094971,0.1587323546409607,152.09228571300838,BACK_SAGGING,pushup_back_01.mp4,867
163.84450339836786,137.24855782302836,1.486111031519572,0.251961953600838,141.49738206184492,0.0037839114665985107,0.15684917569160461,140.18198315165583,BACK_SAGGING,pushup_back_01.mp4,870
162.41585827016706,131.8057020834809,1.494873695193412,0.25679626415258283,142.40453792892953,0.00578644871711731,0.15665659308433533,140.00446306474657,BACK_SAGGING,pushup_back_01.mp4,873
161.51841252714038,128.12694054111532,1.5127974034518377,0.26110464353781215,143.9119593058555,0.006818413734436035,0.1537867784500122,134.88265380232843,BACK_SAGGING,pushup_back_01.mp4,876
161.58495212357718,126.43118923945518,1.5185394538259886,0.260778345604516,144.9180998419356,0.007948428392410278,0.1498698592185974,128.03178417646762,BACK_SAGGING,pushup_back_01.mp4,879
161.58113495180243,125.64442937916255,1.5269185610934817,0.26206785021837065,145.8378315970145,0.007932931184768677,0.14714863896369934,125.89743554737622,BACK_SAGGING,pushup_back_01.mp4,882
161.95314076613917,126.99956611654181,1.522266916741782,0.25979822807058295,145.6296128353297,0.006803423166275024,0.14665454626083374,128.70168089032393,BACK_SAGGING,pushup_back_01.mp4,885
161.4982890539676,126.83519786600107,1.5164932538631148,0.25925735267486444,145.39071739189114,0.007128417491912842,0.1472403109073639,132.18388500236125,BACK_SAGGING,pushup_back_01.mp4,888
160.93687420399667,126.59770906059245,1.517152586261509,0.25920906687247847,145.49105538334948,0.008027821779251099,0.1468389928340912,132.86576509397014,BACK_SAGGING,pushup_back_01.mp4,891
160.97430784096554,126.8074353633808,1.5159209836808536,0.2582157750528577,145.5700332833575,0.007062852382659912,0.1459827721118927,134.36751384061904,BACK_SAGGING,pushup_back_01.mp4,894
161.1758492286624,126.4012239497048,1.519414684006515,0.25901457910113646,145.78838124737408,0.00466001033782959,0.14561906456947327,136.01512144497346,BACK_SAGGING,pushup_back_01.mp4,897
160.85429872762035,126.0979784565756,1.5232629046390715,0.26075336897759105,145.78439105342082,0.004611939191818237,0.14661172032356262,137.17153208430128,BACK_SAGGING,pushup_back_01.mp4,900
161.0216452789728,125.4795586134028,1.52551443716996,0.2619391099795858,145.51896744331665,0.0043569207191467285,0.14828047156333923,134.81915842694363,BACK_SAGGING,pushup_back_01.mp4,903
160.74580769378147,125.66443934710064,1.5274036060518639,0.2628690622877377,145.40807223860818,0.004562824964523315,0.1492261290550232,136.5884522702441,BACK_SAGGING,pushup_back_01.mp4,906
160.51236127512246,125.86737359228142,1.5359143213576174,0.2654139172312897,145.41824480173742,0.004127770662307739,0.1506321132183075,138.91516766325017,BACK_SAGGING,pushup_back_01.mp4,909
160.52362363350085,127.17514372535378,1.5312824601922357,0.2634836891635201,145.12211233873697,0.0022157132625579834,0.15065592527389526,140.72450417304145,BACK_SAGGING,pushup_back_01.mp4,912
160.81058926565683,129.1613374942481,1.5286109546563151,0.2642807327686573,144.2439419846838,0.0020605623722076416,0.15441733598709106,142.6067856838791,BACK_SAGGING,pushup_back_01.mp4,915
162.15651086677127,132.55930989274353,1.509041546449077,0.2578998709687382,143.13508603149143,0.0010336339473724365,0.1547113060951233,145.64342768682954,BACK_SAGGING,pushup_back_01.mp4,918
162.94681075318888,137.29834087772625,1.4851962646083645,0.2499622808009673,141.63809642323636,0.0006931126117706299,0.15512332320213318,147.4825033734369,BACK_SAGGING,pushup_back_01.mp4,921
164.00504153853893,143.34796193893945,1.4531113162232052,0.24130390548147929,139.29565729840172,9.655952453613281e-06,0.15735894441604614,145.69648690303964,BACK_SAGGING,pushup_back_01.mp4,924
165.57766382191298,148.9548317479771,1.425112795820282,0.23496437599289963,136.86830906169197,0.00012621283531188965,0.16063207387924194,145.67079057752696,BACK_SAGGING,pushup_back_01.mp4,927
167.05489256318813,153.42634299498906,1.4121150429562228,0.23274467841638918,135.24271641211828,0.0018809139728546143,0.16386952996253967,145.00453173149288,BACK_SAGGING,pushup_back_01.mp4,930
166.94342147528297,160.48849625338983,1.3866171173371804,0.2297108614898495,132.09905859689522,0.0007024109363555908,0.17043638229370117,150.34639725119527,BACK_SAGGING,pushup_back_01.mp4,933
167.69274700767903,164.37181516768433,1.3673586438674061,0.22571791461163354,130.35372070969854,4.76837158203125e-07,0.17200544476509094,157.52195522693725,BACK_SAGGING,pushup_back_01.mp4,936
167.64587081218986,172.95368386606094,1.326738895409307,0.21767971008851372,126.67919645614442,0.0027233660221099854,0.17457306385040283,167.3234855576728,BACK_SAGGING,pushup_back_01.mp4,939
166.55357113525972,176.67809534296688,1.2735601629515485,0.20989347179694248,121.23354396255158,0.007861435413360596,0.1794685423374176,165.9351058167331,BACK_SAGGING,pushup_back_01.mp4,942
165.26636067851734,169.69264507121866,1.2384750909706352,0.2066234316206524,117.399858341995,0.012613683938980103,0.18344131112098694,167.23650134996626,BACK_SAGGING,pushup_back_01.mp4,945
164.9609755900923,166.74944742565347,1.2175230832604618,0.20665641161886786,114.93304280221231,0.016254395246505737,0.18739429116249084,165.7970089714692,BACK_SAGGING,pushup_back_01.mp4,948
167.07101834900922,165.8167368685843,1.2026241341706065,0.20698037329313626,113.39740593591948,0.015458673238754272,0.18995919823646545,167.21970601018106,BACK_SAGGING,pushup_back_01.mp4,951
166.00657557229061,166.53401567477422,1.1956272564455201,0.2059283295088555,113.00204261982817,0.017737090587615967,0.18955349922180176,168.89345048071945,BACK_SAGGING,pushup_back_01.mp4,954
163.99360327586157,168.7278942948501,1.2035468548731043,0.2065421490287476,114.07494119571744,0.022838473320007324,0.18857377767562866,166.3790108976103,BACK_SAGGING,pushup_back_01.mp4,957
162.89604099779658,172.7985677997524,1.2123028418699606,0.2060959612930834,115.63460190912149,0.024340152740478516,0.18580815196037292,163.11543276399783,BACK_SAGGING,pushup_back_01.mp4,960
161.068355125324,177.69011371214498,1.2468447004675414,0.20975471590829278,120.21540115433622,0.02616053819656372,0.18125441670417786,159.099815951179,BACK_SAGGING,pushup_back_01.mp4,963
160.4972819237372,167.33243585532531,1.2856130355314783,0.21825311595204788,124.61575650834835,0.02628287672996521,0.17961406707763672,152.8432382520608,BACK_SAGGING,pushup_back_01.mp4,966
159.74986114980607,162.343703819454,1.3114327792752445,0.222026651027553,127.3363429720309,0.026618123054504395,0.17652630805969238,154.8086907204491,BACK_SAGGING,pushup_back_01.mp4,969
155.91852221554296,157.5269468653278,1.3270936247190799,0.2260247051262058,129.6049546058191,0.02952513098716736,0.17413729429244995,148.36834086151734,BACK_SAGGING,pushup_back_01.mp4,972
153.27283042859793,152.16663981978272,1.3493521240413426,0.23181236610515854,131.73276138040669,0.031954556703567505,0.17298582196235657,152.59579839561505,BACK_SAGGING,pushup_back_01.mp4,975
149.32773341357594,143.63669635730994,1.377746894581974,0.23755376560218489,135.06318534221705,0.03435713052749634,0.1677834391593933,155.5345925386824,BACK_SAGGING,pushup_back_01.mp4,978
149.23971405065944,136.7917179739477,1.4029139291482717,0.24280781324723225,137.88190302241546,0.03301578760147095,0.16283351182937622,152.39795620870547,BACK_SAGGING,pushup_back_01.mp4,981
146.68656391447877,132.1521566280792,1.3953600815701341,0.24146891778337645,138.6961235959136,0.034509748220443726,0.15937361121177673,154.90378745333902,BACK_SAGGING,pushup_back_01.mp4,984
146.8144755891763,130.9309244307527,1.4070433200134427,0.24465208555163154,139.512620751728,0.034858644008636475,0.1588389277458191,150.48881781542218,BACK_SAGGING,pushup_back_01.mp4,987
147.460293193155,130.69258683327874,1.4146204694917235,0.24613380493211384,139.9297370866061,0.03369545936584473,0.15843376517295837,151.59156680321462,BACK_SAGGING,pushup_back_01.mp4,990
151.27390678606608,131.40465853620577,1.416339007923033,0.2454606355818287,139.7325218445433,0.030164361000061035,0.1586461365222931,150.13665224869308,BACK_SAGGING,pushup_back_01.mp4,993
151.62754223934272,131.37285437506935,1.4165359117520926,0.24449000515778796,139.44968606699243,0.029949039220809937,0.15893787145614624,145.56251635622633,BACK_SAGGING,pushup_back_01.mp4,996
153.33948036190594,129.208019622885,1.4504912400916044,0.25190652915047934,140.94317010144977,0.02877679467201233,0.1587144434452057,143.96073824102422,BACK_SAGGING,pushup_back_01.mp4,999
158.73221814317498,135.97350345327155,1.4396652523759956,0.24818386604392778,139.02621783136107,0.02256140112876892,0.16272884607315063,141.25832341627734,BACK_SAGGING,pushup_back_01.mp4,1002
161.92656505238133,143.36989818216048,1.4077522636463662,0.23803374078277362,136.00283034773358,0.01868540048599243,0.1653362214565277,137.08969655813743,BACK_SAGGING,pushup_back_01.mp4,1005
165.07876933141821,150.962274981837,1.3851526766786497,0.23199403530643875,133.4841364240115,0.015115976333618164,0.1683202087879181,138.20142385394414,BACK_SAGGING,pushup_back_01.mp4,1008
168.99803289978516,156.83219343410735,1.3726087384162122,0.23004774165956432,131.60441947926643,0.009755253791809082,0.1720115840435028,143.6138978560699,BACK_SAGGING,pushup_back_01.mp4,1011
167.31199728990222,162.70177012631223,1.3600275025128508,0.22908450512237652,130.04865886535285,0.009819060564041138,0.175358384847641,148.69508371202244,BACK_SAGGING,pushup_back_01.mp4,1014
167.24102075952024,171.24923619588728,1.3276070027665383,0.222123476090325,126.75983541421218,0.009367257356643677,0.17794999480247498,156.59273230640733,BACK_SAGGING,pushup_back_01.mp4,1017
167.18551623908283,179.61136055016655,1.2873393910353161,0.21293927065960933,122.97817191133709,0.00944170355796814,0.17862653732299805,157.48492633113813,BACK_SAGGING,pushup_back_01.mp4,1020
167.50282929996195,175.97938321039354,1.267205228197529,0.21074463960078607,120.68182533492651,0.009780585765838623,0.18124035000801086,157.06281714214973,BACK_SAGGING,pushup_back_01.mp4,1023
167.40145293374061,172.6718244187684,1.2498468376921448,0.20595337421364107,119.07429916351857,0.012318253517150879,0.17999854683876038,158.25079773420688,BACK_SAGGING,pushup_back_01.mp4,1026
166.38801398141152,173.50727394923808,1.2562033924695781,0.21039796832884056,119.24179155207355,0.013856202363967896,0.18358337879180908,161.13993210155107,BACK_SAGGING,pushup_back_01.mp4,1029
164.4340442299052,176.36900913492772,1.2625062541733065,0.21077030187781656,120.07286272535573,0.016724586486816406,0.18239536881446838,159.8362143524091,BACK_SAGGING,pushup_back_01.mp4,1032
162.30383623627722,174.6212255852748,1.2366936460450442,0.206073571304715,118.17610690790752,0.018598735332489014,0.18165141344070435,160.22585161664827,BACK_SAGGING,pushup_back_01.mp4,1035
161.2752349213319,175.72386876134811,1.2805496485474996,0.2181415398166259,122.46378610209634,0.02156028151512146,0.1840493381023407,158.56313914216517,BACK_SAGGING,pushup_back_01.mp4,1038
160.19582739324608,166.58068661303915,1.3110696809525022,0.2249085765184304,126.02230747906658,0.023217588663101196,0.18189910054206848,162.9633409842668,BACK_SAGGING,pushup_back_01.mp4,1041
158.52592277278288,160.7977053561062,1.3256814030480706,0.23113805298351378,127.99299726534281,0.02442866563796997,0.18215185403823853,163.30850592517675,BACK_SAGGING,pushup_back_01.mp4,1044
156.7511166897464,153.49061448829707,1.3548309103488618,0.2380127463694996,130.88385494808102,0.026235491037368774,0.17994099855422974,161.20952187016755,BACK_SAGGING,pushup_back_01.mp4,1047
151.85001185561515,143.70704069607692,1.4023057270580825,0.2506508805117525,134.52229553682267,0.03204834461212158,0.17870157957077026,154.16335479504625,BACK_SAGGING,pushup_back_01.mp4,1050
151.32204119540734,138.1077239377388,1.4137420681354822,0.2518628050513,136.3743530753038,0.030642330646514893,0.17376354336738586,150.59115262342218,BACK_SAGGING,pushup_back_01.mp4,1053
150.94506975512274,133.24299514533254,1.4276077354342676,0.2533125488065819,138.22105695360193,0.03014504909515381,0.16876327991485596,148.5375199961485,BACK_SAGGING,pushup_back_01.mp4,1056
153.32849395067157,133.76697159963294,1.4246035348336572,0.24980092688867292,138.58727962519336,0.02735915780067444,0.1652294099330902,140.22892418788925,BACK_SAGGING,pushup_back_01.mp4,1059
154.62039489581613,134.9145000806551,1.423503867937645,0.24665411280722216,138.7197176797305,0.025958627462387085,0.16271978616714478,137.3517405605015,BACK_SAGGING,pushup_back_01.mp4,1062
159.38987457703166,134.6642637803821,1.442485515351846,0.24963725614175558,139.43745688784935,0.01933649182319641,0.1623246669769287,136.7608026510268,BACK_SAGGING,pushup_back_01.mp4,1065
162.30992657215293,134.26251096468178,1.4573541347293855,0.2528221368328053,139.61207990698955,0.016894817352294922,0.16380950808525085,132.39967168470008,BACK_SAGGING,pushup_back_01.mp4,1068
162.03875920548236,140.9421184726469,1.4443064825435767,0.24595387132677843,138.10735333057548,0.0174981951713562,0.16422420740127563,129.8525310459731,BACK_SAGGING,pushup_back_01.mp4,1071
169.3453888218163,149.73449084716125,1.4140624994299362,0.24130857491892832,134.4909233996203,0.008621037006378174,0.17213335633277893,139.70435876197624,BACK_SAGGING,pushup_back_01.mp4,1074
168.28678289902248,155.35969209936923,1.4004990370691093,0.23820181240140417,132.71691214003928,0.010385513305664062,0.1750040352344513,146.9825582578734,BACK_SAGGING,pushup_back_01.mp4,1077
169.18065373350584,157.9125358329717,1.395535841107629,0.23738093967323032,132.1337802808353,0.008895635604858398,0.1760309934616089,156.28083024326725,BACK_SAGGING,pushup_back_01.mp4,1080
174.76370645694078,160.43526018860683,1.214437290370154,0.20258039155727053,114.0974326168602,0.0042228102684021,0.1849241852760315,162.43964771078706,BACK_SAGGING,pushup_back_02.mp4,3
169.89074971334966,163.09122692495635,1.2320686021287022,0.20457675120828625,115.94399154116097,0.011207133531570435,0.18395781517028809,164.54258584618722,BACK_SAGGING,pushup_back_02.mp4,6
168.95856466147174,166.0776037869858,1.2422003097234167,0.20643732927701955,117.14920654245012,0.010824501514434814,0.18368998169898987,164.08265248046104,BACK_SAGGING,pushup_back_02.mp4,9
168.54137624173953,165.79275710557016,1.2374313030507882,0.20573566998860912,116.70719824022,0.011044591665267944,0.18378448486328125,162.2123799338044,BACK_SAGGING,pushup_back_02.mp4,12
168.55749484325227,165.2097434904848,1.2332902870519922,0.20404537879007273,116.40606032791106,0.011176973581314087,0.1827540397644043,162.03508949087103,BACK_SAGGING,pushup_back_02.mp4,15
168.22886472241458,165.5312630398334,1.233058605208592,0.20421618399308394,116.26842377484387,0.01225191354751587,0.18312469124794006,161.4293580883479,BACK_SAGGING,pushup_back_02.mp4,18
168.87452371185765,165.93414907000172,1.2409604763833195,0.20504613860812426,116.81741943556504,0.011970877647399902,0.1829908788204193,161.76034942150693,BACK_SAGGING,pushup_back_02.mp4,21
168.19952028962092,166.80728831908766,1.249660766472278,0.20647561308814666,117.55805344842544,0.012876182794570923,0.18304699659347534,163.80521363456762,BACK_SAGGING,pushup_back_02.mp4,24
167.62456209262552,172.20332374699018,1.283708313747357,0.21288919900606176,120.71783236155154,0.013338655233383179,0.18301638960838318,165.16503061696454,BACK_SAGGING,pushup_back_02.mp4,27
167.81046762215772,176.01317298937445,1.299977862091724,0.2159558266148684,122.659971589901,0.012503176927566528,0.18180716037750244,160.10721428056468,BACK_SAGGING,pushup_back_02.mp4,30
166.76565867224426,176.90151706298917,1.335868433875235,0.2236914138226052,126.18422530026459,0.012155383825302124,0.18054214119911194,157.5320384275559,BACK_SAGGING,pushup_back_02.mp4,33
166.41210789902328,167.60755937010595,1.3686715371669755,0.23146057306564902,129.45624889414628,0.01206257939338684,0.1787078082561493,150.99187711817078,BACK_SAGGING,pushup_back_02.mp4,36
165.70454101999235,158.50338625289572,1.40358891945091,0.2376196226287466,133.04301687782285,0.012467920780181885,0.1736558973789215,146.45225449798855,BACK_SAGGING,pushup_back_02.mp4,39
165.8622524761499,154.1185401879794,1.4338117450844985,0.24518948707626095,135.41472699074345,0.0117989182472229,0.17210844159126282,135.6150688371561,BACK_SAGGING,pushup_back_02.mp4,42
165.04059963467415,147.5649903268688,1.4603282744843946,0.24978948948571172,137.81439933545457,0.013006627559661865,0.1677340567111969,139.53431226378456,BACK_SAGGING,pushup_back_02.mp4,45
164.1312047370557,138.0031062490296,1.498657024602695,0.2575766429555172,141.38631607459865,0.012964785099029541,0.1607351005077362,139.56850754033752,BACK_SAGGING,pushup_back_02.mp4,48
164.04063484420828,130.77901706448432,1.5321361403986553,0.26663963315165773,143.98927960156706,0.012939274311065674,0.15675607323646545,143.5343518152273,BACK_SAGGING,pushup_back_02.mp4,51
164.527228141047,126.79155777011181,1.5564493067291456,0.2734782097963004,145.98333897746878,0.012485802173614502,0.1529807150363922,146.14564701828945,BACK_SAGGING,pushup_back_02.mp4,54
164.48445362695838,123.03110678148929,1.5650906730567018,0.2737154661780532,147.72484544430853,0.012276828289031982,0.1461467742919922,145.27270277652238,BACK_SAGGING,pushup_back_02.mp4,57
165.1029228500383,123.72039429266103,1.556651335622285,0.2685130875217389,148.13857072102803,0.011179238557815552,0.14172545075416565,138.78807188188176,BACK_SAGGING,pushup_back_02.mp4,60
166.6174815866911,127.37513622899482,1.5467105806335024,0.26309122678131946,147.3863958887767,0.008016139268875122,0.14178532361984253,137.37787925366985,BACK_SAGGING,pushup_back_02.mp4,63
169.07234114789674,128.73973326021073,1.5485276801123113,0.2628005011252978,146.99715594162825,0.010207951068878174,0.14312943816184998,132.9362163695332,BACK_SAGGING,pushup_back_02.mp4,66
168.21334285631127,126.71461483073956,1.5500594192137445,0.264740574522306,146.08873956370212,0.013392895460128784,0.1476885974407196,126.26974681058348,BACK_SAGGING,pushup_back_02.mp4,69
167.44125330220348,131.82350809304276,1.5193572551437013,0.25580546031509893,143.8330991270276,0.015531867742538452,0.15094983577728271,125.646195518147,BACK_SAGGING,pushup_back_02.mp4,72
166.74070436675905,138.09951590110043,1.4939998007022564,0.24943976251650773,141.37123205276558,0.017001956701278687,0.1557084619998932,134.14944991339215,BACK_SAGGING,pushup_back_02.mp4,75
169.6103640355359,144.97084643446465,1.4651103116018913,0.24707117608656248,137.8110266781459,0.01320737600326538,0.16591939330101013,138.37964113086082,BACK_SAGGING,pushup_back_02.mp4,78
170.56834666176448,153.1587114384925,1.425783597517704,0.240452251237774,134.35821551522318,0.012467652559280396,0.17191237211227417,144.8658363176958,BACK_SAGGING,pushup_back_02.mp4,81
166.41667461882622,170.0599647265543,1.3921589143818938,0.23240781649529907,132.06231420476365,0.01253458857536316,0.17253738641738892,176.09034463105303,BACK_SAGGING,pushup_back_02.mp4,84
167.23748926005533,178.73387963261604,1.3675704506736412,0.22708641141785493,130.38977493882174,0.010471343994140625,0.17295575141906738,169.7584058568402,BACK_SAGGING,pushup_back_02.mp4,87
167.597100069204,174.85583226955757,1.3274797229738797,0.22179354348465066,126.57070241994568,0.010047972202301025,0.17812290787696838,164.6899221297877,BACK_SAGGING,pushup_back_02.mp4,90
167.21340043737797,179.4280973902391,1.2786231529135175,0.21331842429776138,122.84619449615076,0.008704215288162231,0.17921161651611328,165.35610655167477,BACK_SAGGING,pushup_back_02.mp4,93
168.49514775823522,172.04128392757835,1.2287534853749278,0.20115831438546214,118.23610930416072,0.00543290376663208,0.17721903324127197,158.05074802195296,BACK_SAGGING,pushup_back_02.mp4,96
169.70108087963612,163.81786777968722,1.1856279498521374,0.19578212676472223,113.21855470765446,0.004329979419708252,0.17992359399795532,157.87010955900317,BACK_SAGGING,pushup_back_02.mp4,99
171.36832520021449,159.0260770476282,1.1647838767530359,0.19196527881141268,110.78003348386117,0.0008334219455718994,0.17947646975517273,160.46971058722593,BACK_SAGGING,pushup_back_02.mp4,102
172.32161643106267,157.09756003696182,1.1569635230260453,0.19070240789120013,109.77996550199249,0.0009801983833312988,0.17944958806037903,162.79861825838057,BACK_SAGGING,pushup_back_02.mp4,105
173.7130533034882,155.4730310889617,1.1481618462310736,0.18919574854840282,108.66550393524903,0.002492457628250122,0.1792435646057129,160.97761349759753,BACK_SAGGING,pushup_back_02.mp4,108
175.02841484377194,154.9130034807637,1.1474490151265344,0.18828811936223078,108.54097203369581,0.004388213157653809,0.1785142421722412,160.83811584855985,BACK_SAGGING,pushup_back_02.mp4,111
176.82060840464257,155.90830205364355,1.154475235891074,0.189022503054195,109.36019754732699,0.006742209196090698,0.17833271622657776,161.51826317661906,BACK_SAGGING,pushup_back_02.mp4,114
174.29877162440627,158.31389607934662,1.167991656118416,0.19460594828092442,110.52029141790086,0.0006471574306488037,0.1822565197944641,161.1389302908196,BACK_SAGGING,pushup_back_02.mp4,117
172.03566076291264,162.59288006481876,1.1921961544417525,0.197793134260625,113.23875587629735,0.003886491060256958,0.18174421787261963,158.9184202101559,BACK_SAGGING,pushup_back_02.mp4,120
171.65329770737347,173.18907358122334,1.2471898316044927,0.20547485719766584,119.25235139429809,0.004320353269577026,0.17926913499832153,151.78782672662464,BACK_SAGGING,pushup_back_02.mp4,123
169.59346523064215,178.651661112271,1.281518265643236,0.20955147977340657,123.3896601820774,0.008034855127334595,0.17496079206466675,138.62469499918865,BACK_SAGGING,pushup_back_02.mp4,126
167.46398363936174,173.73237291955692,1.297016216125795,0.21196380601165654,125.39108251279339,0.01283496618270874,0.17279258370399475,143.43764839848748,BACK_SAGGING,pushup_back_02.mp4,129
168.46261348778773,165.8118146229034,1.3105299769342622,0.21623955463344866,126.86255863319496,0.011971056461334229,0.17300376296043396,125.10847540316246,BACK_SAGGING,pushup_back_02.mp4,132
166.93207854668964,160.61313138221726,1.3383001125182135,0.22479340132527398,129.06862264697412,0.016535818576812744,0.17452260851860046,120.57190574357904,BACK_SAGGING,pushup_back_02.mp4,135
167.37622927604923,154.11346223592494,1.3673803056392504,0.22962826443065548,132.00075430379076,0.015445530414581299,0.1706390082836151,118.51163275856086,BACK_SAGGING,pushup_back_02.mp4,138
166.06096019343101,147.5711121688613,1.3987504860794202,0.23513030909892754,135.10814873817927,0.014643758535385132,0.1659409999847412,126.43277885630745,BACK_SAGGING,pushup_back_02.mp4,141
165.99597293688586,143.22048850761226,1.430290295443987,0.2399563453094919,137.8072567006271,0.012150079011917114,0.1611529290676117,130.77504525801936,BACK_SAGGING,pushup_back_02.mp4,144
167.23663015117722,140.77076412735238,1.4737270613339586,0.2514734487715565,140.69601163498555,0.009009897708892822,0.15928256511688232,140.27186595147478,BACK_SAGGING,pushup_back_02.mp4,147
166.07006705745252,136.07650936894302,1.4958193663245702,0.25605091720373957,142.6849579519783,0.008941322565078735,0.15520691871643066,139.6122044880758,BACK_SAGGING,pushup_back_02.mp4,150
166.22798855874103,129.2561571052632,1.524228057267705,0.2603875580888422,145.6310870023338,0.006487548351287842,0.14698171615600586,137.07259712144696,BACK_SAGGING,pushup_back_02.mp4,153
167.70445321800622,127.25186254729184,1.5320490781703249,0.2583659697005807,147.2742652875204,0.001636117696762085,0.13966426253318787,136.17080630184498,BACK_SAGGING,pushup_back_02.mp4,156
166.89386037626795,126.24855799334743,1.5387583999407421,0.2618275085423838,147.256907815395,0.0018907785415649414,0.14160236716270447,139.81061191562299,BACK_SAGGING,pushup_back_02.mp4,159
163.2287656071694,127.50434663725562,1.5379115760989677,0.2609689755575161,146.9584186077381,0.0009002685546875,0.14227980375289917,137.21894743819195,BACK_SAGGING,pushup_back_02.mp4,162
164.23300966078133,129.0646853390589,1.531288976013554,0.25860868915303314,146.22259653407505,0.0010227859020233154,0.14376568794250488,135.44262813247084,BACK_SAGGING,pushup_back_02.mp4,165
165.04678830082858,129.2496831461685,1.5334711614680394,0.2597379659875883,145.6576750087049,0.0023418664932250977,0.14651548862457275,141.1084969405539,BACK_SAGGING,pushup_back_02.mp4,168
159.57320194062015,136.0025649287463,1.4892703737351165,0.24778812647682158,141.8136269823094,0.008814692497253418,0.15317794680595398,137.16224031294314,BACK_SAGGING,pushup_back_02.mp4,171
161.65061782357154,144.4047773134211,1.452886582732769,0.24337862392730839,137.854417200729,0.01368817687034607,0.1633029282093048,137.83975510813252,BACK_SAGGING,pushup_back_02.mp4,174
157.6922022607045,151.56683634104309,1.4287127213235915,0.24226454626810723,134.6659282418713,0.018218904733657837,0.17229586839675903,137.51194754605444,BACK_SAGGING,pushup_back_02.mp4,177
158.87477151502108,160.932437823502,1.3852470642631962,0.2336014043210748,130.80514894019316,0.017513751983642578,0.17681574821472168,159.81173092083452,BACK_SAGGING,pushup_back_02.mp4,180
156.38791198034244,171.6943049180677,1.3342759031564237,0.2234236952544124,126.20180567462671,0.020644456148147583,0.18028557300567627,151.2118478670405,BACK_SAGGING,pushup_back_02.mp4,183
160.55123112685848,178.77990003921718,1.298455075887412,0.21885884589842847,122.69343064387539,0.016045689582824707,0.18418216705322266,157.14638433111597,BACK_SAGGING,pushup_back_02.mp4,186
163.7029112822589,170.87463308849115,1.2508496038229886,0.21118498570496377,118.18543136134312,0.011702388525009155,0.18614089488983154,164.96764333808494,BACK_SAGGING,pushup_back_02.mp4,189
166.2829975274318,161.5981283995103,1.196553011091805,0.20215482582105845,112.59054704743815,0.00712960958480835,0.1866426169872284,167.89369056141913,BACK_SAGGING,pushup_back_02.mp4,192
170.51692664928444,157.60561401674607,1.174792517752215,0.2006405338108691,110.39700248153443,0.0006090104579925537,0.18805912137031555,170.22870312490437,BACK_SAGGING,pushup_back_02.mp4,195
173.52082632578376,152.09554461819744,1.1395430869472805,0.19856000777753385,106.40937674238849,0.007304787635803223,0.19047138094902039,179.32672766023285,BACK_SAGGING,pushup_back_02.mp4,198
175.2696046038367,146.34984350489762,1.108084049667671,0.1982794374915492,102.80943512713608,0.01059463620185852,0.1933443248271942,177.83051665369936,BACK_SAGGING,pushup_back_02.mp4,201
175.1474757519041,142.31406387908913,1.083332297852529,0.19562525149760246,100.06111289256583,0.010042279958724976,0.19261661171913147,175.45475810013562,BACK_SAGGING,pushup_back_02.mp4,204
172.73508252419623,136.46281898580713,1.054073290127363,0.19395679382926317,96.55872956319824,0.006694287061691284,0.1926872730255127,177.8141872384009,BACK_SAGGING,pushup_back_02.mp4,207
175.3924825718354,139.89524150255772,1.0729786559680439,0.1945900971142687,98.82760671353995,0.009747564792633057,0.19228485226631165,174.89232006986558,BACK_SAGGING,pushup_back_02.mp4,210
176.39244620650868,142.00010552451204,1.0845094721703041,0.19494339707382333,100.20931092840142,0.01107284426689148,0.1918565034866333,175.0036236010755,BACK_SAGGING,pushup_back_02.mp4,213
177.84397035697344,143.64037344172124,1.0936013600762529,0.19499267950897117,101.32101556226367,0.018497347831726074,0.19119825959205627,172.72720273849433,BACK_SAGGING,pushup_back_02.mp4,216
179.4599396967994,152.75369908977015,1.1368907915733255,0.19797219065760063,106.5409769693348,0.015037477016448975,0.18977853655815125,163.30580170824055,BACK_SAGGING,pushup_back_02.mp4,219
177.66836171693728,164.6621394334341,1.1923353777246224,0.20606348628325882,113.12394520631429,0.011609077453613281,0.1895061433315277,154.66928785690192,BACK_SAGGING,pushup_back_02.mp4,222
167.77779138397023,176.22888642192055,1.2406439600702046,0.21483520010059948,118.49360957522278,0.0022228360176086426,0.18880969285964966,158.2615298783409,BACK_SAGGING,pushup_back_02.mp4,225
159.5706262658108,172.85307418149324,1.2739847415796266,0.22355968240727703,122.54128320806382,0.014205634593963623,0.18845829367637634,148.63616456170956,BACK_SAGGING,pushup_back_02.mp4,228
155.1953900771347,168.70441095593546,1.2885867314526323,0.22958088648417202,123.56399348165431,0.02464398741722107,0.1912989318370819,144.97348286772538,BACK_SAGGING,pushup_back_02.mp4,231
154.83720168434064,162.24432199416535,1.3028419325021712,0.23041015332406314,125.29871024314494,0.025587022304534912,0.18804529309272766,143.550799600318,BACK_SAGGING,pushup_back_02.mp4,234
149.08961875675894,154.9148288934236,1.2977197176813309,0.22940137359837148,126.13502187322243,0.03182438015937805,0.18526703119277954,142.98088223547424,BACK_SAGGING,pushup_back_02.mp4,237
146.50117356499635,147.6762887239465,1.3163773515494375,0.23268480502510475,128.66308138450833,0.03539156913757324,0.1816830039024353,142.11911090574006,BACK_SAGGING,pushup_back_02.mp4,240
147.20116572973862,142.46784926404152,1.3287966703195306,0.23284325396327307,130.78895556409668,0.031548529863357544,0.17628487944602966,140.5323898660463,BACK_SAGGING,pushup_back_02.mp4,243
147.3681983329634,139.75034266351423,1.3266238788472062,0.2299651927838758,131.756694461859,0.03029876947402954,0.17154338955879211,140.97039690568448,BACK_SAGGING,pushup_back_02.mp4,246
147.3080680408206,141.15801136571764,1.3368008776772342,0.23093507525864707,133.095481998125,0.031358927488327026,0.16862612962722778,148.5559176544468,BACK_SAGGING,pushup_back_02.mp4,249
147.4259004286602,135.05446122753165,1.3548477907831842,0.23631612566217683,134.50737006728787,0.031673818826675415,0.1685243844985962,144.72404094281637,BACK_SAGGING,pushup_back_02.mp4,252
148.11802181474283,135.82286034340686,1.367695923183268,0.23872640015121543,135.79837685153623,0.0306970477104187,0.16642919182777405,154.12017879465813,BACK_SAGGING,pushup_back_02.mp4,255
151.7224827356538,133.33462965779214,1.384934027197786,0.24105267143629086,137.8187452611197,0.023334354162216187,0.16185343265533447,151.8345255625435,BACK_SAGGING,pushup_back_02.mp4,258
153.5952693256155,136.73616027177567,1.3818831535829925,0.2376357421329887,137.32831935187997,0.020647138357162476,0.1610606610774994,151.0211120030587,BACK_SAGGING,pushup_back_02.mp4,261
155.4760825755274,137.57874408515806,1.3796141619377453,0.2340612368731444,137.5487847805978,0.017162561416625977,0.15797442197799683,149.60999223058073,BACK_SAGGING,pushup_back_02.mp4,264
161.1904846355281,138.17424166770877,1.3865057093837183,0.23536020066422664,137.65886655585544,0.011447042226791382,0.15851718187332153,147.60217644626752,BACK_SAGGING,pushup_back_02.mp4,267
164.92376776377998,144.12145401310696,1.38030596874507,0.2320583914697286,136.29243321127132,0.008390456438064575,0.16033965349197388,145.6028380795753,BACK_SAGGING,pushup_back_02.mp4,270
167.3688312243304,151.0891250558199,1.355359651399607,0.22706565070674778,133.24729005614037,0.0061807334423065186,0.16538894176483154,146.42295218350475,BACK_SAGGING,pushup_back_02.mp4,273
167.79585076695585,157.04890612865947,1.3260603073153727,0.22114867068586647,129.73906278114808,0.005396604537963867,0.1700500249862671,141.09547608453232,BACK_SAGGING,pushup_back_02.mp4,276
168.3698707573864,162.68459197104067,1.3109983188566865,0.21898142249342503,127.55127402701146,0.005205392837524414,0.17360559105873108,144.30589774920796,BACK_SAGGING,pushup_back_02.mp4,279
169.53859613411302,167.91840311322105,1.2886383958122372,0.21361877010272792,125.53783502051941,0.003996849060058594,0.1738242506980896,152.9254593008595,BACK_SAGGING,pushup_back_02.mp4,282
170.73933965410606,168.4229972999805,1.3048904505034402,0.21694980083675589,126.53118180045522,0.0015398859977722168,0.17432191967964172,157.05268162347457,BACK_SAGGING,pushup_back_02.mp4,285
171.95737827936657,168.29956800535135,1.307989311725896,0.21689528332244715,126.7776390950435,0.0008619129657745361,0.1737210750579834,157.7697983954451,BACK_SAGGING,pushup_back_02.mp4,288
172.52595873306973,166.53028167428323,1.3238665968707002,0.21954081480351434,128.13558463808565,0.0008826553821563721,0.17267534136772156,158.91452733126496,BACK_SAGGING,pushup_back_02.mp4,291
171.5988548130061,165.03797029431428,1.3248709102985285,0.2200251177443764,128.3659804222449,0.00047269463539123535,0.17250844836235046,156.6837894034899,BACK_SAGGING,pushup_back_02.mp4,294
170.13140456678028,159.90606152204455,1.3372848888573938,0.22308170906834784,129.76520832128207,0.0011723041534423828,0.17147135734558105,151.887279231154,BACK_SAGGING,pushup_back_02.mp4,297
163.7448900617227,151.82496180758767,1.3764061428319843,0.23266245023843649,133.27530433981258,0.008840441703796387,0.16938769817352295,148.90801673667536,BACK_SAGGING,pushup_back_02.mp4,300
159.10102173522424,144.44352237583837,1.3734041872809928,0.23408021771492166,134.38271152860264,0.015741169452667236,0.1672864854335785,150.28238679151787,BACK_SAGGING,pushup_back_02.mp4,303
155.17840812779724,140.73288372833056,1.3619973219424495,0.23305508315309525,134.6819302755262,0.022965461015701294,0.16570016741752625,147.69740281162612,BACK_SAGGING,pushup_back_02.mp4,306
151.8062917285109,135.1752578215574,1.364595535624784,0.2380996567612488,135.1373862668137,0.02859717607498169,0.1679505705833435,137.30476595576565,BACK_SAGGING,pushup_back_02.mp4,309
147.1835270761958,133.45410589191397,1.3517310708344596,0.23670455192114284,134.41010112157423,0.03528481721878052,0.1690828800201416,142.5922880363049,BACK_SAGGING,pushup_back_02.mp4,312
145.14252092691294,135.86414596506276,1.3058232405097805,0.2284630012386226,130.99862963402427,0.035757213830947876,0.17242109775543213,146.70119335163437,BACK_SAGGING,pushup_back_02.mp4,315
143.3098837616621,136.26659114991858,1.299892684307433,0.22779356426043498,130.46841942013472,0.0377044677734375,0.17329156398773193,148.8015050211778,BACK_SAGGING,pushup_back_02.mp4,318
140.67695145052429,137.08158091992377,1.300449942454157,0.22913386972919264,130.11935165035834,0.04249924421310425,0.17521411180496216,148.94342796506632,BACK_SAGGING,pushup_back_02.mp4,321
139.7000183234845,138.90109020175356,1.2969845192777536,0.22675444599370012,129.8436769852455,0.044722408056259155,0.17409566044807434,148.10436576392215,BACK_SAGGING,pushup_back_02.mp4,324
139.48600797875338,143.26924145221145,1.2830466185096603,0.22355168275452006,128.08541797051228,0.04659399390220642,0.17595091462135315,148.13316071153483,BACK_SAGGING,pushup_back_02.mp4,327
143.71603850457805,144.30375492532227,1.2903299162851205,0.22433255228274016,128.44479637921225,0.0416887104511261,0.17569401860237122,150.95543943585687,BACK_SAGGING,pushup_back_02.mp4,330
145.91667308629587,145.32807557665794,1.307173956269676,0.22931524678555515,129.00464813601124,0.03880572319030762,0.17819461226463318,150.0941381400094,BACK_SAGGING,pushup_back_02.mp4,333
153.2547294836596,151.58975633678176,1.3025323056533733,0.22743698390006606,127.9839323013974,0.029596656560897827,0.17925724387168884,153.9566899346499,BACK_SAGGING,pushup_back_02.mp4,336
155.51306150233177,154.59769587222272,1.311787574860947,0.22697633535041573,127.88648953248253,0.026965856552124023,0.17913150787353516,149.20275768036458,BACK_SAGGING,pushup_back_02.mp4,339
162.12578271424647,159.71039013636573,1.3144863650212188,0.22161704917244912,128.13665238755345,0.015614241361618042,0.17430585622787476,150.43114041763496,BACK_SAGGING,pushup_back_02.mp4,342
163.5941106228525,162.0928250582745,1.3135068281982731,0.22022805995704978,127.91372852134764,0.013229697942733765,0.17374125123023987,150.20941029559862,BACK_SAGGING,pushup_back_02.mp4,345
167.40673096954538,162.27536190670395,1.325327614104815,0.21976862569248343,129.19389692367668,0.003076910972595215,0.1703181266784668,153.42354592774564,BACK_SAGGING,pushup_back_02.mp4,348
168.23597623888125,166.93961083781386,1.31507340982445,0.21848414733449517,127.63708829312753,0.0034352242946624756,0.1730116903781891,158.90982673075013,BACK_SAGGING,pushup_back_02.mp4,351
168.51719874131675,174.04811651872078,1.2868473440319874,0.21299433289677622,124.60244266509787,0.004197210073471069,0.1753143072128296,156.5526951741528,BACK_SAGGING,pushup_back_02.mp4,354
169.47194582795134,178.96273640491572,1.273115887900356,0.21084981703773523,122.6466140967143,0.004002571105957031,0.17753499746322632,160.052319756608,BACK_SAGGING,pushup_back_02.mp4,357
173.3578881215046,179.62051162844665,1.2613408039723706,0.20907821476459598,121.33411716367557,0.0007098615169525146,0.1785808503627777,155.9954597352621,BACK_SAGGING,pushup_back_02.mp4,360
174.5751427339591,177.28922710084592,1.2567731118815744,0.2078742116802241,120.5932329690639,0.0028852522373199463,0.17893555760383606,155.30385461914452,BACK_SAGGING,pushup_back_02.mp4,363
174.35079824810748,177.91532420396533,1.2591074186712896,0.20668019578604763,120.95174790080328,0.0038787126541137695,0.17724600434303284,156.95121650077138,BACK_SAGGING,pushup_back_02.mp4,366
173.40104234875326,179.59905881019114,1.2658864860364094,0.2071801048489247,121.97843560877072,0.0025853514671325684,0.1757366955280304,157.80981715140643,BACK_SAGGING,pushup_back_02.mp4,369
173.00392189474533,179.04307001187652,1.2671624215059651,0.20627304307928665,122.3206051276728,0.0021438300609588623,0.17431169748306274,157.7779841975979,BACK_SAGGING,pushup_back_02.mp4,372
171.13823606250097,170.01613628844302,1.2864277870344596,0.2083409288229084,125.43200003595838,0.00016364455223083496,0.16975292563438416,158.82209126434455,BACK_SAGGING,pushup_back_02.mp4,375
165.86982642314865,161.89034900461255,1.3185894128689524,0.2156387184567463,128.55879366857386,0.006689548492431641,0.16861781477928162,152.5788724272219,BACK_SAGGING,pushup_back_02.mp4,378
164.54985935195398,153.65986627865402,1.340492084750673,0.2225913879260993,130.948950508457,0.00840061902999878,0.16811621189117432,147.03927679842198,BACK_SAGGING,pushup_back_02.mp4,381
164.17343486441777,146.78084168779034,1.3623318430550497,0.23002734855473628,133.19429360523304,0.009229212999343872,0.16769197583198547,141.19776424868044,BACK_SAGGING,pushup_back_02.mp4,384
161.36088928285906,139.56265274416154,1.3962928681826765,0.2391399153160453,136.1141819545398,0.011204451322555542,0.16576990485191345,138.55433039225233,BACK_SAGGING,pushup_back_02.mp4,387
158.26427409182415,130.47906259287296,1.4283635500067853,0.24839655522658757,139.2374820879173,0.013006120920181274,0.16217559576034546,138.58766187997333,BACK_SAGGING,pushup_back_02.mp4,390
159.08121618886966,125.82374170346446,1.4551647727605763,0.25538191865308374,141.19662120245994,0.012597322463989258,0.16002532839775085,137.60396859463827,BACK_SAGGING,pushup_back_02.mp4,393
157.09345832870378,121.94861120338639,1.481578281636739,0.26218907745301817,143.06157164986482,0.015535622835159302,0.15755358338356018,135.4877577266381,BACK_SAGGING,pushup_back_02.mp4,396
158.35377521742961,121.7792383131425,1.488768279074893,0.26098657680135273,144.0284855657448,0.013901621103286743,0.15328791737556458,133.81919613985815,BACK_SAGGING,pushup_back_02.mp4,399
159.5340410439168,122.23964431609335,1.515489080754959,0.2631980239830734,145.5201847042527,0.013477534055709839,0.14898857474327087,136.82383842950236,BACK_SAGGING,pushup_back_02.mp4,402
159.19779549871242,124.53112443440622,1.5204504211465855,0.2615972027229165,145.69807939458417,0.016464680433273315,0.14741197228431702,137.04694827602904,BACK_SAGGING,pushup_back_02.mp4,405
158.06288251837498,128.58720952682663,1.5166423639528317,0.2631971784863309,144.29012007366532,0.020763665437698364,0.153611958026886,142.11252389786713,BACK_SAGGING,pushup_back_02.mp4,408
156.8840333494135,141.54684415535996,1.4595153338182116,0.2444455092348189,139.99640405089718,0.022428512573242188,0.157129168510437,138.3542076821083,BACK_SAGGING,pushup_back_02.mp4,411
162.04991743704988,148.75416146790624,1.4303404433854814,0.23795527204108533,136.60861834674233,0.01660090684890747,0.16346240043640137,137.00435007049057,BACK_SAGGING,pushup_back_02.mp4,414
157.91924072484684,156.26012796734153,1.4033773554267648,0.23616254588655614,133.00877431047172,0.021728932857513428,0.1726873219013214,140.68889611794486,BACK_SAGGING,pushup_back_02.mp4,417
162.12892143058778,162.76657442845482,1.3706810867473962,0.2329859606719629,129.6375251439321,0.01623702049255371,0.17941617965698242,149.34295131412975,BACK_SAGGING,pushup_back_02.mp4,420
166.97949567432497,173.6806737194399,1.3110566713290526,0.21856321341062512,124.91955727413618,0.008214026689529419,0.17920833826065063,156.83664874378076,BACK_SAGGING,pushup_back_02.mp4,423
168.02012964028395,174.7593550815773,1.2617533314756026,0.21068811936003373,120.05061275036024,0.005143702030181885,0.18236523866653442,163.4936806955111,BACK_SAGGING,pushup_back_02.mp4,426
169.27944393261697,164.92988694973064,1.2075476939700722,0.20077460592829063,114.57246186528057,0.0037746429443359375,0.18258976936340332,167.63762866865196,BACK_SAGGING,pushup_back_02.mp4,429
170.73469691712182,158.4751844588733,1.185784946880803,0.19768366233433943,111.78685603190873,0.0019458532333374023,0.18356183171272278,171.36225657659688,BACK_SAGGING,pushup_back_02.mp4,432
171.99504757151547,156.2066682048188,1.1723317541194365,0.19551079834357202,110.4296979118496,0.0005606114864349365,0.18321210145950317,172.0923593631555,BACK_SAGGING,pushup_back_02.mp4,435
176.31526441482126,152.53546869535774,1.1533324770898536,0.19435265487421874,108.24162539383579,0.0078963041305542,0.18458440899848938,174.1684309104428,BACK_SAGGING,pushup_back_02.mp4,438
176.11782392180316,148.52283214841933,1.1365048630634214,0.19729796301625055,105.95612676086826,0.00835418701171875,0.18969577550888062,173.743395131379,BACK_SAGGING,pushup_back_02.mp4,441
176.99400142216743,144.36202934728257,1.1179773272037947,0.19697769396527684,103.77438503534005,0.00910860300064087,0.19131219387054443,170.04430085715114,BACK_SAGGING,pushup_back_02.mp4,444
176.87082627348963,146.2964101989628,1.1239673996128574,0.1954708402294002,104.61497042864526,0.009360700845718384,0.18914538621902466,170.32619750606776,BACK_SAGGING,pushup_back_02.mp4,447
175.9786397231397,150.10089451144063,1.1367179945752595,0.19453802769200576,106.28945807006303,0.005669087171554565,0.1867278516292572,168.89779843188825,BACK_SAGGING,pushup_back_02.mp4,450
175.99837025777012,154.69108215052617,1.1664126474130114,0.20381149046316832,109.19395356434865,0.0017634928226470947,0.1924806833267212,166.4568447806307,BACK_SAGGING,pushup_back_02.mp4,453
173.1856430677587,165.64163829602094,1.2173511252541744,0.21045396669618768,115.06860315953438,0.004283249378204346,0.19062745571136475,148.14787432934025,BACK_SAGGING,pushup_back_02.mp4,456
169.30284629393608,179.36656304044863,1.2649340276296863,0.21917586015189094,120.72944039368228,0.007972687482833862,0.1883983016014099,132.52316607997827,BACK_SAGGING,pushup_back_02.mp4,459
168.20705065349551,167.92627558049358,1.309735566434231,0.22911314412213016,125.27737133447324,0.008623480796813965,0.18703603744506836,119.41713996250174,BACK_SAGGING,pushup_back_02.mp4,462
168.55324960069026,163.9508395256402,1.3234189530907075,0.22482207597905132,127.53081445887238,0.008765488862991333,0.17828503251075745,109.78050455967445,BACK_SAGGING,pushup_back_02.mp4,465
168.83098204349946,157.8690847657766,1.3562192651232152,0.22896566685376932,130.72208804639632,0.008679777383804321,0.17352354526519775,110.15586486129193,BACK_SAGGING,pushup_back_02.mp4,468
167.7031005000354,151.77256248013873,1.3842695606555004,0.2369920771743201,133.1413163333024,0.009565204381942749,0.17291945219039917,121.34572474447717,BACK_SAGGING,pushup_back_02.mp4,471
164.60279676751122,145.6318191656015,1.4297339800426474,0.25179630281261334,135.9493841636549,0.01500430703163147,0.17506492137908936,132.06761255257854,BACK_SAGGING,pushup_back_02.mp4,474
164.61453632855043,141.34764363944262,1.4441947456621786,0.25126473296313095,138.27597984114172,0.010925143957138062,0.16721919178962708,130.93210326646323,BACK_SAGGING,pushup_back_02.mp4,477
165.19833981399535,137.29974999032126,1.4496370537446044,0.2474845210233224,140.05775660010897,0.006518125534057617,0.15887963771820068,133.1318892115237,BACK_SAGGING,pushup_back_02.mp4,480
165.88202614433905,130.81717775283292,1.4809153386223908,0.2545038251364804,142.79498747798604,0.0033202767372131348,0.1538800299167633,137.15728874594078,BACK_SAGGING,pushup_back_02.mp4,483
165.24159484874255,127.82595750344889,1.49288561380971,0.25761448294795475,144.0181537246983,0.0038889050483703613,0.15134480595588684,125.92574223453366,BACK_SAGGING,pushup_back_02.mp4,486
164.0133954682243,128.3280732397503,1.490755336352288,0.25557679370998926,143.909031880752,0.005142420530319214,0.1505412757396698,129.23188620895863,BACK_SAGGING,pushup_back_02.mp4,489
165.34161303202976,127.10653275978962,1.4970237764144494,0.2551418000350769,145.01389035347367,0.00035500526428222656,0.1462809443473816,133.58620370375021,BACK_SAGGING,pushup_back_02.mp4,492
164.69522079806174,127.72812072879402,1.5043287025304903,0.2578484384720606,145.3152122455377,0.000969618558883667,0.14671966433525085,135.28278690865554,BACK_SAGGING,pushup_back_02.mp4,495
163.53200909305858,128.90862295381208,1.5025153855368494,0.2574172590255707,144.9653401765418,0.0026725828647613525,0.14776432514190674,136.69501310278287,BACK_SAGGING,pushup_back_02.mp4,498
164.9260253564138,129.03348516144243,1.5039961811345393,0.25719109008237073,144.97765713626794,0.002965092658996582,0.14758920669555664,136.6039146486876,BACK_SAGGING,pushup_back_02.mp4,501
165.38544472824256,129.94113702970807,1.5037294328336375,0.2564824763211261,145.02560344168543,0.0018413066864013672,0.14700669050216675,136.77129741314806,BACK_SAGGING,pushup_back_02.mp4,504
165.49343718475578,130.51076633151231,1.5031610424302853,0.2559754856535664,144.9146880134118,0.0017971396446228027,0.14712190628051758,136.8932323336968,BACK_SAGGING,pushup_back_02.mp4,507
165.31057887666418,130.38393805098764,1.5037241384841584,0.2563479539384834,144.86078092798698,0.002219259738922119,0.1475333273410797,140.21518867296544,BACK_SAGGING,pushup_back_02.mp4,510
165.39613015747963,130.46487351397278,1.5039435527201679,0.2559202912250885,144.91085193446114,0.0016739070415496826,0.1471042037010193,140.44861328939888,BACK_SAGGING,pushup_back_02.mp4,513
165.14119796052657,130.66538716208382,1.5039704512541856,0.25626083561308455,144.7555307542669,0.0021510720252990723,0.14786794781684875,141.9988834602896,BACK_SAGGING,pushup_back_02.mp4,516
165.62142678300677,130.5204017297533,1.5058167498681498,0.25673932975124997,144.7871263749451,0.002671360969543457,0.1480284035205841,142.1829343474661,BACK_SAGGING,pushup_back_02.mp4,519
165.6328103353019,129.930307639385,1.5085649313906602,0.25684204763685103,145.0109426279303,0.0030953288078308105,0.14726665616035461,142.38199900654024,BACK_SAGGING,pushup_back_02.mp4,522
165.56116732281237,129.35733208349177,1.508962536014754,0.25732432249119197,144.94231478225657,0.0034938156604766846,0.1477956473827362,140.0935301573627,BACK_SAGGING,pushup_back_02.mp4,525
165.5732066848319,129.0402481507546,1.507721134261262,0.25679472457432523,144.94523612599713,0.003475666046142578,0.14748072624206543,139.18734029590613,BACK_SAGGING,pushup_back_02.mp4,528
165.5758166434254,129.0502947218218,1.507612839090347,0.25667350581414383,144.94750177854942,0.0033516883850097656,0.1474027931690216,138.89645415773077,BACK_SAGGING,pushup_back_02.mp4,531
166.2006146173381,129.05409684770132,1.5107989110322406,0.25684651178671924,145.19421546797918,0.0015766024589538574,0.14659526944160461,137.77124466521616,BACK_SAGGING,pushup_back_02.mp4,534
166.7962303884061,130.0299560712096,1.5055802745622857,0.2552873295260317,144.84358398898127,0.0006962716579437256,0.14698553085327148,135.56798186063233,BACK_SAGGING,pushup_back_02.mp4,537
168.03890698144508,130.3771652440101,1.5028472390933707,0.2538848227049422,144.6947494247789,0.0008988678455352783,0.14671674370765686,133.83880511245417,BACK_SAGGING,pushup_back_02.mp4,540
169.86738608484148,130.1835999753008,1.5116400779469927,0.2557616573052691,144.93053576126113,0.0037633776664733887,0.14694109559059143,133.5579040009724,BACK_SAGGING,pushup_back_02.mp4,543
172.75092736377752,132.219456096119,1.5053897703106616,0.2540567325315863,144.21413798637798,0.0038607418537139893,0.14855033159255981,132.75661303455365,BACK_SAGGING,pushup_back_02.mp4,546
171.6334295617177,132.819050002252,1.5039834982141251,0.2544944486859364,143.90354837740466,0.0018092691898345947,0.1499233841896057,133.07968627870466,BACK_SAGGING,pushup_back_02.mp4,549
171.2457887799583,132.861740258393,1.5036443804421804,0.25455737166191056,143.84478405172405,0.0012476742267608643,0.15017136931419373,133.64272149638987,BACK_SAGGING,pushup_back_02.mp4,552
170.98216674377363,132.79694328469148,1.5022373342043023,0.254434219138096,143.670400625534,0.0010253489017486572,0.15072336792945862,135.03171600149955,BACK_SAGGING,pushup_back_02.mp4,555
171.42449248397736,134.3917639659372,1.4848387387104085,0.2522428751095079,142.40740568300149,0.00263136625289917,0.1538686454296112,134.78457797185683,BACK_SAGGING,pushup_back_02.mp4,558
173.59007207650393,139.85995983217552,1.4570568007881937,0.24498181149958634,140.26917413416294,0.003947556018829346,0.15657863020896912,139.18438242250272,BACK_SAGGING,pushup_back_02.mp4,561
172.74260387026916,144.89250826435728,1.4270100796830034,0.2378984074957625,137.71148295348624,0.0022226572036743164,0.1600652039051056,141.56841482418275,BACK_SAGGING,pushup_back_02.mp4,564
170.79129704647937,149.78750092272972,1.4042353133707297,0.23415677216782893,135.37598645952943,0.0015895366668701172,0.16447654366493225,145.5544953176829,BACK_SAGGING,pushup_back_02.mp4,567
168.74629209915716,155.71386105603952,1.3793980288423577,0.23383828796462083,132.34409312797447,0.0032484829425811768,0.17282676696777344,144.86766169550037,BACK_SAGGING,pushup_back_02.mp4,570
168.3304075691963,163.82605344493516,1.34069309144608,0.22965915842937082,128.44753040047564,0.005297631025314331,0.17985904216766357,149.83976984594707,BACK_SAGGING,pushup_back_02.mp4,573
168.81277936309561,176.24257954648323,1.27641487628385,0.21502587793695296,122.70489142902622,0.00472414493560791,0.18093320727348328,155.06817080815432,BACK_SAGGING,pushup_back_02.mp4,576
169.91266603960867,174.49084678453093,1.2380987901035754,0.20793559202527917,118.76774726456898,0.0026383399963378906,0.18226906657218933,162.37183890222454,BACK_SAGGING,pushup_back_02.mp4,579
171.70066868718862,164.62568070397617,1.187629246642452,0.1977764164866959,113.48161177187335,0.0019485652446746826,0.18139642477035522,168.89065312866703,BACK_SAGGING,pushup_back_02.mp4,582
172.3630309321993,161.86413071334186,1.1697735081362473,0.19297885732910383,111.72040162783588,0.0037781894207000732,0.17927604913711548,172.84807813701855,BACK_SAGGING,pushup_back_02.mp4,585
175.15914034546003,157.5469547979133,1.153418014406153,0.1920491706678819,109.83318988395698,0.011812597513198853,0.18065643310546875,178.1386003857381,BACK_SAGGING,pushup_back_02.mp4,588
174.3346115246564,152.52499969208793,1.1148462256243485,0.18841113119044978,105.19847460822739,0.012231409549713135,0.18182045221328735,178.78206826505982,BACK_SAGGING,pushup_back_02.mp4,591
171.67935167118083,145.5580425361396,1.0817074946902878,0.18504537272102606,101.07928305827934,0.012554526329040527,0.18159615993499756,177.26351838298987,BACK_SAGGING,pushup_back_02.mp4,594
168.66880844078807,143.90929207090875,1.0752904779711803,0.1867446015550629,100.09425248857343,0.01036795973777771,0.1838536262512207,176.98472633200493,BACK_SAGGING,pushup_back_02.mp4,597
168.67436732776073,135.82315586694045,1.0273374277310288,0.1836277844413066,93.7045550641923,0.009770572185516357,0.18324404954910278,175.84926844221368,BACK_SAGGING,pushup_back_02.mp4,600
168.1542159824154,135.39770280979766,1.0279999508084554,0.18621886128737475,93.73950362587964,0.008577108383178711,0.18582233786582947,173.0140573016061,BACK_SAGGING,pushup_back_02.mp4,603
172.83594517393948,138.72973738464353,1.0444149964452385,0.18696417034834936,95.90117464391922,0.012298434972763062,0.18597328662872314,171.4211160433467,BACK_SAGGING,pushup_back_02.mp4,606
173.86512957751015,139.62043896740425,1.048405828124987,0.19330457372215282,96.21209810189634,0.008756577968597412,0.1921693980693817,170.3633462231183,BACK_SAGGING,pushup_back_02.mp4,609
173.72353848471707,141.5284199116673,1.0546059475584275,0.19391173083585347,96.98312928115317,0.003376692533493042,0.1924731433391571,172.4464048924833,BACK_SAGGING,pushup_back_02.mp4,612
173.9840208529835,142.17688624616193,1.0620880768636884,0.19614700737934893,97.83348289860102,0.0016739964485168457,0.19431644678115845,169.52390186074555,BACK_SAGGING,pushup_back_02.mp4,615
172.89595995177598,145.74774518653584,1.0842562642783422,0.19649915553196134,100.54310240581911,0.0055155158042907715,0.19318142533302307,159.33641847596903,BACK_SAGGING,pushup_back_02.mp4,618
170.75420181736604,159.14699782963515,1.1568955750555816,0.20591671211011026,108.97058155330568,0.012866586446762085,0.19473135471343994,149.04691397295662,BACK_SAGGING,pushup_back_02.mp4,621
168.08344478944204,172.15812332515193,1.2208340914798579,0.21402131345165834,115.93554246171163,0.022702962160110474,0.19246438145637512,145.3481901956491,BACK_SAGGING,pushup_back_02.mp4,624
167.1603318585966,178.9579497402496,1.2634874189932408,0.21871907208019276,120.5080602607121,0.02567136287689209,0.1884361207485199,152.60442548692072,BACK_SAGGING,pushup_back_02.mp4,627
165.9133394972782,175.40246179081598,1.2950214926227754,0.22332208632139838,123.61538391358337,0.02583429217338562,0.18597283959388733,145.53545040864924,BACK_SAGGING,pushup_back_02.mp4,630
167.25789540754886,168.75801474423284,1.3223939301283998,0.22590754242523134,126.7435908300586,0.02317175269126892,0.18101993203163147,139.19922521990068,BACK_SAGGING,pushup_back_02.mp4,633
167.74079144102,165.83745012223207,1.3413022253646818,0.2288488794167483,128.48017371429435,0.022423654794692993,0.17914333939552307,144.72062338012682,BACK_SAGGING,pushup_back_02.mp4,636
165.02873031774746,166.01431954371282,1.3398891611844503,0.22902739843781394,128.21170345285432,0.024539142847061157,0.17994895577430725,147.94374292875327,BACK_SAGGING,pushup_back_02.mp4,639
166.85043975546643,165.76631891515413,1.34411767508566,0.22771604685973976,128.94356560258694,0.020189672708511353,0.17710459232330322,151.72230447986587,BACK_SAGGING,pushup_back_02.mp4,642
167.2672371518876,165.58530105955404,1.3450125707998013,0.22591358457510372,129.46742889108725,0.015322238206863403,0.17439690232276917,152.03852101900648,BACK_SAGGING,pushup_back_02.mp4,645
167.31726078475407,167.65049229939171,1.3259420517188245,0.22121694263459374,128.13474547610932,0.014498978853225708,0.173995703458786,150.5887709702759,BACK_SAGGING,pushup_back_02.mp4,648
167.92610602987108,169.78478122858476,1.309337356648169,0.2205558614337382,126.18211742837101,0.01244238018989563,0.17801615595817566,150.84585979651965,BACK_SAGGING,pushup_back_02.mp4,651
168.75834958119017,173.05267588480223,1.285485356292778,0.21989754486809998,123.52487694518939,0.01064234972000122,0.18331307172775269,152.33872482524256,BACK_SAGGING,pushup_back_02.mp4,654
169.74831542777926,174.87736527256243,1.2718154434166542,0.2189809951413556,122.22423766812595,0.007517427206039429,0.1852474808692932,156.1842056190393,BACK_SAGGING,pushup_back_02.mp4,657
168.12664868148437,176.07828921452193,1.2544562745263903,0.21213803308227824,121.42981641403581,0.00750964879989624,0.18100985884666443,156.7227937074711,BACK_SAGGING,pushup_back_02.mp4,660
166.95631004561662,175.96932814042546,1.2467031941409639,0.20832747896055404,121.37717058811238,0.007446348667144775,0.1778581440448761,157.33356769596335,BACK_SAGGING,pushup_back_02.mp4,663
166.87537908665516,172.91789544639215,1.25882525168504,0.21117522218299542,122.78015966237801,0.007282644510269165,0.17754295468330383,153.25604973654652,BACK_SAGGING,pushup_back_02.mp4,666
166.4284703932858,169.74059640222,1.2755431000783446,0.21428359653164678,124.54098622078472,0.0070063769817352295,0.1765059530735016,151.14022878767912,BACK_SAGGING,pushup_back_02.mp4,669
170.19437447189588,164.94217193042385,1.2948219310350895,0.21500627337275602,127.15148302302876,0.0022054314613342285,0.17136436700820923,148.4972318074803,BACK_SAGGING,pushup_back_02.mp4,672
170.66399965252862,159.60207721049053,1.3259885959370765,0.2193679385925085,130.28683977862727,0.0019181370735168457,0.16733208298683167,143.6976609686951,BACK_SAGGING,pushup_back_02.mp4,675
169.27870979349404,154.08178899273133,1.3613454827235838,0.2289999594598797,132.973677921579,0.003824770450592041,0.167545348405838,137.5149219240097,BACK_SAGGING,pushup_back_02.mp4,678
168.85300017456453,148.27211393547995,1.3917483071955965,0.23559060669820095,135.15149182411764,0.0041536688804626465,0.16613954305648804,136.09775764397975,BACK_SAGGING,pushup_back_02.mp4,681
168.38632685986545,143.22740565548872,1.4310765309853453,0.242685981678344,138.14720575741933,0.003656744956970215,0.16191640496253967,131.7730033252351,BACK_SAGGING,pushup_back_02.mp4,684
164.522820209947,138.56823316434765,1.4518871555726562,0.24689644143557557,140.19204365864508,0.0073833167552948,0.15805792808532715,131.8221363544345,BACK_SAGGING,pushup_back_02.mp4,687
165.14525231641258,135.932688501302,1.4621586767093524,0.24538741785489715,141.5487456562257,0.0069557130336761475,0.15258395671844482,129.19809170181958,BACK_SAGGING,pushup_back_02.mp4,690
164.26154040654606,133.21175223246667,1.4696094261029946,0.24441182607294126,142.65611644855548,0.008814483880996704,0.14824917912483215,125.86647812521032,BACK_SAGGING,pushup_back_02.mp4,693
163.84401892584225,132.8332620682326,1.4819467123272476,0.2472904934300528,142.7394771705738,0.009429633617401123,0.14970913529396057,123.549669719633,BACK_SAGGING,pushup_back_02.mp4,696
165.83315629756095,136.80770892192734,1.4593468528095834,0.2424428075246812,140.82732841129783,0.006743311882019043,0.15313181281089783,126.42549747179824,BACK_SAGGING,pushup_back_02.mp4,699
167.32946759642638,146.3768243563696,1.429981535887201,0.24015221530615138,137.19417114862213,0.005628436803817749,0.16317933797836304,137.91439478591286,BACK_SAGGING,pushup_back_02.mp4,702
166.89007727001197,154.09289563210288,1.4019640651975176,0.2381469110642987,133.83793652631138,0.005632579326629639,0.1717691421508789,141.9181955351918,BACK_SAGGING,pushup_back_02.mp4,705
167.13073139037294,163.89694204490246,1.357716283546823,0.22982242609634757,129.74124167002566,0.005229085683822632,0.1767142415046692,146.87596138697006,BACK_SAGGING,pushup_back_02.mp4,708
167.59839760798292,175.51502603471826,1.2981319008000567,0.21886513130978508,124.18788001230615,0.0057215094566345215,0.18104130029678345,148.1258665958278,BACK_SAGGING,pushup_back_02.mp4,711
169.80317515344262,170.59619641019844,1.229777159055955,0.20622022175533392,117.37862716515872,0.003983289003372192,0.18311849236488342,159.36983123332763,BACK_SAGGING,pushup_back_02.mp4,714
169.9811649995399,163.01190931623862,1.1864921686272738,0.19896825330567938,112.81783297916371,0.004475057125091553,0.1833958625793457,170.7526342745211,BACK_SAGGING,pushup_back_02.mp4,717
169.88308816143388,158.2235930825594,1.1577876060845091,0.19773098110912204,109.60389470089449,0.002138465642929077,0.18626824021339417,175.08628173537278,BACK_SAGGING,pushup_back_02.mp4,720
170.2238998075832,152.19179051952838,1.1275390995413148,0.19519918212930873,105.98327163755987,8.097290992736816e-05,0.18765240907669067,177.9479704495939,BACK_SAGGING,pushup_back_02.mp4,723
169.13898943335477,142.0514472218515,1.0817296518865034,0.19265876801165105,100.20802747514367,0.00034818053245544434,0.18960881233215332,168.90762927330013,BACK_SAGGING,pushup_back_02.mp4,726
166.90316489749114,134.34428311920277,1.042791227129966,0.19127778708231483,95.36204469214749,0.0009557008743286133,0.19044068455696106,178.6189814803054,BACK_SAGGING,pushup_back_02.mp4,729
167.51257197433685,126.93276596380075,1.0011373699225816,0.1911520316235388,90.14252648638875,0.0003845691680908203,0.1911514401435852,178.60098451585276,BACK_SAGGING,pushup_back_02.mp4,732
167.2354736158349,116.85692352340061,0.9432432850249882,0.19449093738087633,83.05322862055397,0.001299053430557251,0.19306302070617676,177.861983088547,BACK_SAGGING,pushup_back_02.mp4,735
168.01533105469204,117.78018371040947,0.9427728203392016,0.1930005144605458,82.94776054151458,0.0015891790390014648,0.19154024124145508,177.65508161325513,BACK_SAGGING,pushup_back_02.mp4,738
167.50059804009075,115.08467737512781,0.9209647191611208,0.19508406724665597,80.3892176585887,0.0032129287719726562,0.19234570860862732,175.72702089848508,BACK_SAGGING,pushup_back_02.mp4,741
168.39245393768738,118.34809098246822,0.9385603436088005,0.19573795781539768,82.5183236680331,0.0035767555236816406,0.19407138228416443,173.83905848566107,BACK_SAGGING,pushup_back_02.mp4,744
169.1910497717463,120.15333261124994,0.9464207928604016,0.1957789582147279,83.45927285085817,0.002514570951461792,0.1945045292377472,173.8975435887114,BACK_SAGGING,pushup_back_02.mp4,747
169.01984055983033,122.08217936286789,0.958226258525919,0.1960592065107076,84.90458828643992,0.005612015724182129,0.19528433680534363,174.66910630029417,BACK_SAGGING,pushup_back_02.mp4,750
168.16201635746341,123.56275543124,0.9690354749012084,0.19598365207394797,86.22335953946518,0.00938919186592102,0.19555801153182983,172.28840467559382,BACK_SAGGING,pushup_back_02.mp4,753
166.74195702056997,135.72226694257992,0.9834508350854255,0.19831831894035742,87.99792349003627,0.012868553400039673,0.19819724559783936,138.93173878110943,BACK_SAGGING,pushup_back_02.mp4,756
165.3258825290624,141.0780045806797,1.0115222931760655,0.19834393758721666,91.43386692328941,0.01594272255897522,0.19828182458877563,153.55783779293836,BACK_SAGGING,pushup_back_02.mp4,759
161.52086827342904,146.39632169173058,1.0544558923615712,0.2000033561889998,96.8774139272319,0.023044586181640625,0.19856411218643188,164.2835560902782,BACK_SAGGING,pushup_back_02.mp4,762
159.0689483774014,158.83616053595247,1.1237419856317483,0.20805792445766236,105.43788442605691,0.024894684553146362,0.200550377368927,160.6340237238856,BACK_SAGGING,pushup_back_02.mp4,765
156.3152731888472,170.04965160717558,1.1670234861340267,0.212684008778411,111.01637462962546,0.02894824743270874,0.19853445887565613,161.33621066483175,BACK_SAGGING,pushup_back_02.mp4,768
155.23835909657367,179.52094662002335,1.2183599834069867,0.2221918489453748,116.39607724089949,0.03417450189590454,0.19902440905570984,155.91239242921458,BACK_SAGGING,pushup_back_02.mp4,771
156.197652058446,171.0982084594651,1.2541321326786437,0.2242180814654182,120.64088151089037,0.03269171714782715,0.19290941953659058,126.2003923942214,BACK_SAGGING,pushup_back_02.mp4,774
154.27559887602416,161.30337485125906,1.2898056514112122,0.22723822209506553,125.06543418145746,0.03577110171318054,0.185989648103714,123.70016396922239,BACK_SAGGING,pushup_back_02.mp4,777
152.94976664614964,153.36478538635058,1.3220570277108012,0.23174572589563727,128.65510577392837,0.03843244910240173,0.18096989393234253,137.82919934338946,BACK_SAGGING,pushup_back_02.mp4,780
152.9347341748882,144.2570907909468,1.3631371516073452,0.24141270354731167,132.4774188390788,0.038651853799819946,0.17804619669914246,137.25596723472154,BACK_SAGGING,pushup_back_02.mp4,783
152.02930987714834,141.27299314176324,1.3870147491382658,0.24932229975535705,134.2964735057521,0.040012627840042114,0.1784420609474182,143.3871689647781,BACK_SAGGING,pushup_back_02.mp4,786
152.27917438089594,137.66276837042963,1.4013052317105272,0.2490048111020114,136.2168739055435,0.039647191762924194,0.1722865104675293,139.24028943269994,BACK_SAGGING,pushup_back_02.mp4,789
152.38498425677892,137.32124635296762,1.3982748708602932,0.2468042544614398,136.25361802103578,0.03992423415184021,0.17064955830574036,138.68321877000545,BACK_SAGGING,pushup_back_02.mp4,792
154.31374041033914,142.407118481996,1.383125527756182,0.23897394643759257,135.75555817183056,0.03470030426979065,0.16672977805137634,146.05374518954665,BACK_SAGGING,pushup_back_02.mp4,795
157.01162054612584,147.11170236420614,1.371072013965279,0.2370813783923417,134.10671012083296,0.02809658646583557,0.17022830247879028,148.3925373517187,BACK_SAGGING,pushup_back_02.mp4,798
158.88103527124773,147.57047987851496,1.3762204573951775,0.24034148164652028,133.85624026693765,0.024673491716384888,0.1732988953590393,149.17888021392992,BACK_SAGGING,pushup_back_02.mp4,801
162.90952545592535,155.17694477931337,1.34349058248598,0.23227413276730957,130.6075641970376,0.020520120859146118,0.17633354663848877,147.91951601762554,BACK_SAGGING,pushup_back_02.mp4,804
164.89994128707298,165.7183399238847,1.3034865370250817,0.22403594974582747,126.11558571176337,0.018919259309768677,0.18097856640815735,148.676134379767,BACK_SAGGING,pushup_back_02.mp4,807
167.61487370991298,175.316692475043,1.2808293405241233,0.21831973394266443,123.08629715276557,0.015206068754196167,0.18291547894477844,152.06418823272597,BACK_SAGGING,pushup_back_02.mp4,810
169.3605532008748,171.8743363371201,1.2254996552128667,0.20529089993387606,117.23337388869841,0.012464553117752075,0.18253204226493835,154.67739818363603,BACK_SAGGING,pushup_back_02.mp4,813
169.67780840136743,162.23124279441785,1.1738957018416705,0.19732939379954348,111.25562813219118,0.012641042470932007,0.18390411138534546,159.9693407163014,BACK_SAGGING,pushup_back_02.mp4,816
170.7670222274967,156.65585643677167,1.149246388195597,0.19485139688816303,108.26973662548964,0.013231545686721802,0.18502813577651978,166.31422021964707,BACK_SAGGING,pushup_back_02.mp4,819
171.85256472407545,149.5930865060153,1.1137342349937647,0.19147674664658426,103.96610328779431,0.011001646518707275,0.18581584095954895,176.3144291141905,BACK_SAGGING,pushup_back_02.mp4,822
175.43969533851796,143.6938446931465,1.0923406570422232,0.19203315464451604,101.05190732324795,0.00451233983039856,0.18847131729125977,176.7314649304166,BACK_SAGGING,pushup_back_02.mp4,825
175.11716712501726,141.13407746930056,1.087064190015007,0.19281296821356697,100.28712959208272,0.0037620961666107178,0.18971320986747742,177.310502743177,BACK_SAGGING,pushup_back_02.mp4,828
176.17106403720953,136.96044674043503,1.0675983664062898,0.19229502067013396,97.98939006713253,0.001897662878036499,0.19042837619781494,173.3133494011813,BACK_SAGGING,pushup_back_02.mp4,831
175.2137792103973,137.76982656398513,1.0787189416666292,0.19362957647744636,99.30100674871,0.002782464027404785,0.1910836398601532,175.55396317531404,BACK_SAGGING,pushup_back_02.mp4,834
174.75800472020327,136.7867395515673,1.0724959935477947,0.1941920274911186,98.5547930683495,0.0039074718952178955,0.19203123450279236,176.0216011963917,BACK_SAGGING,pushup_back_02.mp4,837
171.99525669753828,137.13367415166223,1.065632824462548,0.194780187981793,97.71327217435598,0.009163141250610352,0.19301766157150269,173.3283013383993,BACK_SAGGING,pushup_back_02.mp4,840
172.53368906775543,138.9105641301186,1.075497480404641,0.19586033239717457,98.84656744572551,0.00893700122833252,0.19353008270263672,172.48366325853206,BACK_SAGGING,pushup_back_02.mp4,843
171.44571014928755,140.71701997790214,1.072009725355335,0.19494693354957718,98.59623754004502,0.010726749897003174,0.19275671243667603,168.92466677634718,BACK_SAGGING,pushup_back_02.mp4,846
169.7573685312522,151.42720481803406,1.1143557394079902,0.19976879504054657,103.9015053756209,0.01251220703125,0.19391700625419617,171.47492482831262,BACK_SAGGING,pushup_back_02.mp4,849
167.4596722935574,159.2621699088337,1.1253212544441822,0.2039057604084709,105.54386109899565,0.015622735023498535,0.19644728302955627,160.9435478078071,BACK_SAGGING,pushup_back_02.mp4,852
161.3213230391049,164.57003214389474,1.1382570542827068,0.20592740558770767,107.62159151256962,0.020588159561157227,0.1962636411190033,159.36127394661233,BACK_SAGGING,pushup_back_02.mp4,855
157.01913599368154,170.68082217562016,1.1549035309418627,0.20791320955583142,110.15138432673464,0.026011735200881958,0.19518467783927917,159.34861216832954,BACK_SAGGING,pushup_back_02.mp4,858
155.64229375733413,179.41197134723944,1.187461024369456,0.2142676501458249,114.09596119302688,0.028632313013076782,0.1955951750278473,156.0402180516153,BACK_SAGGING,pushup_back_02.mp4,861
153.5763715704495,172.5691587760257,1.209627749536378,0.21655165500019044,117.17761493156644,0.03146153688430786,0.19264090061187744,154.87012149149345,BACK_SAGGING,pushup_back_02.mp4,864
152.5567047322941,166.91645355880195,1.2299194461858096,0.2184567519653748,119.74017088252661,0.032893866300582886,0.18967965245246887,148.94996060985633,BACK_SAGGING,pushup_back_02.mp4,867
151.17179985823864,162.11201806430455,1.2575807714595661,0.22351488988883794,122.49136142759365,0.03320050239562988,0.1885252296924591,154.99977565106258,BACK_SAGGING,pushup_back_02.mp4,870
147.04649026315818,154.63897416300696,1.2859297013380393,0.22754225245484905,125.96267868032146,0.03702005743980408,0.18416836857795715,153.07918187893208,BACK_SAGGING,pushup_back_02.mp4,873
145.42775275857926,150.4711775962736,1.296881905512871,0.2252468237286023,127.78533200364483,0.04043141007423401,0.178010493516922,141.4274832714522,BACK_SAGGING,pushup_back_02.mp4,876
146.00143426600533,146.81227799856245,1.3143238267426607,0.2285793428212843,129.74463902273163,0.04039943218231201,0.17574971914291382,141.65666506348035,BACK_SAGGING,pushup_back_02.mp4,879
148.01250806038001,144.70198007859642,1.322414840367974,0.22688066132766896,131.23455486988587,0.04203411936759949,0.17061245441436768,137.17724880457808,BACK_SAGGING,pushup_back_02.mp4,882
152.71964138510384,146.08449799392895,1.333743905339887,0.23053275495335718,131.21798119320064,0.04117932915687561,0.1734028458595276,135.57244039078256,BACK_SAGGING,pushup_back_02.mp4,885
156.51357342476228,150.94520620041257,1.335737707529611,0.22804404393750366,131.37494581329753,0.03749856352806091,0.17111846804618835,138.15060410101546,BACK_SAGGING,pushup_back_02.mp4,888
160.40808015627928,153.27805643306772,1.3301333445563477,0.2257090826782913,130.57284556735934,0.032997578382492065,0.17143845558166504,137.8364844768517,BACK_SAGGING,pushup_back_02.mp4,891
165.05667397923446,161.70837546728467,1.3042589002279652,0.22110879054577046,127.32305686286782,0.02658674120903015,0.17582762241363525,143.66407959010547,BACK_SAGGING,pushup_back_02.mp4,894
167.46207984716887,173.2576838644852,1.2724447645828427,0.21493183170642705,123.05247886550491,0.021624594926834106,0.18014615774154663,143.87906771201526,BACK_SAGGING,pushup_back_02.mp4,897
168.9035688874354,176.37913262039416,1.2318099432007898,0.2090526636595849,118.4585977736802,0.01815187931060791,0.1837885081768036,150.53571801702645,BACK_SAGGING,pushup_back_02.mp4,900
169.66005677152614,165.19984638199642,1.184672709942474,0.20053224404150985,112.76974687046533,0.017370223999023438,0.18490266799926758,160.28914902448258,BACK_SAGGING,pushup_back_02.mp4,903
171.24771658524284,158.35618953904813,1.144590494785295,0.1950424815079885,107.60628019911853,0.016197800636291504,0.18590524792671204,162.20527356816447,BACK_SAGGING,pushup_back_02.mp4,906
170.3587409919968,151.81298500280346,1.1201089500730823,0.19520951190075933,104.3923323959898,0.018982231616973877,0.18908250331878662,170.88618263713636,BACK_SAGGING,pushup_back_02.mp4,909
175.18436537594633,142.44434760422445,1.0790817370404995,0.19435365898194965,99.32840238196627,0.010892719030380249,0.19178315997123718,176.9126403502606,BACK_SAGGING,pushup_back_02.mp4,912
174.84386700668284,139.01640760787944,1.0715244223726699,0.19839347379602362,98.13621728960048,0.010091274976730347,0.19639632105827332,170.06995441242077,BACK_SAGGING,pushup_back_02.mp4,915
176.67565603283126,136.72809532065,1.0592343436469773,0.19897378430707005,96.77205061777018,0.0061820149421691895,0.19758543372154236,169.6171030877525,BACK_SAGGING,pushup_back_02.mp4,918
176.84790985205728,136.21417787358538,1.0622869212761297,0.20155271070791467,97.01003196081861,0.004345357418060303,0.20004591345787048,166.79484691845568,BACK_SAGGING,pushup_back_02.mp4,921
176.70475827393767,137.20965579275875,1.0630859184480321,0.19943174950550474,97.22283144899615,0.00403866171836853,0.19784903526306152,167.21262941429453,BACK_SAGGING,pushup_back_02.mp4,924
176.3342128185025,138.25618546283525,1.073542996728319,0.19866662638319413,98.49497124686549,0.004639148712158203,0.19648680090904236,170.606461968575,BACK_SAGGING,pushup_back_02.mp4,927
175.88632307432255,139.60138502439386,1.0698662174939684,0.1979707334968189,98.11498139792039,0.005492419004440308,0.19598820805549622,168.39568936378996,BACK_SAGGING,pushup_back_02.mp4,930
175.49062769004308,141.67196321558907,1.0779939619326282,0.19856051624759954,99.04581188117797,0.006230384111404419,0.19609075784683228,167.99230534179438,BACK_SAGGING,pushup_back_02.mp4,933
175.59670900169652,142.83547315400946,1.0832844903335437,0.19886402591084568,99.6707744211235,0.005829453468322754,0.19603773951530457,168.18790316563883,BACK_SAGGING,pushup_back_02.mp4,936
175.46395918229712,145.43986977124908,1.0909703931472758,0.1986933700697758,100.74826471152767,0.00555536150932312,0.1952071487903595,171.34192836269676,BACK_SAGGING,pushup_back_02.mp4,939
174.35909926307644,150.15785568475988,1.1119969932431137,0.20059237463676913,103.30134265779114,0.006274402141571045,0.19521063566207886,170.45648092109874,BACK_SAGGING,pushup_back_02.mp4,942
172.5846569628686,153.94624953367628,1.119860514151326,0.20081203129215947,104.54507704299796,0.008316576480865479,0.1943754255771637,168.57831193219218,BACK_SAGGING,pushup_back_02.mp4,945
169.3602486924284,158.48275234662162,1.135260249309211,0.2027086412018532,106.63517575598753,0.012120425701141357,0.1942238211631775,164.14609565309723,BACK_SAGGING,pushup_back_02.mp4,948
165.927948054797,162.95738824711998,1.1567092662009335,0.205227672608641,109.2534488190283,0.017026394605636597,0.19374796748161316,160.23263589829315,BACK_SAGGING,pushup_back_02.mp4,951
162.9635495941828,170.31421905297728,1.1950865743922618,0.21055542353423426,113.80062730809881,0.021402060985565186,0.19264701008796692,156.8788388142379,BACK_SAGGING,pushup_back_02.mp4,954
160.7792585139844,176.5445531001501,1.2246167176453657,0.21530745942762144,117.09045128156166,0.02621278166770935,0.19168347120285034,150.44341791307977,BACK_SAGGING,pushup_back_02.mp4,957
159.88403339532024,176.49860769335066,1.2486145813577767,0.21605738494242865,120.52407523154076,0.027872830629348755,0.18611225485801697,142.67631674626114,BACK_SAGGING,pushup_back_02.mp4,960
158.60870208201254,171.6253081248158,1.2564469905427909,0.21783586717434206,121.68548041020082,0.02757689356803894,0.18536293506622314,144.4877750068753,BACK_SAGGING,pushup_back_02.mp4,963
157.7169052274928,168.36261740060144,1.2628146049674958,0.2166089146201956,122.84669085617311,0.02989259362220764,0.18197503685951233,145.4117491843257,BACK_SAGGING,pushup_back_02.mp4,966
161.2692014806423,164.602550118403,1.2802925817544464,0.21853665873323247,124.82027056676225,0.024735599756240845,0.17940309643745422,144.0875585651433,BACK_SAGGING,pushup_back_02.mp4,969
159.3349359708592,158.93283042708654,1.3058864189789805,0.22268345002516876,127.7427936127766,0.03055378794670105,0.17608588933944702,147.469508154277,BACK_SAGGING,pushup_back_02.mp4,972
159.1987025619018,153.7865212998533,1.327685872015881,0.22859801260350088,129.60121564967307,0.03095206618309021,0.17612943053245544,138.9232719866675,BACK_SAGGING,pushup_back_02.mp4,975
160.5079754774416,152.458941937132,1.3343075175848713,0.22890358737655622,130.43763993652644,0.02861037850379944,0.17421582341194153,134.01635957304484,BACK_SAGGING,pushup_back_02.mp4,978
159.4386322947634,149.06953170906002,1.3505791041297177,0.23290882517323636,131.92626533777144,0.02963218092918396,0.17327940464019775,134.50189281958072,BACK_SAGGING,pushup_back_02.mp4,981
158.77884863167787,148.5471584613146,1.363138023760308,0.23557651417909994,132.80378095318764,0.03045022487640381,0.1728326678276062,135.9535192791718,BACK_SAGGING,pushup_back_02.mp4,984
158.79261781447937,148.2488000799113,1.3705554713981585,0.23598908102561983,133.58905388405924,0.030582934617996216,0.1709211766719818,138.14995635924376,BACK_SAGGING,pushup_back_02.mp4,987
158.77875454834628,148.0409250832408,1.3715601754865763,0.2360942905752681,133.63666085747255,0.029709339141845703,0.17086204886436462,135.90614293629693,BACK_SAGGING,pushup_back_02.mp4,990
158.81242961070384,146.666679495243,1.3766175757490289,0.23704097233467875,134.29544569090484,0.029684364795684814,0.16965484619140625,137.08495793065646,BACK_SAGGING,pushup_back_02.mp4,993
158.46302972213192,149.70086074691696,1.3713215115330695,0.2354821251893622,133.9007981314128,0.0300847589969635,0.16966795921325684,141.5992116614847,BACK_SAGGING,pushup_back_02.mp4,996
158.1780156118313,149.85420204852542,1.3676229511529878,0.23367611888362202,133.7696107285558,0.029835671186447144,0.1687372624874115,142.62643170942343,BACK_SAGGING,pushup_back_02.mp4,999
157.42772166450146,149.621400822548,1.3652226127012574,0.23142367025538757,133.93765442425712,0.02964615821838379,0.16664040088653564,141.79791853192458,BACK_SAGGING,pushup_back_02.mp4,1002
157.83771714509948,149.4924380949488,1.3636445777762927,0.2295522958721607,134.14442439638717,0.027605712413787842,0.16471686959266663,140.76216684010572,BACK_SAGGING,pushup_back_02.mp4,1005
158.231935572402,147.49478178985197,1.3621124739021129,0.227771191405949,134.45553215455703,0.0253298282623291,0.1625748872756958,137.14336976453657,BACK_SAGGING,pushup_back_02.mp4,1008
158.23486287067138,144.5630757356439,1.3720128790999482,0.23033845886878532,135.37197666282,0.02475714683532715,0.16180583834648132,135.5915975133267,BACK_SAGGING,pushup_back_02.mp4,1011
158.0428258893636,142.11308794433955,1.374702890817506,0.23115424106066204,135.8835974687297,0.023988395929336548,0.16090330481529236,133.7691005892639,BACK_SAGGING,pushup_back_02.mp4,1014
157.73025462531723,140.39170427186028,1.3877309328403589,0.23457345228050522,137.04407694733197,0.023484081029891968,0.15983882546424866,137.76010035538184,BACK_SAGGING,pushup_back_02.mp4,1017
157.54831325181658,140.01370601036126,1.3905213015566005,0.23554345686059613,137.22449223829776,0.0235958993434906,0.15995612740516663,138.0291083958702,BACK_SAGGING,pushup_back_02.mp4,1020
157.06791597635203,140.70782002661667,1.3854709798382838,0.23421172920335437,136.94391690916254,0.024098485708236694,0.1598917841911316,138.45260024152404,BACK_SAGGING,pushup_back_02.mp4,1023
156.73898556509724,140.72698316850054,1.3832146415865796,0.23425279346167,136.8224615425877,0.02443733811378479,0.16028234362602234,139.5498174563256,BACK_SAGGING,pushup_back_02.mp4,1026
155.31086140314403,141.15240688161725,1.3829848393639348,0.23532441894492737,136.49847186533893,0.026917695999145508,0.16198354959487915,140.12067601869342,BACK_SAGGING,pushup_back_02.mp4,1029
154.8709339939699,140.8528292856831,1.3845550864019849,0.2358125060208961,136.61354752110816,0.02736690640449524,0.16197562217712402,140.4380454314453,BACK_SAGGING,pushup_back_02.mp4,1032
153.98870519836717,141.21591466466126,1.379064655024142,0.2351087095729757,136.1157160200867,0.02893844246864319,0.16297084093093872,140.97898354747113,BACK_SAGGING,pushup_back_02.mp4,1035
153.8014224370996,141.3219187549549,1.3786137937976775,0.23508183772411384,136.05208769579443,0.029287755489349365,0.16314029693603516,141.27327619768084,BACK_SAGGING,pushup_back_02.mp4,1038
153.54468601670945,141.66383307367533,1.3777886354215176,0.23535541069813495,135.90908862569165,0.02958667278289795,0.16375261545181274,141.43958202013096,BACK_SAGGING,pushup_back_02.mp4,1041
153.57815427285723,141.71909519548652,1.3789406439424596,0.2357697507341317,136.024495845677,0.02913534641265869,0.1636994481086731,141.7806933118584,BACK_SAGGING,pushup_back_02.mp4,1044
153.88281836312424,142.88659868008386,1.3743565374408953,0.23409011184200693,135.61597681669,0.028876125812530518,0.16373032331466675,140.48998404998576,BACK_SAGGING,pushup_back_02.mp4,1047
154.97008341112732,146.84109142300247,1.3599214919934406,0.23065333912944613,134.23299380348317,0.028424710035324097,0.16525840759277344,143.90655634797076,BACK_SAGGING,pushup_back_02.mp4,1050
156.91941213980692,151.92462886811333,1.3390629912308163,0.2277237885839742,131.71729454952185,0.025949537754058838,0.16997560858726501,152.05727625969223,BACK_SAGGING,pushup_back_02.mp4,1053
162.6535065846585,159.71919021309654,1.3021630230490984,0.21876121085554742,128.10169384894482,0.019351184368133545,0.17214202880859375,152.3213692129188,BACK_SAGGING,pushup_back_02.mp4,1056
161.2959387345946,162.66373696330658,1.2822287929115213,0.21363553039427483,126.05819877926544,0.02091851830482483,0.1727028489112854,146.59798543652593,BACK_SAGGING,pushup_back_02.mp4,1059
163.4507230671512,168.40991467547087,1.2580285137596123,0.20836654224380446,123.33841523731783,0.01860693097114563,0.1740739345550537,145.95765880065156,BACK_SAGGING,pushup_back_02.mp4,1062
167.31365324020098,173.51907422517786,1.245040768159733,0.20966854533001317,121.06722373503487,0.013803452253341675,0.1795910894870758,154.29055841562646,BACK_SAGGING,pushup_back_02.mp4,1065
167.54219322227695,178.35642539111055,1.2175667298525306,0.2065591681548788,117.64991490491506,0.013140887022018433,0.18296760320663452,152.6086990769954,BACK_SAGGING,pushup_back_02.mp4,1068
166.87396650475515,173.3291806573523,1.1937608975272211,0.2022219746528476,114.91664530693856,0.016460329294204712,0.18339753150939941,148.2880304201086,BACK_SAGGING,pushup_back_02.mp4,1071
169.48727990765502,167.18467606018743,1.1755612016981425,0.19627394504086346,112.75838361129176,0.013081103563308716,0.1809912919998169,149.36097309285992,BACK_SAGGING,pushup_back_02.mp4,1074
170.4002540467178,164.12861553278853,1.1725803770765217,0.19431259482740726,112.084126831276,0.009890854358673096,0.1800549030303955,158.80807095319636,BACK_SAGGING,pushup_back_02.mp4,1077
170.72429757873036,161.4955315394813,1.1707612766951399,0.19680094287227437,111.28412062710518,0.008570939302444458,0.18337610363960266,162.54288916987326,BACK_SAGGING,pushup_back_02.mp4,1080
173.59731661821903,160.3742000832267,1.1679390267180165,0.1962450304965508,110.79293011513023,0.003687053918838501,0.18346214294433594,165.44669752076334,BACK_SAGGING,pushup_back_02.mp4,1083
175.41684090157463,162.1067908950355,1.1729323838164842,0.19639301001278311,111.40089772646822,0.0005352497100830078,0.18285030126571655,165.27040214684774,BACK_SAGGING,pushup_back_02.mp4,1086
172.91928950136517,163.90675021374776,1.1817585834538924,0.199767214899478,112.15241850812531,0.003821820020675659,0.18501967191696167,161.19552721363988,BACK_SAGGING,pushup_back_02.mp4,1089
173.04610184050733,168.12184643673535,1.1934323789221009,0.19773382998783384,113.94612711876002,0.0014156699180603027,0.18071258068084717,155.19890301400352,BACK_SAGGING,pushup_back_02.mp4,1092
169.3170132805698,173.1560157718931,1.2170223417069461,0.1999842397504676,116.80273757396786,0.005234062671661377,0.17849650979042053,143.93115628007655,BACK_SAGGING,pushup_back_02.mp4,1095
165.6666907696711,179.1105365841706,1.24605812403101,0.20687694035151638,120.02376310608356,0.010286509990692139,0.17911487817764282,140.3710279013864,BACK_SAGGING,pushup_back_02.mp4,1098
163.2099584387473,174.67428620585244,1.2798694151480685,0.2135072763412238,123.61812364250711,0.013417661190032959,0.1777936816215515,139.4040935951941,BACK_SAGGING,pushup_back_02.mp4,1101
161.76396322832252,170.76385127008763,1.2976856505110366,0.21683604082330826,125.43927691971807,0.01638561487197876,0.17665880918502808,140.4293837712402,BACK_SAGGING,pushup_back_02.mp4,1104
161.42992081050429,167.24282434500688,1.3046885230786616,0.21875049683185532,126.78089265971991,0.016019374132156372,0.17519959807395935,141.36977490479416,BACK_SAGGING,pushup_back_02.mp4,1107
158.77110714373953,163.90381520787565,1.3006424068291575,0.21849739766831855,127.03792096798597,0.020544975996017456,0.1744081676006317,145.4645675930923,BACK_SAGGING,pushup_back_02.mp4,1110
156.14614536853756,161.69792421872182,1.2812019157082801,0.21606831680114008,125.89607395608215,0.02479812502861023,0.17502877116203308,148.93307474850994,BACK_SAGGING,pushup_back_02.mp4,1113
155.86283780029447,159.66556847943403,1.2700202585063074,0.21524822718313108,125.2815826088705,0.025265038013458252,0.17570805549621582,147.14446952373783,BACK_SAGGING,pushup_back_02.mp4,1116
152.1156245756269,157.28588001204508,1.2570734637966299,0.21518385236897974,124.51637205840032,0.02592739462852478,0.17729991674423218,144.64719223178673,BACK_SAGGING,pushup_back_02.mp4,1119
150.58231462336687,152.60576250556932,1.2645184096586282,0.2193371674416227,125.55936281510144,0.028134971857070923,0.17842957377433777,139.39612870029285,BACK_SAGGING,pushup_back_02.mp4,1122
146.00333345269271,152.46319753609043,1.2491086039706012,0.2150054486267271,124.75145217952279,0.03617286682128906,0.1766515076160431,143.25464059036725,BACK_SAGGING,pushup_back_02.mp4,1125
143.96371181558652,151.83348819892393,1.2473086702722498,0.21438461282646182,124.85538837944573,0.04032805562019348,0.17591941356658936,144.25690025100118,BACK_SAGGING,pushup_back_02.mp4,1128
143.88230212082277,150.65899678866205,1.2569371060808052,0.21644449933265703,125.97439943601063,0.04034101963043213,0.17515984177589417,143.0586605076859,BACK_SAGGING,pushup_back_02.mp4,1131
145.188502566639,151.2048520194486,1.2592511925546004,0.21552098537807188,126.24251367633998,0.03935512900352478,0.17381805181503296,142.06342853083152,BACK_SAGGING,pushup_back_02.mp4,1134
146.43334740923711,150.35016789636163,1.2606877541630142,0.21124095826578593,127.0316635158917,0.03619977831840515,0.1686297059059143,141.94741464657798,BACK_SAGGING,pushup_back_02.mp4,1137
146.11387803002515,151.69665024721505,1.2558757133427252,0.2104425901957932,126.29305973930394,0.03599950671195984,0.16961237788200378,141.9751684956951,BACK_SAGGING,pushup_back_02.mp4,1140
147.31973109647015,155.05559141189508,1.2384027182964805,0.2053797865427627,124.27977746147683,0.0344032347202301,0.16970089077949524,141.7107008100673,BACK_SAGGING,pushup_back_02.mp4,1143
156.69570460336723,161.778433092168,1.215356259045058,0.20279380239833197,120.62709254912157,0.02439051866531372,0.17450129985809326,144.41082597147175,BACK_SAGGING,pushup_back_02.mp4,1146
161.48899355898757,168.13456169267428,1.2032468845505777,0.20386029783793985,118.29482634109942,0.01812836527824402,0.179500550031662,143.27787937290915,BACK_SAGGING,pushup_back_02.mp4,1149
164.02065141211756,173.4261889010912,1.1979551492846132,0.2050797468088638,117.124986491729,0.01560145616531372,0.1825215220451355,145.75280783762963,BACK_SAGGING,pushup_back_02.mp4,1152
165.52382907841445,178.29601989438225,1.1961475667084696,0.20213822579673463,116.65002327313286,0.012678742408752441,0.1806614100933075,151.3110923940549,BACK_SAGGING,pushup_back_02.mp4,1155
167.84067258166633,176.70527173625885,1.2032782891076923,0.20081181888278607,116.7560058575511,0.010381430387496948,0.17930898070335388,147.48267445797777,BACK_SAGGING,pushup_back_02.mp4,1158
169.18699309935843,174.22847662397206,1.2027399912003351,0.19926859965593685,116.37245944820404,0.008595794439315796,0.1785275936126709,148.57999578982498,BACK_SAGGING,pushup_back_02.mp4,1161
171.71719152207402,169.78049327137305,1.1809832557093765,0.19425486406998815,113.84696921976578,0.005056411027908325,0.17766925692558289,156.42233143879292,BACK_SAGGING,pushup_back_02.mp4,1164
172.6104470472856,169.3777575396283,1.1950830044416199,0.19562588283138746,115.00682974875804,0.0030381977558135986,0.17728543281555176,158.38021981455373,BACK_SAGGING,pushup_back_02.mp4,1167
172.68464406454171,167.8470450930783,1.1873905195258463,0.19574107054633563,113.95473058960812,0.0026991069316864014,0.17887941002845764,158.69591028828523,BACK_SAGGING,pushup_back_02.mp4,1170
170.63987193385725,169.70429612360005,1.1964820448778415,0.19549680137880582,115.36249367308835,0.003947705030441284,0.1766519844532013,155.80621295385228,BACK_SAGGING,pushup_back_02.mp4,1173
170.37131491456336,170.2533817951202,1.2000228796010761,0.19373722260420267,116.03567822611095,0.003631383180618286,0.17407479882240295,150.76464484983427,BACK_SAGGING,pushup_back_02.mp4,1176
168.9310169186298,176.33876884788174,1.2640915541456739,0.20735293155474618,122.99525124865787,0.005388915538787842,0.1739066243171692,141.990987430625,BACK_SAGGING,pushup_back_02.mp4,1179
168.26007899430354,168.0127288332718,1.3013359438543173,0.21461772948064092,126.96898319652905,0.0067102909088134766,0.17146670818328857,131.67045974336722,BACK_SAGGING,pushup_back_02.mp4,1182
166.5337954157402,160.58625008023176,1.3319922173861387,0.21983249141793162,130.25897380850745,0.009177833795547485,0.16775557398796082,127.73129154819546,BACK_SAGGING,pushup_back_02.mp4,1185
166.07861736081233,156.18314594325864,1.3495535255880817,0.22239679204466412,132.18058322226912,0.00935104489326477,0.1647970974445343,135.45636848872888,BACK_SAGGING,pushup_back_02.mp4,1188
165.48919016412464,149.7280228601699,1.3894806135711861,0.23169838503606036,135.39622285982566,0.008689135313034058,0.1626913845539093,137.51411714572043,BACK_SAGGING,pushup_back_02.mp4,1191
165.48831053448455,143.84327347157614,1.4395925582171198,0.24137780975092338,139.12547095076846,0.008909732103347778,0.1579500436782837,140.14359194298027,BACK_SAGGING,pushup_back_02.mp4,1194
162.83910356167695,135.60840353983588,1.485570150586672,0.2554795921058502,142.23205627140004,0.011656910181045532,0.15646207332611084,138.16836620929638,BACK_SAGGING,pushup_back_02.mp4,1197
163.0911945549441,131.6518929489046,1.4942284191268713,0.25592911285740566,143.64184793027246,0.01086270809173584,0.15171173214912415,134.99131008047806,BACK_SAGGING,pushup_back_02.mp4,1200
161.7441943551588,127.4371717913389,1.5083969624588516,0.25772191436470954,145.53273222109405,0.01092866063117981,0.14584192633628845,131.30893776851585,BACK_SAGGING,pushup_back_02.mp4,1203
162.26173629731255,126.99897939656438,1.510409566797036,0.25761326099870646,145.84939104957675,0.009241461753845215,0.14460420608520508,130.0682664265067,BACK_SAGGING,pushup_back_02.mp4,1206
163.15147939713768,127.78309647776437,1.512352238384981,0.25646748068325226,146.00410744985993,0.006603628396987915,0.14338725805282593,131.21670921217483,BACK_SAGGING,pushup_back_02.mp4,1209
163.60586401535517,128.696720795009,1.5016772594437218,0.252721129453704,145.55474579701732,0.005218446254730225,0.14293172955513,130.24735160631144,BACK_SAGGING,pushup_back_02.mp4,1212
164.03482233302236,128.633660634491,1.504350139950293,0.2527936876035799,145.46982734673966,0.004871726036071777,0.14328163862228394,129.4633690879657,BACK_SAGGING,pushup_back_02.mp4,1215
168.61364664358803,127.73410158250095,1.5131627557605098,0.2569148177101513,145.0481016011439,0.00019508600234985352,0.14717182517051697,139.84355844586335,BACK_SAGGING,pushup_back_02.mp4,1218
168.45009654467466,133.33774225064468,1.4923095015530672,0.255392974029757,142.17437531612788,0.0017933249473571777,0.15661221742630005,144.75273193787848,BACK_SAGGING,pushup_back_02.mp4,1221
168.2530832179296,137.13504167447303,1.4729024934241002,0.25214959557783106,140.22503413537945,0.002034991979598999,0.16130951046943665,142.8729676950138,BACK_SAGGING,pushup_back_02.mp4,1224
170.5853025998175,143.54809757266716,1.450933605148836,0.24789212126923107,138.2409232659272,6.449222564697266e-05,0.1650877594947815,146.46958160611663,BACK_SAGGING,pushup_back_02.mp4,1227
170.72588690793737,150.66550023512758,1.4178559059870415,0.24130800334291388,135.2846768662353,0.0010526180267333984,0.16977345943450928,145.64031601702126,BACK_SAGGING,pushup_back_02.mp4,1230
170.10963289324522,156.2564656423811,1.3990890407412184,0.24175062565784633,132.7147010914075,0.0021744966506958008,0.17761772871017456,150.88280888711978,BACK_SAGGING,pushup_back_02.mp4,1233
169.9607014803822,161.18993244045825,1.3683262689233515,0.23561191390560152,130.20194108797352,0.004423737525939941,0.1799488365650177,154.53935658945483,BACK_SAGGING,pushup_back_02.mp4,1236
170.12530639974128,167.19293226951237,1.3490283380962405,0.23250748901211146,128.35512667593713,0.004493236541748047,0.18232274055480957,163.12493763501843,BACK_SAGGING,pushup_back_02.mp4,1239
172.75720701341663,171.2372014935125,1.3223227838570282,0.22784703849232554,126.08744639601348,0.0017796456813812256,0.1841232180595398,159.52103046129366,BACK_SAGGING,pushup_back_02.mp4,1242
171.83026992633157,172.55826251543297,1.3088473320554432,0.2250266008621802,124.86075989229712,0.0038648247718811035,0.18464013934135437,156.29544927133017,BACK_SAGGING,pushup_back_02.mp4,1245
171.96870568160017,174.3739021807602,1.3006311282221434,0.22249394420809243,124.27109718428169,0.004643440246582031,0.18386125564575195,153.95515320957978,BACK_SAGGING,pushup_back_02.mp4,1248
169.75222653259394,175.1741749257361,1.3006730018530588,0.22199638499219046,124.37458690932588,0.00917118787765503,0.18322396278381348,154.88513707015713,BACK_SAGGING,pushup_back_02.mp4,1251
167.27419531351532,172.69622062908883,1.310091264604156,0.22198991510475147,125.61273192935111,0.011813759803771973,0.18046727776527405,148.9162856605404,BACK_SAGGING,pushup_back_02.mp4,1254
165.43043889722787,168.13309327309568,1.3204295031291635,0.21994033828726575,127.6941198587045,0.013182848691940308,0.17403104901313782,148.83503499803976,BACK_SAGGING,pushup_back_02.mp4,1257
162.58986231211114,162.2596203817957,1.3431253903532674,0.2235990209419139,130.05079040786504,0.016666799783706665,0.17115390300750732,149.16750626212922,BACK_SAGGING,pushup_back_02.mp4,1260
159.19907237619765,155.61638838718645,1.3529368262668164,0.22745429475218046,131.4179966611561,0.02144792675971985,0.17056289315223694,149.22611980980363,BACK_SAGGING,pushup_back_02.mp4,1263
158.90075196836824,150.46378975523524,1.3666054988783918,0.23360498351356365,132.79954396134946,0.021641790866851807,0.17139792442321777,150.99982408944012,BACK_SAGGING,pushup_back_02.mp4,1266
153.63033586273878,150.1287993768919,1.3307178562715831,0.22819265613324516,131.09837514417538,0.027073413133621216,0.1719561517238617,151.76830749119839,BACK_SAGGING,pushup_back_02.mp4,1269
151.77682139632896,147.27244663348768,1.313228945688001,0.22460786439263433,130.85502485174015,0.027152419090270996,0.16988036036491394,148.7486616829434,BACK_SAGGING,pushup_back_02.mp4,1272
147.83922915527143,147.6459217549919,1.2881024443343114,0.21905767605001358,129.3002582798446,0.03256294131278992,0.16950982809066772,146.6564522240551,BACK_SAGGING,pushup_back_02.mp4,1275
145.5593752939141,146.1865048967021,1.2767011710617475,0.21695941983527484,128.82840479226206,0.03504219651222229,0.16901224851608276,146.99974183873235,BACK_SAGGING,pushup_back_02.mp4,1278
146.18272624063553,145.10115488405788,1.2777563039428699,0.21664597130720298,128.9006402685913,0.035091400146484375,0.16859665513038635,144.31144894779757,BACK_SAGGING,pushup_back_02.mp4,1281
146.72319157993695,147.34620334325876,1.2769812272350005,0.2154464158231538,128.6627528798147,0.03510364890098572,0.16822347044944763,145.31213273775384,BACK_SAGGING,pushup_back_02.mp4,1284
148.6459542799823,148.55224434311265,1.2810829083043593,0.2155335637011224,128.9427327779651,0.03242135047912598,0.16763144731521606,146.36602382434765,BACK_SAGGING,pushup_back_02.mp4,1287
148.7627771816109,151.46492065664646,1.2724354680392171,0.21440606358957146,127.52464149129861,0.0318775475025177,0.17003893852233887,146.11763424727548,BACK_SAGGING,pushup_back_02.mp4,1290
150.3401807921585,157.43188352342568,1.2516943771107198,0.213358998124166,124.30413700692564,0.029832780361175537,0.17624297738075256,146.66819054038652,BACK_SAGGING,pushup_back_02.mp4,1293
153.04702645329647,163.67368340534276,1.235662998434021,0.21231399813773752,121.97965405896683,0.0250890851020813,0.18008911609649658,147.77855010244392,BACK_SAGGING,pushup_back_02.mp4,1296
158.82053479113014,169.2437586703164,1.219740603162116,0.20993455135064085,119.74822963624267,0.0178816020488739,0.18226531147956848,151.61614282460727,BACK_SAGGING,pushup_back_02.mp4,1299
163.86052433338924,177.06702579579624,1.1899497790827815,0.20374537983314311,116.09934333797023,0.01197466254234314,0.18296784162521362,154.79297382458935,BACK_SAGGING,pushup_back_02.mp4,1302
164.07874777282402,179.52193138632234,1.194806660702424,0.20430405163312643,116.23569799459831,0.010578691959381104,0.18325510621070862,155.15071917574716,BACK_SAGGING,pushup_back_02.mp4,1305
165.70322514086394,174.7425118390782,1.1954007038321692,0.20339415110072917,115.54367640612494,0.009558022022247314,0.18351170420646667,150.70569751846696,BACK_SAGGING,pushup_back_02.mp4,1308
169.10759597486742,174.11373477417712,1.2039085361083917,0.2021271220190815,116.377396750649,0.005606502294540405,0.1810808777809143,151.9263301360039,BACK_SAGGING,pushup_back_02.mp4,1311
171.8611102900747,173.09920936976786,1.213505986503327,0.2032031932785169,116.94892117311183,0.0022788047790527344,0.18113523721694946,154.14299238611724,BACK_SAGGING,pushup_back_02.mp4,1314
173.92760027156248,173.85133477329677,1.2208125881455534,0.20133720184513354,118.06133893599768,0.003053635358810425,0.17766639590263367,152.60819581445656,BACK_SAGGING,pushup_back_02.mp4,1317
175.01487876835702,177.04948176231665,1.2395067622486688,0.20535411519470462,119.86535889856205,0.005900174379348755,0.17807981371879578,153.1317721327201,BACK_SAGGING,pushup_back_02.mp4,1320
173.61633484987385,178.2883977933355,1.244951864403753,0.2050919452061781,120.67963217380229,0.00537225604057312,0.17638295888900757,154.75036949477945,BACK_SAGGING,pushup_back_02.mp4,1323
171.25621466392425,179.0795894022258,1.2411392670920522,0.20246254507476755,121.19635754301795,0.0041835010051727295,0.17318275570869446,157.76395395559226,BACK_SAGGING,pushup_back_02.mp4,1326
163.17902851113362,175.84670068316788,1.2302352136162467,0.20036719243777393,120.99757843687397,0.004459112882614136,0.17174947261810303,159.11018932290065,BACK_SAGGING,pushup_back_02.mp4,1329
162.38195569734864,172.813591502237,1.222064260048207,0.19874292890982245,120.95348134212685,0.005632311105728149,0.17043590545654297,154.83667382630816,BACK_SAGGING,pushup_back_02.mp4,1332
160.76066837097767,165.59931956830857,1.2373271702534843,0.2017427636668917,123.29750457532964,0.006879329681396484,0.168619304895401,145.2266629148598,BACK_SAGGING,pushup_back_02.mp4,1335
159.36662002467634,160.13293765637076,1.2465329962709577,0.20484447730251826,124.50029951142918,0.009596258401870728,0.16881319880485535,144.90662021737674,BACK_SAGGING,pushup_back_02.mp4,1338
156.63382111747362,157.6606567730824,1.2483015568451403,0.20805119568426503,124.5890905421869,0.014960169792175293,0.17127308249473572,146.31647521840353,BACK_SAGGING,pushup_back_02.mp4,1341
154.08634289375914,152.9782829046335,1.252470404160525,0.20957158134343168,125.61617129445725,0.018728286027908325,0.17036420106887817,139.14309123596632,BACK_SAGGING,pushup_back_02.mp4,1344
152.39591066616134,148.71782359450245,1.2658853201055889,0.2132767707168507,127.28503438714655,0.02063119411468506,0.16968515515327454,137.90373542806424,BACK_SAGGING,pushup_back_02.mp4,1347
151.06954546172335,145.15585784391297,1.274593378291535,0.21179838064446715,129.0111297665367,0.022922635078430176,0.1645672619342804,137.91259222707117,BACK_SAGGING,pushup_back_02.mp4,1350
152.7595907382983,144.20863269084538,1.2783172332288517,0.21124298054898055,129.60421481227152,0.020870447158813477,0.16275033354759216,133.51802083958768,BACK_SAGGING,pushup_back_02.mp4,1353
153.34001473947075,143.03655437377978,1.2845689955373978,0.21354804696939694,130.04613285346264,0.02033090591430664,0.1634713113307953,133.00830417420377,BACK_SAGGING,pushup_back_02.mp4,1356
153.308254503102,143.40318495811013,1.2831611592773762,0.21203163922969173,130.11244602806042,0.01998087763786316,0.16215243935585022,129.67269064405423,BACK_SAGGING,pushup_back_02.mp4,1359
153.6679424148952,144.27268134071429,1.2801869232117222,0.21207007130905423,129.49964961526516,0.019752174615859985,0.1636340618133545,128.6639323541252,BACK_SAGGING,pushup_back_02.mp4,1362
153.75070201500793,146.95620658700523,1.2781472314173516,0.21098092075264277,128.9712816035003,0.0200023353099823,0.16402441263198853,127.00531225160653,BACK_SAGGING,pushup_back_02.mp4,1365
155.19148425463072,153.52675423256764,1.2608809092466318,0.2070610600541267,126.56749796088894,0.019083738327026367,0.1662978231906891,122.04992838054432,BACK_SAGGING,pushup_back_02.mp4,1368
157.69524265465708,158.77459184771004,1.2507005954548485,0.2046916401039884,124.7029197166699,0.0158541202545166,0.1682761311531067,113.67802648798474,BACK_SAGGING,pushup_back_02.mp4,1371
159.6633858962846,165.0056502506044,1.238556220318473,0.20354346671490461,122.49912158684289,0.014486342668533325,0.17166507244110107,122.93517587405583,BACK_SAGGING,pushup_back_02.mp4,1374
162.137535027323,164.21666483256703,1.2419990755553696,0.20674831485796782,122.24514765566587,0.011064410209655762,0.17485877871513367,119.07332619023533,BACK_SAGGING,pushup_back_02.mp4,1377
166.72941807312205,165.0792696129482,1.2633338178475964,0.20640629581222442,124.16561532354869,0.004162997007369995,0.17078042030334473,113.67639903738646,BACK_SAGGING,pushup_back_02.mp4,1380
170.08761141787195,167.20952681812892,1.2683264590787227,0.20605568310053074,124.44502957246306,0.0019630491733551025,0.16992390155792236,114.41598786140275,BACK_SAGGING,pushup_back_02.mp4,1383
171.52188565366995,167.6757340407433,1.2821503743303897,0.20830362441186875,125.45426279599776,0.004326462745666504,0.16967558860778809,122.98700667425744,BACK_SAGGING,pushup_back_02.mp4,1386
172.51479270249467,166.31832002935383,1.312288466888858,0.21337459219933413,127.67872515151518,0.006476253271102905,0.1688707172870636,123.98666440851954,BACK_SAGGING,pushup_back_02.mp4,1389
170.0396203766677,164.59353604500538,1.3041915356354048,0.21085901755314648,127.62568788395149,0.003944694995880127,0.16699901223182678,124.34065964065665,BACK_SAGGING,pushup_back_02.mp4,1392
167.56996126683822,163.01025919556815,1.3052356769801907,0.20949397537004608,128.35250282991342,0.0019980967044830322,0.164281964302063,126.30591571184779,BACK_SAGGING,pushup_back_02.mp4,1395
167.57384171472603,159.82781062568947,1.3237728004851737,0.21504769561274328,129.75481667701047,0.00039437413215637207,0.16532078385353088,127.9261287897419,BACK_SAGGING,pushup_back_02.mp4,1398
166.9160666477711,152.80265155027115,1.3567023433322907,0.22616951784233347,132.28607018363368,0.0018612146377563477,0.167312890291214,134.62970588558827,BACK_SAGGING,pushup_back_02.mp4,1401
164.2392885199929,147.88841209046097,1.3684372500976587,0.2330433879997078,133.27918669792618,0.008183389902114868,0.1696542203426361,141.6770116670875,BACK_SAGGING,pushup_back_02.mp4,1404
160.29980288467723,146.47618179483982,1.3417460308864326,0.22884812767540702,132.3650718202011,0.015349149703979492,0.16908201575279236,146.44371839051604,BACK_SAGGING,pushup_back_02.mp4,1407
155.85193062870192,144.8891980200065,1.3303781605669347,0.22633238846645645,132.48601449840376,0.0227048397064209,0.1669008731842041,148.4792939295804,BACK_SAGGING,pushup_back_02.mp4,1410
150.98972290421585,142.20370126766332,1.3188683798779612,0.2260592849712742,132.12640293559505,0.02823430299758911,0.1676546037197113,140.81320668651662,BACK_SAGGING,pushup_back_02.mp4,1413
148.0397918173405,140.02021582642135,1.3141645066228416,0.2277910707787798,131.88139760208708,0.033229440450668335,0.16959092020988464,144.5779405219127,BACK_SAGGING,pushup_back_02.mp4,1416
145.98664186780042,138.96485758350804,1.299682501592163,0.22752335599413656,130.32280394857452,0.0358121395111084,0.17346078157424927,142.175736194603,BACK_SAGGING,pushup_back_02.mp4,1419
141.69661539126358,138.66825901801644,1.2864712496782222,0.22546949684591577,129.1463089147909,0.04161977767944336,0.17485466599464417,144.35338291766138,BACK_SAGGING,pushup_back_02.mp4,1422
139.83990626278043,139.38200107963095,1.2799115235186982,0.22383110440397797,128.5498363851989,0.04526570439338684,0.17504581809043884,144.39064514229,BACK_SAGGING,pushup_back_02.mp4,1425
139.93743952823442,138.36986689405362,1.2780039524020554,0.2248260609687205,128.229450082896,0.045685648918151855,0.1766047477722168,144.18003200756812,BACK_SAGGING,pushup_back_02.mp4,1428
140.5153849681724,138.32735976843398,1.2728890082329194,0.2232895797791346,127.88987450991876,0.04579541087150574,0.17621371150016785,143.5189504660029,BACK_SAGGING,pushup_back_02.mp4,1431
141.57780921202735,137.95261244190297,1.2804390430344783,0.22499157005227777,128.43328626986388,0.04500153660774231,0.1762382686138153,142.85551247861355,BACK_SAGGING,pushup_back_02.mp4,1434
142.02282613736944,138.46641501983348,1.2840048234464319,0.22600321290162376,128.6298219968088,0.044847846031188965,0.17654773592948914,143.74559351065417,BACK_SAGGING,pushup_back_02.mp4,1437
144.0549553738068,139.67972146562656,1.2962667091482214,0.22809248236736723,129.2691409460867,0.04361632466316223,0.17657974362373352,143.31892862790212,BACK_SAGGING,pushup_back_02.mp4,1440
149.1604876512541,143.45844159030116,1.307329343512906,0.22963045371824048,129.7314001633901,0.037109702825546265,0.17659184336662292,147.59917808654862,BACK_SAGGING,pushup_back_02.mp4,1443
172.25041756113265,147.00905468637325,1.0962146267846897,0.19579064554058442,101.39502107330007,0.011143118143081665,0.191930890083313,171.75838554097746,BACK_SAGGING,pushup_back_03.mp4,3
171.43569245156374,138.9675720806762,1.0559605676184696,0.19543836128056416,96.4992469017136,0.012477874755859375,0.19418221712112427,173.64092473764154,BACK_SAGGING,pushup_back_03.mp4,6
167.76373570247267,135.67613815326195,1.0422754860051566,0.19567938000390603,94.83496300354055,0.018054068088531494,0.19498300552368164,174.50734535859337,BACK_SAGGING,pushup_back_03.mp4,9
166.36950548547009,137.24223762948708,1.0514011900365785,0.19410240053986041,95.9062183535372,0.01932099461555481,0.19307193160057068,171.78284857199216,BACK_SAGGING,pushup_back_03.mp4,12
165.7912163088083,140.07169159842366,1.0571539305016435,0.19381026455502565,96.57271098073464,0.018442988395690918,0.19253629446029663,164.2789955171442,BACK_SAGGING,pushup_back_03.mp4,15
166.60553314381625,137.46942913790886,1.0624706693954338,0.19525551402376315,97.14147467996193,0.016753733158111572,0.1937406063079834,167.92730518900888,BACK_SAGGING,pushup_back_03.mp4,18
169.78000226838853,137.9262271598026,1.0664115216272032,0.19538436955292593,97.59151163797098,0.011923551559448242,0.19367167353630066,169.4028216584329,BACK_SAGGING,pushup_back_03.mp4,21
170.23760270826716,136.9834935581606,1.0635352596773444,0.19511939528930505,97.27336665282454,0.011148422956466675,0.19354918599128723,170.70515334031688,BACK_SAGGING,pushup_back_03.mp4,24
170.4142410188207,135.59900912129223,1.0570877926506614,0.1944033986347709,96.55799863330826,0.0106126070022583,0.1931312382221222,170.82619308229008,BACK_SAGGING,pushup_back_03.mp4,27
170.25115127666402,135.93906473228088,1.0583257810958118,0.19411733309381402,96.71681323086102,0.011234760284423828,0.19278484582901,170.987961171386,BACK_SAGGING,pushup_back_03.mp4,30
170.1272818630877,142.79939714646895,1.0947244203223012,0.1947783474440698,100.98089926174417,0.011421233415603638,0.1912117302417755,167.047785917874,BACK_SAGGING,pushup_back_03.mp4,33
169.00584917368005,152.26639519621926,1.1423993930137266,0.19949927933767345,106.62969703686933,0.013417929410934448,0.19115424156188965,170.6006081071098,BACK_SAGGING,pushup_back_03.mp4,36
165.34811340632717,164.9861014519798,1.197738399665409,0.21005339584110147,112.81138360848078,0.018139928579330444,0.1936226785182953,163.58583076165405,BACK_SAGGING,pushup_back_03.mp4,39
164.24373522835882,174.27636736958394,1.2432500734318583,0.21765608138518955,117.41740353367867,0.02112478017807007,0.1932055950164795,151.00667759902282,BACK_SAGGING,pushup_back_03.mp4,42
163.02656484575638,176.63975191648657,1.295758207276057,0.22602974581650923,122.62291423398611,0.02362436056137085,0.19036713242530823,143.08463515999256,BACK_SAGGING,pushup_back_03.mp4,45
163.72081720912834,168.94674631401875,1.3331091362394778,0.23506270858951583,125.61280712560352,0.023327380418777466,0.19109490513801575,130.07362615275446,BACK_SAGGING,pushup_back_03.mp4,48
163.486048659886,156.81875145418073,1.3829007197906933,0.2392603567355446,131.20849293955925,0.02406027913093567,0.17999392747879028,110.64393443469513,BACK_SAGGING,pushup_back_03.mp4,51
163.39550572271284,151.19588381293562,1.406579431289798,0.24226091228217592,133.62025175017666,0.02328696846961975,0.1753728985786438,130.07992275564143,BACK_SAGGING,pushup_back_03.mp4,54
165.53886751387756,144.24219731713856,1.4366535425395863,0.24759265092228686,136.48743904138854,0.019351840019226074,0.17046326398849487,130.77582936193429,BACK_SAGGING,pushup_back_03.mp4,57
166.44001849788287,139.89124251105704,1.4557891041789137,0.24797712550565218,138.9374959510375,0.01609298586845398,0.16288304328918457,132.7324584685699,BACK_SAGGING,pushup_back_03.mp4,60
166.96526754526988,135.05211793342357,1.4819497306239664,0.25208833511334605,141.36358420061282,0.016098350286483765,0.15738818049430847,129.8816702688355,BACK_SAGGING,pushup_back_03.mp4,63
167.3889225421504,129.7512710445781,1.5035293046331117,0.25399102245332694,143.93892901192103,0.013526886701583862,0.1495000123977661,128.1999011265341,BACK_SAGGING,pushup_back_03.mp4,66
168.92799344575613,129.334060285368,1.5047087959974448,0.2537616114572654,144.18055282491292,0.009129911661148071,0.14849841594696045,128.07376885254956,BACK_SAGGING,pushup_back_03.mp4,69
167.34212913759188,132.2948371970145,1.4995691155681736,0.25357865780821537,143.00915084110508,0.011702507734298706,0.15256449580192566,132.69946650712305,BACK_SAGGING,pushup_back_03.mp4,72
165.30182695588803,135.75757476191464,1.485129975873948,0.250990313438935,141.46030146684285,0.015032827854156494,0.15637138485908508,131.3934556132632,BACK_SAGGING,pushup_back_03.mp4,75
164.56583538480373,141.5988471080391,1.4674569118650629,0.24860161326851068,139.41720039566349,0.02133047580718994,0.1617179811000824,141.28578306491053,BACK_SAGGING,pushup_back_03.mp4,78
163.74946077538786,150.65490149367855,1.4267417250268342,0.2379625711561187,136.40589710536509,0.02361789345741272,0.16407829523086548,156.89493549075453,BACK_SAGGING,pushup_back_03.mp4,81
164.19808889924354,157.77481108695164,1.3892024117099742,0.23027619347385844,133.07486009364754,0.02806985378265381,0.16820162534713745,155.66030412298556,BACK_SAGGING,pushup_back_03.mp4,84
164.34646151883513,168.42423939340406,1.3505036696395667,0.22382582706540755,129.1332853064583,0.030421316623687744,0.1736120581626892,167.4872735827854,BACK_SAGGING,pushup_back_03.mp4,87
163.48854148178808,179.55854306604095,1.2920460876880953,0.21496433870935944,123.09381699845497,0.03160637617111206,0.18008875846862793,174.96816218826453,BACK_SAGGING,pushup_back_03.mp4,90
164.04954857497623,167.2970332341812,1.2331255641326644,0.20866759039906937,116.50086885604021,0.029813379049301147,0.18674015998840332,176.92007595950182,BACK_SAGGING,pushup_back_03.mp4,93
164.81468962994933,161.83026248108158,1.190788403648391,0.20043092859911354,112.34705619760139,0.022321254014968872,0.18537655472755432,179.1995369260633,BACK_SAGGING,pushup_back_03.mp4,96
168.73810169846143,154.9047492359411,1.1691100720484475,0.20018226661558058,109.72172941219334,0.009549647569656372,0.18843889236450195,175.19955127587784,BACK_SAGGING,pushup_back_03.mp4,99
172.47913588450663,144.5931585606168,1.120355511886823,0.1943298288304223,104.28551704233928,0.001101464033126831,0.18832015991210938,175.07013455357946,BACK_SAGGING,pushup_back_03.mp4,102
176.00570774996794,139.61852408351587,1.0962579678111974,0.19539463335164997,101.3284870422395,0.012663692235946655,0.1915873885154724,176.0440903583322,BACK_SAGGING,pushup_back_03.mp4,105
177.7623507439136,127.29073822584405,1.0295615816020058,0.19643611770376154,93.42720145573823,0.018880784511566162,0.19608476758003235,176.89589443878148,BACK_SAGGING,pushup_back_03.mp4,108
178.7724658724756,118.27462670395938,0.9729823453838357,0.19236654932054562,86.80067213703919,0.0238608717918396,0.19206669926643372,172.78833376688854,BACK_SAGGING,pushup_back_03.mp4,111
174.93476126318336,112.4056517572553,0.9397346513607004,0.1879330152235773,82.67818313404791,0.02324053645133972,0.18640044331550598,174.51577610636346,BACK_SAGGING,pushup_back_03.mp4,114
175.31948476256622,107.5244868868141,0.9073162953700009,0.18999396633440654,78.67419855289641,0.026349365711212158,0.18629369139671326,171.7271689029302,BACK_SAGGING,pushup_back_03.mp4,117
174.2927578092409,100.72249428398415,0.8721843011412624,0.19521659792352253,74.3032898632692,0.024786919355392456,0.18793568015098572,171.6899208554986,BACK_SAGGING,pushup_back_03.mp4,120
174.89477410515815,98.64012094689254,0.8588934439683523,0.1953214888028876,72.0076350482253,0.02484339475631714,0.18576881289482117,172.32673265480932,BACK_SAGGING,pushup_back_03.mp4,123
172.56693402755633,103.74067291949066,0.8757799929914661,0.19241747096064246,74.02505926146986,0.022326946258544922,0.1849859356880188,173.61006525105606,BACK_SAGGING,pushup_back_03.mp4,126
170.34155589419828,106.6401386112889,0.8907176387917584,0.19152857436504916,75.94388587662785,0.02062639594078064,0.18579328060150146,172.53409510529306,BACK_SAGGING,pushup_back_03.mp4,129
169.86000260903884,107.23209764116541,0.8932441119763799,0.1917798354061787,76.20884655916404,0.01944693922996521,0.1862504482269287,174.4423494727153,BACK_SAGGING,pushup_back_03.mp4,132
168.9649949764957,108.5792163944094,0.8950941002650199,0.19156331397415383,76.45339284634674,0.014819800853729248,0.18623340129852295,175.9167517514793,BACK_SAGGING,pushup_back_03.mp4,135
167.89686337297476,110.66810262762829,0.8998995378573899,0.1920277209614495,77.14233588416505,0.010355710983276367,0.1872122883796692,174.5970993126271,BACK_SAGGING,pushup_back_03.mp4,138
168.2727362407138,112.88147274182424,0.905512391380941,0.19726318464444403,78.3576457346815,0.003396928310394287,0.1932043433189392,174.51643042603624,BACK_SAGGING,pushup_back_03.mp4,141
169.61429410535396,115.50668540995,0.9150219886913674,0.20030986978659754,79.77248489302488,0.0007192790508270264,0.19712671637535095,171.12012487805174,BACK_SAGGING,pushup_back_03.mp4,144
169.6687240704249,119.68716188226725,0.9418053102280927,0.2015934040390842,83.05450886794723,0.0033864080905914307,0.20011389255523682,170.6096888155286,BACK_SAGGING,pushup_back_03.mp4,147
172.18618149996294,128.54695464111472,0.978234476507326,0.20104839921056988,87.3985877273323,0.003997743129730225,0.20084118843078613,162.7287150661575,BACK_SAGGING,pushup_back_03.mp4,150
175.49131370087227,136.74582657207876,1.0214880449774195,0.19636636439602276,92.64546116755355,0.002840369939804077,0.1961570680141449,162.65453148441395,BACK_SAGGING,pushup_back_03.mp4,153
178.34059366392822,141.12216612086212,1.0541622596708917,0.20579362354996766,96.39662284559303,0.0034469664096832275,0.2045123279094696,152.06264728738645,BACK_SAGGING,pushup_back_03.mp4,156
175.0636875228253,163.81479781208907,1.16222855630893,0.21185809432180083,109.12058005248514,0.008487820625305176,0.20016902685165405,153.38379941016362,BACK_SAGGING,pushup_back_03.mp4,159
172.19890320859838,157.01007243601043,1.1493260983636147,0.21795898912287767,107.07671051283651,0.018082350492477417,0.20834881067276,149.16486029138153,BACK_SAGGING,pushup_back_03.mp4,162
174.6096126190098,177.89067466833288,1.2422063410887003,0.22091427427675595,117.92408514698467,0.009827405214309692,0.19519048929214478,141.64078404146093,BACK_SAGGING,pushup_back_03.mp4,165
173.90713588692532,173.48426241200184,1.2915384318866523,0.22429403429304218,123.20660687538336,0.009453743696212769,0.1876634955406189,123.88440057077443,BACK_SAGGING,pushup_back_03.mp4,168
169.6804044793035,162.9448295073718,1.337361767785873,0.22828170653729596,128.28769241360266,0.014453262090682983,0.17917558550834656,119.02055932601245,BACK_SAGGING,pushup_back_03.mp4,171
170.4269989668047,155.00504333319236,1.3772000341718178,0.2365686813961864,131.65700930025824,0.013043612241744995,0.17674332857131958,138.32122769137808,BACK_SAGGING,pushup_back_03.mp4,174
169.09847682942885,147.61169144709973,1.4070989104552107,0.23745871694286325,135.44980652545743,0.014840543270111084,0.16657808423042297,140.32980954443184,BACK_SAGGING,pushup_back_03.mp4,177
166.82756372367322,145.28539854586515,1.452229476519289,0.24934832925805653,138.93646173082735,0.017818689346313477,0.16378715634346008,145.18097041525002,BACK_SAGGING,pushup_back_03.mp4,180
166.81897479807643,139.1581873182883,1.472641061641639,0.2550051859200136,140.80592758369133,0.020214706659317017,0.1611407995223999,148.68294782077186,BACK_SAGGING,pushup_back_03.mp4,183
167.47267368108683,136.4305839749361,1.4879303836250948,0.2590704959473161,141.9313677838655,0.018089324235916138,0.1597341001033783,141.56449196559424,BACK_SAGGING,pushup_back_03.mp4,186
169.02553081741937,132.69233565836203,1.5073661977283372,0.26272248226654454,143.6848732196246,0.01382434368133545,0.15558010339736938,138.8103515660622,BACK_SAGGING,pushup_back_03.mp4,189
168.48684033229466,128.82689820530152,1.524996860513138,0.26234801350372056,146.01249057925986,0.009949833154678345,0.14664342999458313,145.77128952103865,BACK_SAGGING,pushup_back_03.mp4,192
170.05910792586084,126.49936208720528,1.5375842983095143,0.2661752974373001,146.61548208642884,0.011342853307723999,0.1464516520500183,145.06385338002994,BACK_SAGGING,pushup_back_03.mp4,195
170.56700190275262,128.18957616321845,1.526251538581833,0.26215873453848526,146.03104507815237,0.011301636695861816,0.1464672088623047,139.96313868246648,BACK_SAGGING,pushup_back_03.mp4,198
169.2538834634879,129.66349677407166,1.5160024512832815,0.25718207952422006,145.58279785068282,0.012999415397644043,0.14535105228424072,134.20057370229145,BACK_SAGGING,pushup_back_03.mp4,201
167.9073074603078,131.5111183637485,1.5236857135262363,0.2593083960670646,145.04683750827658,0.015523463487625122,0.14854776859283447,134.50424909887968,BACK_SAGGING,pushup_back_03.mp4,204
166.95719561540517,135.16215465062302,1.5051969128614868,0.25775695592581405,142.50251823464353,0.017444908618927002,0.15689316391944885,136.0554751869604,BACK_SAGGING,pushup_back_03.mp4,207
166.7196873397004,139.80914503562389,1.4734805019407111,0.24977513375334914,140.17918793900816,0.021955549716949463,0.15994396805763245,141.4470331692999,BACK_SAGGING,pushup_back_03.mp4,210
169.09270850930687,149.5093058451413,1.4273624050196763,0.24251203627210224,135.59227617957626,0.021737903356552124,0.16969284415245056,145.80962892405088,BACK_SAGGING,pushup_back_03.mp4,213
169.78720827057018,157.07349322020252,1.391310007838861,0.23540412130728106,132.16452041961045,0.02470487356185913,0.17448025941848755,151.38475552238512,BACK_SAGGING,pushup_back_03.mp4,216
168.9530956873262,170.09142285387128,1.3563608509779643,0.2271576708303001,129.33878303804482,0.026153147220611572,0.17568111419677734,172.86703888037133,BACK_SAGGING,pushup_back_03.mp4,219
164.62741835981356,118.60161264758926,1.316408013429099,0.2163151808232911,125.68387376816631,0.031045258045196533,0.17569732666015625,141.76645615630744,BACK_SAGGING,pushup_back_03.mp4,222
165.04322384493503,138.87546950992092,1.2597624064311237,0.2048807140138793,120.11210865308621,0.030917882919311523,0.17722821235656738,171.1738022073638,BACK_SAGGING,pushup_back_03.mp4,225
162.80123929976355,160.12722706467687,1.2302861099224864,0.20677771891703908,115.91142622088408,0.032662391662597656,0.18598836660385132,173.8822248122433,BACK_SAGGING,pushup_back_03.mp4,228
162.43023954925474,156.50485321451194,1.1884782153691753,0.20322085257875233,111.18800636698874,0.030162721872329712,0.18948161602020264,179.08209830181676,BACK_SAGGING,pushup_back_03.mp4,231
162.97559027934938,153.64719067650913,1.1673162305102218,0.19788940343397124,109.271977541936,0.028717517852783203,0.18679901957511902,177.15233081668654,BACK_SAGGING,pushup_back_03.mp4,234
163.75719546504502,142.4474081841466,1.096646258210811,0.19538931592329187,101.04490965816221,0.027793705463409424,0.1917698085308075,169.20686324011433,BACK_SAGGING,pushup_back_03.mp4,237
163.5324236651587,141.8268143677865,1.0927098993451383,0.19507145099071355,100.60724472766063,0.02739623188972473,0.19173774123191833,172.42522143733567,BACK_SAGGING,pushup_back_03.mp4,240
164.21576147486346,135.92568474019566,1.0608413091229576,0.19285553095656202,97.0193511654719,0.024532705545425415,0.1914099156856537,168.41326112536984,BACK_SAGGING,pushup_back_03.mp4,243
164.47104965118314,133.4292524148806,1.0444479358364303,0.1914180847778403,95.15494220861706,0.024248242378234863,0.1906437873840332,169.15874886282782,BACK_SAGGING,pushup_back_03.mp4,246
165.21796126472688,134.82982876831255,1.0535570119392206,0.19153219007388034,96.21406509153363,0.02331686019897461,0.1904067099094391,168.52790179186889,BACK_SAGGING,pushup_back_03.mp4,249
166.97067601495147,133.6461386106036,1.048541209313036,0.19253553467782233,95.60220712141049,0.021343857049942017,0.19161581993103027,169.5391870257451,BACK_SAGGING,pushup_back_03.mp4,252
168.11369944404208,138.1888310115942,1.0739719924704327,0.19397487629783555,98.52032696027135,0.020255863666534424,0.19183382391929626,170.1575607191992,BACK_SAGGING,pushup_back_03.mp4,255
168.076356911211,138.33020504836333,1.0685853751792451,0.19516668523785316,97.94747578738844,0.02019008994102478,0.19329196214675903,168.21208432987254,BACK_SAGGING,pushup_back_03.mp4,258
167.6660588380819,148.54309653448072,1.115035109520565,0.19862541223278374,103.36903205810815,0.020590990781784058,0.19324231147766113,168.31289645283042,BACK_SAGGING,pushup_back_03.mp4,261
166.89232912207498,158.61235547125042,1.1622256821073575,0.20450800219918264,108.80264920435458,0.021459996700286865,0.19359320402145386,161.41668767812118,BACK_SAGGING,pushup_back_03.mp4,264
166.1613772540568,165.37167810604407,1.1982549188189358,0.20893518734025934,112.77704054560482,0.0217856764793396,0.19264045357704163,151.8158873876771,BACK_SAGGING,pushup_back_03.mp4,267
163.33305156612192,178.34302876389435,1.2692796560598971,0.21579624579656229,120.57044858334835,0.02547469735145569,0.1857985258102417,150.99947218164075,BACK_SAGGING,pushup_back_03.mp4,270
162.8589596901537,176.27346430203613,1.2960290354597646,0.22045447879388058,123.13936537165343,0.025469273328781128,0.18459251523017883,146.79378745314617,BACK_SAGGING,pushup_back_03.mp4,273
164.447801847714,168.54201414850536,1.324119279704326,0.22330481337283314,126.4086793388543,0.021756887435913086,0.1797122061252594,140.67234895868847,BACK_SAGGING,pushup_back_03.mp4,276
164.63132317983278,163.11937990408265,1.3570098419076069,0.2293413211236492,129.8736749647784,0.020533770322799683,0.17600488662719727,143.19268022454776,BACK_SAGGING,pushup_back_03.mp4,279
164.42085811099972,158.9914424462548,1.3679727444659193,0.23133235206090827,131.50296950616107,0.021271705627441406,0.17324388027191162,150.0611172580014,BACK_SAGGING,pushup_back_03.mp4,282
164.30662177442045,153.296813607989,1.3882346973440782,0.23461823383939093,133.6483426681267,0.02277889847755432,0.16976076364517212,153.65847508269275,BACK_SAGGING,pushup_back_03.mp4,285
165.10768559179687,146.26276877806782,1.4056560431894984,0.23763712814484234,135.69612432750625,0.02191254496574402,0.16597357392311096,146.25158082092625,BACK_SAGGING,pushup_back_03.mp4,288
165.20188806733128,143.58439404048843,1.4304506666569925,0.24231963999132147,138.09113861759863,0.020109862089157104,0.1618485450744629,140.78923691763615,BACK_SAGGING,pushup_back_03.mp4,291
167.3139286685913,140.40069518042546,1.4339724762270887,0.23965966875207173,139.51150620356256,0.01700994372367859,0.15560099482536316,141.84249395585624,BACK_SAGGING,pushup_back_03.mp4,294
167.78063874649442,136.13930159809266,1.4421997536968385,0.24277515485340967,140.35526855404675,0.01979595422744751,0.15488740801811218,136.84798603512888,BACK_SAGGING,pushup_back_03.mp4,297
167.88489293407196,134.46441220605382,1.454130498153729,0.24650576160802953,141.0112015225842,0.01722469925880432,0.1550840437412262,138.55519480726306,BACK_SAGGING,pushup_back_03.mp4,300
168.91537303168073,132.6324053273775,1.4672661271522296,0.24944349081083012,141.9835375647558,0.016283661127090454,0.15361914038658142,130.49666331062542,BACK_SAGGING,pushup_back_03.mp4,303
168.5193792126004,132.50018698524798,1.4732600770140756,0.25094943857658636,142.15572282092697,0.016601204872131348,0.1539517045021057,130.22520233958792,BACK_SAGGING,pushup_back_03.mp4,306
168.8137795240324,133.62711550161063,1.4873648819637757,0.2528657426909503,142.4482858150002,0.017468810081481934,0.15410560369491577,125.19612294929765,BACK_SAGGING,pushup_back_03.mp4,309
166.35827094463963,134.43899611949809,1.5040758697145884,0.2560368149431939,142.7414232493528,0.023865491151809692,0.1549975872039795,126.35688554906503,BACK_SAGGING,pushup_back_03.mp4,312
165.6202012700086,135.35022001395782,1.5026164611303003,0.258011611301242,141.98179711476604,0.025487661361694336,0.15890231728553772,129.3524733656005,BACK_SAGGING,pushup_back_03.mp4,315
163.45567991600552,145.5206077540211,1.4498662937756837,0.24539149801108345,137.73017593826967,0.029972702264785767,0.1650477945804596,125.14257246755655,BACK_SAGGING,pushup_back_03.mp4,318
163.3371634631065,156.38812214850145,1.4165117205904807,0.2393462930065982,134.182879509543,0.032932281494140625,0.17163297533988953,142.0475898072618,BACK_SAGGING,pushup_back_03.mp4,321
168.1344493500988,165.70055544427223,1.3749492110831718,0.23067198415856477,130.54973651579414,0.02712959051132202,0.17526867985725403,151.69745274844306,BACK_SAGGING,pushup_back_03.mp4,324
165.33192323763802,171.7349536884363,1.3437845319876927,0.22422462183935818,127.66258590962288,0.03056710958480835,0.17749658226966858,151.9480059440482,BACK_SAGGING,pushup_back_03.mp4,327
163.19116338579454,110.48479847136315,1.31243143388458,0.2161701149639251,125.08413309504007,0.0327431857585907,0.17688989639282227,145.33543103039608,BACK_SAGGING,pushup_back_03.mp4,330
162.17457539923137,140.00996747764583,1.2814701764767462,0.2095384543204072,121.9025574436451,0.033214032649993896,0.17788398265838623,165.08941816648115,BACK_SAGGING,pushup_back_03.mp4,333
163.90595473538718,165.67871404967048,1.2518297605820243,0.20543021096635825,118.75633103994694,0.02861514687538147,0.18009260296821594,162.29829763651105,BACK_SAGGING,pushup_back_03.mp4,336
163.98358619381074,163.94842968286824,1.2161954693650572,0.1993628751119862,115.1423041553594,0.024999946355819702,0.18047231435775757,163.4274281360742,BACK_SAGGING,pushup_back_03.mp4,339
165.38205279739023,159.40719236234568,1.1996536345612059,0.19707529162054688,113.24383606528885,0.019243866205215454,0.1810777187347412,170.62554638133798,BACK_SAGGING,pushup_back_03.mp4,342
165.79003368687563,155.72770023745716,1.1643997221762452,0.19130789332008669,109.57095901509415,0.018910259008407593,0.18025434017181396,172.83554504925604,BACK_SAGGING,pushup_back_03.mp4,345
166.7462595713998,153.93398136099168,1.1564676869407131,0.19207364943277322,108.50466554184362,0.015623122453689575,0.1821419596672058,177.85572738874453,BACK_SAGGING,pushup_back_03.mp4,348
169.92714855221232,152.54563284952346,1.1477280771156544,0.19146800720079443,107.50478332339584,0.009544521570205688,0.18260052800178528,177.22502359969116,BACK_SAGGING,pushup_back_03.mp4,351
169.49764296780629,154.21744808151269,1.1601229153903412,0.19513792287617593,108.66529045953835,0.00969928503036499,0.18487343192100525,175.0229907942741,BACK_SAGGING,pushup_back_03.mp4,354
168.49315718089133,157.48871999191638,1.164790821722037,0.19654863821229707,109.35016233112896,0.011014044284820557,0.1854446828365326,171.5411734341963,BACK_SAGGING,pushup_back_03.mp4,357
166.81808535928232,164.59033359239714,1.1907898188059618,0.20101359410979372,112.57570003132655,0.01294565200805664,0.18560895323753357,154.00913034378567,BACK_SAGGING,pushup_back_03.mp4,360
165.4651075537215,172.53732061937288,1.2333544703775592,0.21093278061476323,117.44575229116637,0.01707896590232849,0.18718940019607544,161.3055641356212,BACK_SAGGING,pushup_back_03.mp4,363
160.80285724341746,178.28515024443243,1.2470835843744723,0.21692550155260776,119.44658631569384,0.025271713733673096,0.18889907002449036,150.67449390980167,BACK_SAGGING,pushup_back_03.mp4,366
157.3530092081871,174.02403532826924,1.2512401756328035,0.22028636350321731,120.25498361682043,0.02935183048248291,0.19027858972549438,143.28160304947963,BACK_SAGGING,pushup_back_03.mp4,369
157.92680242801217,168.61111270364015,1.2766426205883725,0.22397312232968064,123.0926623004232,0.028882086277008057,0.18763858079910278,141.05338896376662,BACK_SAGGING,pushup_back_03.mp4,372
156.75579194853296,159.96047254247185,1.2956275448965242,0.22608096608326922,126.24493094705073,0.029257655143737793,0.18232926726341248,148.57166661737674,BACK_SAGGING,pushup_back_03.mp4,375
154.7407628685402,150.49983405939005,1.300875914676655,0.2255682545729675,128.0724153706514,0.03088289499282837,0.17756971716880798,150.77191400312236,BACK_SAGGING,pushup_back_03.mp4,378
150.76258472816193,142.27632224700358,1.323377274294595,0.22870626227912952,131.34785715190768,0.03639256954193115,0.17168685793876648,146.75493440435474,BACK_SAGGING,pushup_back_03.mp4,381
149.91743809072278,138.60802095427934,1.3383722269932417,0.23366500770754242,133.24177570152455,0.036118924617767334,0.17021134495735168,147.40905189117214,BACK_SAGGING,pushup_back_03.mp4,384
149.07935237263004,137.03305271261812,1.3623108660863286,0.2390467492127868,135.40024117887305,0.037265628576278687,0.16783946752548218,153.80285541667837,BACK_SAGGING,pushup_back_03.mp4,387
148.41172157279317,137.1620715397396,1.369760474151793,0.23673441882185686,136.61179326048654,0.038912296295166016,0.16261416673660278,154.6138460103481,BACK_SAGGING,pushup_back_03.mp4,390
149.49858618514332,135.19309750697107,1.361840893606663,0.23229257635133432,136.12631593939844,0.03919720649719238,0.1609877049922943,141.50384606479273,BACK_SAGGING,pushup_back_03.mp4,393
150.99350885841403,137.63588780150545,1.3513429305748008,0.2295700994785592,134.7337794074413,0.03850308060646057,0.16307610273361206,136.38147235995612,BACK_SAGGING,pushup_back_03.mp4,396
155.19258114222612,139.6829186198511,1.341777726457542,0.2256925574338851,133.86320294871,0.033174991607666016,0.1627168357372284,133.90508257868285,BACK_SAGGING,pushup_back_03.mp4,399
159.88851301942802,148.11748430606292,1.3260113948025298,0.22598886346227898,130.34804174701839,0.028506457805633545,0.1722264289855957,128.84861589897625,BACK_SAGGING,pushup_back_03.mp4,402
161.10129748900215,162.1378033675928,1.29317998585431,0.22240931827475016,125.98895698349325,0.02725324034690857,0.17995384335517883,139.77465937333415,BACK_SAGGING,pushup_back_03.mp4,405
162.59780224337908,168.98408231747163,1.2724545416170856,0.2178058198306695,123.31891620141445,0.024923086166381836,0.18200060725212097,141.91513447732038,BACK_SAGGING,pushup_back_03.mp4,408
164.95853720449733,174.16614245130023,1.265210761349698,0.216246411323875,121.8926309854676,0.021109938621520996,0.18359848856925964,148.87195969233488,BACK_SAGGING,pushup_back_03.mp4,411
166.9931425930075,179.46078997309002,1.2624253477463963,0.21250289012778217,121.15175928503415,0.01666259765625,0.18185687065124512,155.68162813544905,BACK_SAGGING,pushup_back_03.mp4,414
170.06311914784186,173.2706628253499,1.242381942915937,0.20419187713553777,119.20497310551636,0.012236177921295166,0.17823222279548645,153.73992798558749,BACK_SAGGING,pushup_back_03.mp4,417
172.26572994994106,167.46397304873435,1.2135107873489313,0.1975219860042486,116.09448256845837,0.010262668132781982,0.17738640308380127,152.31645322462418,BACK_SAGGING,pushup_back_03.mp4,420
171.46926532083322,163.0235067998037,1.1886846932698736,0.19304386096660636,113.30610903155883,0.012257784605026245,0.17729058861732483,157.97012657193463,BACK_SAGGING,pushup_back_03.mp4,423
170.61953806699833,161.22191709035408,1.1771039899097682,0.19331880367807733,111.7376455348758,0.01422739028930664,0.17957031726837158,163.57742716326652,BACK_SAGGING,pushup_back_03.mp4,426
169.32435884757166,162.44575090853144,1.1759784975721526,0.19661788223498977,111.28537585676546,0.016514748334884644,0.18320396542549133,164.9943573877168,BACK_SAGGING,pushup_back_03.mp4,429
168.89934847821357,164.7211042159579,1.1849117966875127,0.19859974334023625,112.27543443263902,0.017432361841201782,0.18377715349197388,160.44585136581844,BACK_SAGGING,pushup_back_03.mp4,432
166.47737609515588,163.87835995432923,1.1714792285188025,0.19768757606874474,111.4061363582269,0.021111369132995605,0.18404901027679443,160.22603066662887,BACK_SAGGING,pushup_back_03.mp4,435
165.0758196671393,172.99585665774111,1.1941179286015262,0.2020118066259105,114.49582697195481,0.021252214908599854,0.18382713198661804,156.68571286280337,BACK_SAGGING,pushup_back_03.mp4,438
163.13302431056798,177.23956241104085,1.2190698032785117,0.2078851199426169,117.39794727788072,0.024497240781784058,0.18456465005874634,139.26875962013563,BACK_SAGGING,pushup_back_03.mp4,441
158.40262173391102,169.66282553697215,1.2203850190803114,0.2110053942671498,118.35779315446274,0.028266429901123047,0.18568190932273865,130.92222246917254,BACK_SAGGING,pushup_back_03.mp4,444
154.59351420720682,160.60265367678568,1.242691528189597,0.21261280205759137,121.93054806580993,0.03235650062561035,0.1804390251636505,137.71126555069344,BACK_SAGGING,pushup_back_03.mp4,447
149.5347698486173,157.5734046048489,1.238613517191602,0.21178776588523088,122.15216072400776,0.038265615701675415,0.17930418252944946,145.08591629030877,BACK_SAGGING,pushup_back_03.mp4,450
147.0172899286974,151.76193615429068,1.2427397616034792,0.21426391961428812,123.30643569178527,0.04036444425582886,0.17906653881072998,143.26720248442297,BACK_SAGGING,pushup_back_03.mp4,453
143.62681673663783,146.17392545422928,1.2585887463441048,0.217871503845521,125.5047893733895,0.04429557919502258,0.17735785245895386,138.75264834434853,BACK_SAGGING,pushup_back_03.mp4,456
139.30492768369274,144.42719102727526,1.254746121191517,0.21577229974420017,125.78347135002248,0.04914587736129761,0.17503729462623596,139.53479866885525,BACK_SAGGING,pushup_back_03.mp4,459
138.0440373116799,142.78234732201253,1.2580745463857992,0.2152318018202573,126.54931693640218,0.05051875114440918,0.17290088534355164,138.88170854070697,BACK_SAGGING,pushup_back_03.mp4,462
138.54649144907134,143.27010760857283,1.2553674371069758,0.21286967504017013,126.54929069616828,0.04900428652763367,0.1710033416748047,141.48401371262372,BACK_SAGGING,pushup_back_03.mp4,465
140.66915501242195,144.14231047791853,1.263099832990829,0.21334689752066197,127.3324629337769,0.047488659620285034,0.1696338951587677,144.16672713807807,BACK_SAGGING,pushup_back_03.mp4,468
142.64133477982224,145.8166454049841,1.262480553085236,0.21237428800673028,127.21738549835169,0.044131189584732056,0.16911891102790833,141.67289424029605,BACK_SAGGING,pushup_back_03.mp4,471
144.5195361016098,145.9802976776266,1.281136748346684,0.21708907139612724,128.3615866862889,0.04359138011932373,0.17021673917770386,141.40129225004668,BACK_SAGGING,pushup_back_03.mp4,474
146.89163181196534,148.11735996263258,1.2915273877856364,0.21802125566205205,128.92733389054246,0.04158768057823181,0.1696031391620636,142.9013824628573,BACK_SAGGING,pushup_back_03.mp4,477
152.19946033499116,149.161186936031,1.302281834419489,0.22261368881898203,128.96697901764995,0.03561297059059143,0.17307895421981812,141.52325812849676,BACK_SAGGING,pushup_back_03.mp4,480
157.01859551763533,155.4438550547525,1.2885016168421992,0.2187807438956962,126.7812951783712,0.029495716094970703,0.17522290349006653,139.63926321729014,BACK_SAGGING,pushup_back_03.mp4,483
160.6577498830332,161.22795800242844,1.2869250267009742,0.22146112889496464,125.43519249699803,0.02589932084083557,0.1804361641407013,140.73762804238888,BACK_SAGGING,pushup_back_03.mp4,486
162.48682989344314,170.97998765931996,1.2634532154824616,0.2156388006521184,122.30573152846156,0.022325485944747925,0.18225634098052979,144.82920441563627,BACK_SAGGING,pushup_back_03.mp4,489
164.3942476551892,176.41958609997295,1.2493460925347857,0.2127112980149881,120.43275933211332,0.01893758773803711,0.18340185284614563,148.21229256604042,BACK_SAGGING,pushup_back_03.mp4,492
171.1508204826278,177.39354569777907,1.2432150371888993,0.20733119626778937,119.39341646053279,0.011144787073135376,0.18063873052597046,151.35253995574234,BACK_SAGGING,pushup_back_03.mp4,495
173.69483294306954,172.16415105193155,1.220379587842799,0.20208338706265785,116.96317400464208,0.008519232273101807,0.1801142394542694,150.8278860118345,BACK_SAGGING,pushup_back_03.mp4,498
173.2932017358251,169.5995994518584,1.212693157758252,0.20028093668127453,116.06995181221765,0.009107321500778198,0.1799018383026123,155.34558139800814,BACK_SAGGING,pushup_back_03.mp4,501
171.53644810822607,170.79551517716226,1.2245596718108551,0.20187413130794962,117.13386624816661,0.009512186050415039,0.17965421080589294,158.94813412539688,BACK_SAGGING,pushup_back_03.mp4,504
169.87423510734547,172.72406467687745,1.2329061022944934,0.20316909332551536,118.00670002240726,0.012217193841934204,0.17937400937080383,161.06272751601438,BACK_SAGGING,pushup_back_03.mp4,507
167.96930331530288,174.68224793957887,1.2377484809887747,0.20373753593536056,118.80203718513488,0.01345890760421753,0.17853042483329773,160.96027674241626,BACK_SAGGING,pushup_back_03.mp4,510
167.0191675642658,176.48831668904663,1.280009764340076,0.20997516678225442,123.42959235871363,0.015824079513549805,0.17523396015167236,163.6430907278291,BACK_SAGGING,pushup_back_03.mp4,513
165.72430232878827,167.49003213922225,1.3197706629466046,0.21920859782031837,127.20985506306235,0.0173189640045166,0.17457881569862366,149.76489886060256,BACK_SAGGING,pushup_back_03.mp4,516
165.40651840448672,159.58972874436742,1.3585200159690456,0.22970871836003173,130.35639543616554,0.01872888207435608,0.17503973841667175,133.39549940337,BACK_SAGGING,pushup_back_03.mp4,519
164.7975355314626,152.24895853158486,1.3897957312655926,0.23605396532333867,133.482399305649,0.020587384700775146,0.17127087712287903,142.44946336846996,BACK_SAGGING,pushup_back_03.mp4,522
164.72113159803058,145.5991268202329,1.4100450050009892,0.2397855918687928,135.92773338199697,0.02098149061203003,0.1667790710926056,143.09432070416213,BACK_SAGGING,pushup_back_03.mp4,525
164.89108749237138,138.72208300096514,1.443331355211783,0.24854761771831943,138.5666690456138,0.02245578169822693,0.16446742415428162,137.98068741751294,BACK_SAGGING,pushup_back_03.mp4,528
164.78866971119365,132.2668707726636,1.4696785210530479,0.25537872552218366,140.9679898912532,0.02233317494392395,0.16081631183624268,135.17261859400904,BACK_SAGGING,pushup_back_03.mp4,531
164.76801851071914,128.79948016331323,1.4826333577969655,0.25783776564113386,142.34504146208582,0.022154420614242554,0.15750408172607422,134.51465682837997,BACK_SAGGING,pushup_back_03.mp4,534
164.16711515808493,134.28049446687658,1.477244989672753,0.2560404253149173,142.07794784669292,0.022203445434570312,0.15734946727752686,142.5698055618511,BACK_SAGGING,pushup_back_03.mp4,537
163.9216790016685,134.42248934246751,1.4625034748292738,0.25020610106719043,141.44020772508847,0.02266654372215271,0.15595141053199768,133.91216207535254,BACK_SAGGING,pushup_back_03.mp4,540
164.66978195807022,136.2977265519672,1.450585654759662,0.2476038644996916,140.3573174457681,0.02280879020690918,0.1579614281654358,133.75872735842327,BACK_SAGGING,pushup_back_03.mp4,543
165.31761468763597,140.58774847091226,1.4221274415600749,0.24075015718889275,137.9086117728067,0.02308976650238037,0.16137024760246277,127.77026557484899,BACK_SAGGING,pushup_back_03.mp4,546
164.3918519950965,152.32983584694352,1.388373980098956,0.2365833850806414,134.00915333160816,0.023021161556243896,0.17015087604522705,141.4142115099877,BACK_SAGGING,pushup_back_03.mp4,549
167.3915273499568,160.7513031318266,1.3539658306019335,0.23305849001134554,130.00666483941436,0.019864529371261597,0.17851033806800842,144.03453185695898,BACK_SAGGING,pushup_back_03.mp4,552
170.28457055361667,168.73656546805714,1.3223181605451122,0.2282276087497597,126.52285274296432,0.01493951678276062,0.18340376019477844,145.85786851844156,BACK_SAGGING,pushup_back_03.mp4,555
171.2683662470881,172.4217539005564,1.3126160435830379,0.22492205020938383,125.4189391889749,0.011999577283859253,0.18329301476478577,147.54839153060166,BACK_SAGGING,pushup_back_03.mp4,558
170.94329103034698,176.85473483215145,1.299610879091447,0.2200242847007579,123.90905001039938,0.011989176273345947,0.1825997233390808,146.7163598256337,BACK_SAGGING,pushup_back_03.mp4,561
169.76627973417573,179.2725774396643,1.284732441782211,0.21415890057600956,122.80354489464409,0.014785915613174438,0.18000414967536926,153.9719568259307,BACK_SAGGING,pushup_back_03.mp4,564
168.41978659588082,179.5591088159733,1.2731446373905657,0.21106861810694413,121.85253457694681,0.01665225625038147,0.1792803406715393,149.61035191955145,BACK_SAGGING,pushup_back_03.mp4,567
166.6780069479775,178.76654504521923,1.2681761191806935,0.21107546673845537,121.51231079782403,0.018961966037750244,0.17994451522827148,145.01077736411986,BACK_SAGGING,pushup_back_03.mp4,570
165.14872836440378,177.70034340638105,1.2550588609800306,0.20906662286796812,120.86619218194991,0.020336836576461792,0.17945298552513123,146.55300973787357,BACK_SAGGING,pushup_back_03.mp4,573
162.54147491224072,173.89390224067625,1.2636031297801302,0.21165169149257815,122.0813218286473,0.023122310638427734,0.17932811379432678,148.46594924697325,BACK_SAGGING,pushup_back_03.mp4,576
161.256138984941,165.9336084704763,1.2909095336889869,0.2191192732385007,124.9945027256695,0.02498611807823181,0.1795000433921814,145.1936078998951,BACK_SAGGING,pushup_back_03.mp4,579
158.38371187059917,158.1589093658824,1.3060778837291713,0.22534308565702402,127.18293110434126,0.028823941946029663,0.17952850461006165,140.4050931855513,BACK_SAGGING,pushup_back_03.mp4,582
155.52161656016963,150.84092375705936,1.3067720119572614,0.22518520854467797,128.52602222840179,0.03325113654136658,0.17616313695907593,137.6459842669045,BACK_SAGGING,pushup_back_03.mp4,585
152.6918905329228,147.20802467530413,1.3044553093562685,0.22544286937580088,128.81958412527877,0.03740307688713074,0.17564284801483154,136.2452645532968,BACK_SAGGING,pushup_back_03.mp4,588
150.82652918689558,144.46939686978055,1.2910674151925066,0.22042537898358813,128.96974401833,0.04003781080245972,0.17137083411216736,136.63187425335636,BACK_SAGGING,pushup_back_03.mp4,591
147.94863552736717,140.3528604578605,1.2967313002641059,0.22275540881877928,130.04593950833362,0.04421636462211609,0.17052027583122253,137.13515482752578,BACK_SAGGING,pushup_back_03.mp4,594
145.1547329401106,140.59385123132398,1.2869776967071975,0.2204943336003057,129.56784805891095,0.04458346962928772,0.169967383146286,137.36687277183893,BACK_SAGGING,pushup_back_03.mp4,597
143.593957299102,141.93140340100382,1.282520770711557,0.21860659995733187,129.52549995276422,0.0462116003036499,0.16861507296562195,140.50760018008816,BACK_SAGGING,pushup_back_03.mp4,600
143.98939613194662,142.48061082221486,1.288513346999841,0.2210653492404578,129.71849817128665,0.04686093330383301,0.1700366735458374,143.44392146764386,BACK_SAGGING,pushup_back_03.mp4,603
145.53179308022638,143.28108573969197,1.2938765523514635,0.22248141724483206,129.87573342284932,0.046940386295318604,0.17073506116867065,142.24407470574585,BACK_SAGGING,pushup_back_03.mp4,606
147.422788611816,147.31863472759417,1.2928247047797305,0.22084630775242395,129.19330003998027,0.0463983416557312,0.17115479707717896,138.09318551484597,BACK_SAGGING,pushup_back_03.mp4,609
149.6972208507361,152.71500083377938,1.29348195755412,0.220269765105021,128.25226303397304,0.043622106313705444,0.17297130823135376,135.39851551382898,BACK_SAGGING,pushup_back_03.mp4,612
154.03711874752813,158.90418658005888,1.2889239296215895,0.22048972039048295,126.51659213637848,0.03885287046432495,0.17719978094100952,139.0878112899022,BACK_SAGGING,pushup_back_03.mp4,615
158.17634364548582,163.35309744854266,1.2962968476199666,0.21986618557940818,126.40874159826677,0.033240437507629395,0.17694464325904846,137.82882345721407,BACK_SAGGING,pushup_back_03.mp4,618
162.56152501439973,165.2770894986616,1.2901054516657802,0.21742912764022485,125.32198906640427,0.02510923147201538,0.17739975452423096,132.39722855964666,BACK_SAGGING,pushup_back_03.mp4,621
164.89209006065508,171.12010919329106,1.2746907672598629,0.21184469021292943,123.52822360596788,0.019848793745040894,0.17659300565719604,135.50111075815917,BACK_SAGGING,pushup_back_03.mp4,624
167.08154704479645,177.2114391935555,1.2673076169747632,0.20615827768136183,122.78795756487087,0.015374720096588135,0.17330974340438843,143.85326148413986,BACK_SAGGING,pushup_back_03.mp4,627
169.48984582015382,174.87111627118458,1.2388001496357988,0.1986329345841383,119.74837535312639,0.012287676334381104,0.17245283722877502,141.77580902403102,BACK_SAGGING,pushup_back_03.mp4,630
171.2705616059175,169.42634010182067,1.2172869906824522,0.1953336594942979,117.1669345368816,0.011385709047317505,0.1737821102142334,142.66077599920354,BACK_SAGGING,pushup_back_03.mp4,633
170.8085311541889,166.3567634998571,1.2103867989212416,0.19617567910913475,115.9118331474575,0.012152880430221558,0.17645153403282166,152.62313133403683,BACK_SAGGING,pushup_back_03.mp4,636
171.98325822566602,166.3310457155139,1.2131757025499346,0.19776167900478778,116.08906401855351,0.010472804307937622,0.1776098906993866,162.13248835614615,BACK_SAGGING,pushup_back_03.mp4,639
171.37321863267496,169.4850702298537,1.2306193166864836,0.20134880160591972,117.84185252430113,0.0113905668258667,0.17803820967674255,161.9342548321179,BACK_SAGGING,pushup_back_03.mp4,642
170.1556180648339,171.97204615758363,1.2367917870082275,0.20189471142531615,118.74855589285475,0.012466996908187866,0.1770063042640686,161.3474972407257,BACK_SAGGING,pushup_back_03.mp4,645
166.59227444902965,172.49542466245475,1.2314433985273403,0.2022326041903343,118.2330891978889,0.018750518560409546,0.17817053198814392,157.14393225960092,BACK_SAGGING,pushup_back_03.mp4,648
163.3242640659373,176.80414602155855,1.2575837507749223,0.21164391507177605,120.89722234367552,0.02491798996925354,0.18160641193389893,142.33322713305384,BACK_SAGGING,pushup_back_03.mp4,651
161.6587506451367,170.62871326616516,1.2683708617281846,0.21641500829943822,122.52919605575562,0.02635854482650757,0.18245986104011536,138.5086229834931,BACK_SAGGING,pushup_back_03.mp4,654
158.56473583592972,159.5130697575099,1.2843860687228552,0.2218069814614208,124.9833716511843,0.029018253087997437,0.18172654509544373,139.218367481228,BACK_SAGGING,pushup_back_03.mp4,657
156.1174727186931,154.4260363550307,1.2947106186135282,0.22239459771709794,126.86561775379252,0.03084126114845276,0.1779211461544037,146.22696453405874,BACK_SAGGING,pushup_back_03.mp4,660
151.10608385256523,147.26453541151162,1.30220943078498,0.2226722765810854,128.88533307967052,0.036743491888046265,0.17332389950752258,147.0818299429014,BACK_SAGGING,pushup_back_03.mp4,663
149.33427509560883,142.27640020874034,1.3095544348783519,0.2263101718522124,130.07094120329901,0.037841588258743286,0.17317798733711243,142.84879686871017,BACK_SAGGING,pushup_back_03.mp4,666
147.43935190697601,138.63315361377977,1.3143457481112881,0.2266336407314957,131.25772565119968,0.039727747440338135,0.17036625742912292,142.6773189236878,BACK_SAGGING,pushup_back_03.mp4,669
146.0653847694072,140.27201465269306,1.3155381506425228,0.22637905178218057,131.78778946586812,0.04096180200576782,0.16878634691238403,147.89571167958397,BACK_SAGGING,pushup_back_03.mp4,672
146.49125819404682,141.95358796904404,1.3151402109387023,0.22474636228392927,131.94973499012633,0.040424615144729614,0.16714495420455933,151.47762903536034,BACK_SAGGING,pushup_back_03.mp4,675
146.58632251462237,145.0733291103785,1.30259423176616,0.21915466161944314,131.09936016655914,0.04079291224479675,0.16514280438423157,151.44492790316647,BACK_SAGGING,pushup_back_03.mp4,678
148.26502206114617,139.32862822244184,1.3274587217031608,0.2261504002366109,132.4968311861486,0.040477901697158813,0.16673782467842102,142.8777039961476,BACK_SAGGING,pushup_back_03.mp4,681
149.69579907619146,144.75774719425002,1.3248644663310178,0.22571524347684999,131.47709846623073,0.03920772671699524,0.16910463571548462,145.9388804312864,BACK_SAGGING,pushup_back_03.mp4,684
153.85911505289397,150.95581543648493,1.3101655905876504,0.22531954637271628,128.4521359397438,0.03637996315956116,0.17644909024238586,139.89646601210694,BACK_SAGGING,pushup_back_03.mp4,687
158.08460506112968,161.53553867318897,1.2974207623393954,0.22476924885409325,126.06819767289821,0.030537307262420654,0.18168047070503235,145.11565710308227,BACK_SAGGING,pushup_back_03.mp4,690
161.21411467524584,166.8874993408716,1.2884775988379291,0.2231635416909839,124.36820351811825,0.02618679404258728,0.18420132994651794,144.74742871708222,BACK_SAGGING,pushup_back_03.mp4,693
164.0227417108415,173.25376352693533,1.2750865733206378,0.21699894864006522,122.69110430810306,0.023815304040908813,0.18262168765068054,147.87600723066916,BACK_SAGGING,pushup_back_03.mp4,696
167.2721901375655,179.52046416170487,1.2596123457332353,0.208369309180313,121.49641765338133,0.015723973512649536,0.17766764760017395,151.7600415216312,BACK_SAGGING,pushup_back_03.mp4,699
170.23579487587028,175.25257683733406,1.2477419575811675,0.20507738499420167,119.882083791199,0.013061970472335815,0.17781001329421997,149.65731121876826,BACK_SAGGING,pushup_back_03.mp4,702
170.95591888097837,169.96069747208628,1.23095497366363,0.20031265129066847,117.8471307690139,0.013669461011886597,0.1771133840084076,149.5721731701242,BACK_SAGGING,pushup_back_03.mp4,705
170.91545776783585,171.2782344976456,1.230185737222981,0.20025126082170097,117.75826744842551,0.013790369033813477,0.1772039830684662,153.29680192350426,BACK_SAGGING,pushup_back_03.mp4,708
169.71836512441976,173.79397686463125,1.242584720588628,0.20371448093647582,118.9356178776455,0.015549898147583008,0.17828088998794556,158.45442221385068,BACK_SAGGING,pushup_back_03.mp4,711
169.11916910833085,176.1742558750849,1.253335870042441,0.2039649458341243,120.38699129221922,0.016942918300628662,0.1759430170059204,164.0336722767305,BACK_SAGGING,pushup_back_03.mp4,714
168.54713784948513,177.1620867992357,1.255011272652115,0.20247763315312142,120.92497688398684,0.016469448804855347,0.173690527677536,163.2851040614297,BACK_SAGGING,pushup_back_03.mp4,717
166.09320117360318,173.10366688732657,1.2912513677527038,0.21325527674647904,124.57123113546454,0.02063080668449402,0.17559504508972168,160.64510175673158,BACK_SAGGING,pushup_back_03.mp4,720
160.52386805917823,167.47549256348955,1.2910522692848503,0.21846068676155828,125.04280728593837,0.02762022614479065,0.1788548231124878,147.36106473805552,BACK_SAGGING,pushup_back_03.mp4,723
157.00148602458668,161.65804276769882,1.28752971985343,0.22001029479413836,125.6611514437608,0.03126135468482971,0.17874956130981445,153.97467805934505,BACK_SAGGING,pushup_back_03.mp4,726
153.75695675173134,155.9314888249174,1.2882636196979083,0.2203353259443617,126.74983380742226,0.033659666776657104,0.17654043436050415,152.94542170543934,BACK_SAGGING,pushup_back_03.mp4,729
150.88448110290742,147.73805232596683,1.2974572263548225,0.2229319065115039,128.43538364022697,0.03605690598487854,0.17461979389190674,142.91173924807703,BACK_SAGGING,pushup_back_03.mp4,732
146.4151061773297,143.817460696204,1.285905515092592,0.21995263684164693,128.5171915079037,0.038389742374420166,0.17209067940711975,140.00128284076598,BACK_SAGGING,pushup_back_03.mp4,735
142.35590329269016,140.98581222432577,1.2694933562024264,0.21586177699072903,128.09714026014984,0.0412239134311676,0.1698710024356842,140.76833823974744,BACK_SAGGING,pushup_back_03.mp4,738
137.99688270457534,139.18786006120894,1.270094770795835,0.216898799418952,128.49304836258372,0.045216888189315796,0.16975820064544678,144.02816555411712,BACK_SAGGING,pushup_back_03.mp4,741
138.57518008063695,141.51508553432373,1.2639564286408997,0.21514770836282932,127.89741783720778,0.04517173767089844,0.16977080702781677,144.3312898578715,BACK_SAGGING,pushup_back_03.mp4,744
139.38519939919036,145.28131732529994,1.2558359820242304,0.2115656085639114,127.02536892874653,0.04536372423171997,0.16890287399291992,145.74435232585734,BACK_SAGGING,pushup_back_03.mp4,747
141.25798712067353,145.6234693011528,1.262988117720392,0.21491516955359427,127.05929764087594,0.04482606053352356,0.17150038480758667,147.19674592389504,BACK_SAGGING,pushup_back_03.mp4,750
142.3745244647391,151.1715033518799,1.253080441576907,0.21423752642826213,125.26715644198455,0.043917447328567505,0.17491415143013,150.70261907470874,BACK_SAGGING,pushup_back_03.mp4,753
144.31472627488776,155.64211378005373,1.2485232382072438,0.2143813313874347,123.8170343235083,0.04326361417770386,0.1781083643436432,146.34595571862923,BACK_SAGGING,pushup_back_03.mp4,756
148.01010713349154,163.65739472752887,1.243098152043536,0.21294058760109366,122.32256608609578,0.04065397381782532,0.17994233965873718,145.74523967309207,BACK_SAGGING,pushup_back_03.mp4,759
151.69122980137269,167.7122039943571,1.2401451132517944,0.21391838775035654,121.17830601321616,0.037542492151260376,0.18301695585250854,151.4170378623192,BACK_SAGGING,pushup_back_03.mp4,762
157.85833945043666,170.86254739152014,1.2457852431504703,0.21623356643916475,120.93572738342476,0.03098130226135254,0.1854700744152069,158.89385238281295,BACK_SAGGING,pushup_back_03.mp4,765
162.6729468950232,174.09110134782816,1.2617338482856508,0.216361129335282,121.69898231244949,0.023233920335769653,0.18408122658729553,160.24199944182445,BACK_SAGGING,pushup_back_03.mp4,768
170.34100751797206,178.84676956799882,1.2487945382567276,0.20822821213922202,120.39602351804561,0.01224905252456665,0.17960402369499207,158.22951710332802,BACK_SAGGING,pushup_back_03.mp4,771
172.49164977607649,174.51615925639962,1.2317869782911561,0.20380299271324004,118.5938467260009,0.009097903966903687,0.1789434254169464,158.30646453013748,BACK_SAGGING,pushup_back_03.mp4,774
172.91283253397276,171.02854205787983,1.2097243725420739,0.20004600074109866,116.19503214994636,0.008745908737182617,0.17949843406677246,158.85704890598268,BACK_SAGGING,pushup_back_03.mp4,777
172.4091420046221,172.30777095460374,1.2129196268087838,0.20316214773676447,116.40683124327317,0.010167539119720459,0.18196174502372742,159.25584755454372,BACK_SAGGING,pushup_back_03.mp4,780
173.45188650156422,174.53753997633922,1.2239097421152958,0.20395036504817016,117.66318598016197,0.0062937140464782715,0.18063479661941528,161.72438903782333,BACK_SAGGING,pushup_back_03.mp4,783
171.6397657071395,176.6061218346897,1.230650726295687,0.20516775682299906,118.54041360635794,0.009090393781661987,0.18023324012756348,161.72649706727242,BACK_SAGGING,pushup_back_03.mp4,786
170.2140066020528,179.56924224463947,1.2432122690355525,0.20738278804514015,120.00060273469057,0.011042594909667969,0.17959478497505188,163.14710298709025,BACK_SAGGING,pushup_back_03.mp4,789
169.51061168079102,173.9448916545992,1.2730979684815749,0.21449455059931063,122.89254195456688,0.012419968843460083,0.1801055371761322,163.57284705122524,BACK_SAGGING,pushup_back_03.mp4,792
167.45205907815188,167.04867297737587,1.2960193250229997,0.21893491043776034,125.74503868370124,0.016414910554885864,0.17768874764442444,155.86122820106257,BACK_SAGGING,pushup_back_03.mp4,795
160.31536401666756,159.62077307441493,1.3112902265232627,0.22386919774565933,127.70536635753037,0.026013702154159546,0.17711302638053894,160.2794427380819,BACK_SAGGING,pushup_back_03.mp4,798
156.2253650910851,153.75108556016647,1.3187467463331501,0.22727137004024747,129.1096023673621,0.03129619359970093,0.17634397745132446,158.97683440138593,BACK_SAGGING,pushup_back_03.mp4,801
152.17297877243277,147.5072267887137,1.3035222972811062,0.22451161139958453,128.96229447545582,0.035623013973236084,0.1745661497116089,146.84788115445315,BACK_SAGGING,pushup_back_03.mp4,804
145.43007036067456,144.39819099583156,1.28999816608084,0.22213808774380286,128.66401223196087,0.04390460252761841,0.17344552278518677,144.58583053407668,BACK_SAGGING,pushup_back_03.mp4,807
139.70492106005142,140.1772043195492,1.2804982434467889,0.2239691748202039,128.17248721685232,0.04761579632759094,0.17606934905052185,143.83284096569284,BACK_SAGGING,pushup_back_03.mp4,810
137.3302947883346,142.24428023375611,1.26839152575085,0.2185297868902655,128.04840002150266,0.04792141914367676,0.17208528518676758,148.6418705547811,BACK_SAGGING,pushup_back_03.mp4,813
136.4915655822866,142.02911781662107,1.2709590579550318,0.21664011827030635,128.70207744158878,0.04912292957305908,0.16906261444091797,150.96036550119487,BACK_SAGGING,pushup_back_03.mp4,816
135.63131078720363,144.18505987941865,1.2686215398653233,0.21572606347212592,128.22902062930675,0.051165103912353516,0.169457346200943,152.62952398762738,BACK_SAGGING,pushup_back_03.mp4,819
136.91426861273953,141.93915824214687,1.2686772097866816,0.21606032225946759,127.76097633903281,0.05040588974952698,0.17080655694007874,143.1959433298187,BACK_SAGGING,pushup_back_03.mp4,822
138.58728236814298,144.18143385196635,1.2805696116767618,0.21901332870998091,128.4260150206409,0.04970908164978027,0.17157259583473206,148.62207092721545,BACK_SAGGING,pushup_back_03.mp4,825
142.9464423266534,147.83455740694296,1.2966597142388225,0.22300009501243437,128.78179750325233,0.04704040288925171,0.1738317906856537,148.2627846924635,BACK_SAGGING,pushup_back_03.mp4,828
148.0354338348304,157.03507124606378,1.2826236544664724,0.2194890938270794,126.36349956299621,0.04154959321022034,0.1767439842224121,149.18348697057652,BACK_SAGGING,pushup_back_03.mp4,831
152.4096196813362,162.39709317255827,1.2741354861689234,0.2163790787663551,125.02159064920993,0.03578796982765198,0.17719656229019165,151.91698729463664,BACK_SAGGING,pushup_back_03.mp4,834
156.38757247664924,165.5350254318242,1.2834008260641865,0.22103521661279593,124.59471124413781,0.0309944748878479,0.18194979429244995,153.31398392176237,BACK_SAGGING,pushup_back_03.mp4,837
162.63877223239683,168.4353208850892,1.2844745379080602,0.22075189924348568,124.24683638340072,0.02163076400756836,0.182474285364151,157.93049057960695,BACK_SAGGING,pushup_back_03.mp4,840
167.07022294771025,172.81479059927818,1.2691773570911626,0.21304295552452973,122.88842173967996,0.015753865242004395,0.17889496684074402,157.32688052445332,BACK_SAGGING,pushup_back_03.mp4,843
170.30824187989194,173.97093039518407,1.2868418592950825,0.21345171821122527,124.50124452642824,0.009790480136871338,0.17590463161468506,156.99449683569048,BACK_SAGGING,pushup_back_03.mp4,846
171.4091829286331,179.02601494823642,1.2676125005121555,0.20887205622830457,122.4005860373501,0.010786354541778564,0.17635196447372437,153.8285434121119,BACK_SAGGING,pushup_back_03.mp4,849
169.98087399822634,178.98910857472532,1.2558701767952138,0.20634893589853387,121.07773319111718,0.012928515672683716,0.17672809958457947,147.88551112640206,BACK_SAGGING,pushup_back_03.mp4,852
169.63408271011156,179.54606647089412,1.259507439294479,0.20757901403467485,121.2825511554689,0.01290959119796753,0.17739740014076233,149.3237720931015,BACK_SAGGING,pushup_back_03.mp4,855
167.61206425640611,178.4290307799309,1.2714921140506688,0.20913510970224017,122.60757715560851,0.01566442847251892,0.1761680245399475,149.2363054413872,BACK_SAGGING,pushup_back_03.mp4,858
165.9617435972836,176.06496673040303,1.274704033617455,0.210136306775108,123.0509282082187,0.017818838357925415,0.1761297881603241,148.62624899841583,BACK_SAGGING,pushup_back_03.mp4,861
165.5024446130888,169.73799074719759,1.2987101681082798,0.21462276610948308,125.621038161437,0.017944276332855225,0.17445987462997437,146.73445952035595,BACK_SAGGING,pushup_back_03.mp4,864
165.79276463158038,162.2330246790025,1.3338121662447808,0.2238912687870701,128.70846317787132,0.018409013748168945,0.1747058629989624,148.04691348422082,BACK_SAGGING,pushup_back_03.mp4,867
165.1760228332034,152.70941338707414,1.3722354676187873,0.2356601084931193,131.9907932544067,0.019788652658462524,0.17514890432357788,145.15947336950077,BACK_SAGGING,pushup_back_03.mp4,870
159.21531659246367,144.82500923513936,1.3879062473250492,0.24246670345168672,133.94753830049123,0.027469515800476074,0.17456340789794922,139.41644762877846,BACK_SAGGING,pushup_back_03.mp4,873
156.17041286228195,140.73113325153057,1.3713699941498696,0.23866413154203084,134.2299161591049,0.030562222003936768,0.1710071563720703,141.21010128667967,BACK_SAGGING,pushup_back_03.mp4,876
152.8618369455173,138.39326572508278,1.350964912342968,0.23518593384759207,133.5636588202099,0.03245696425437927,0.17041131854057312,139.63948217647155,BACK_SAGGING,pushup_back_03.mp4,879
150.6290847190773,138.7816770891051,1.3304431865179909,0.23093068641704953,132.81818742927695,0.033543944358825684,0.16938462853431702,149.0484917966093,BACK_SAGGING,pushup_back_03.mp4,882
148.03185916251903,134.03821277029724,1.3341572559802966,0.23298971813818764,133.36580496140283,0.03566110134124756,0.16937345266342163,146.23125861996365,BACK_SAGGING,pushup_back_03.mp4,885
147.10279595951903,134.37276987503594,1.3346316797269078,0.23319980200899512,133.24212626258392,0.037445276975631714,0.1698714792728424,146.61055582861587,BACK_SAGGING,pushup_back_03.mp4,888
147.14926819870087,141.165648389406,1.327121876223591,0.23003990562605917,132.406554988709,0.03840714693069458,0.16985028982162476,152.10419870619205,BACK_SAGGING,pushup_back_03.mp4,891
148.2177385266573,139.6184200542838,1.32194516908004,0.22827452142937066,131.8232487508784,0.03833755850791931,0.1701054573059082,144.088626437837,BACK_SAGGING,pushup_back_03.mp4,894
149.43516183981254,149.1935418325449,1.302915270760893,0.22389491185572125,129.2421566365931,0.038234323263168335,0.17339679598808289,144.36716898679134,BACK_SAGGING,pushup_back_03.mp4,897
152.00939223333611,153.5851515593672,1.3095478210437135,0.22909355280264415,128.04266518417808,0.0360872745513916,0.18041828274726868,143.4604350745034,BACK_SAGGING,pushup_back_03.mp4,900
156.33796811006474,160.40388861000264,1.290684073684322,0.22416250831766854,125.52038335154126,0.031933993101119995,0.18244370818138123,145.62332600342947,BACK_SAGGING,pushup_back_03.mp4,903
161.40246588807986,163.74550729159205,1.2897015189020915,0.2237796328840868,124.82894357204468,0.02553015947341919,0.1836879551410675,148.33467519812012,BACK_SAGGING,pushup_back_03.mp4,906
164.98839837127204,171.25116394605155,1.2779857974650584,0.22207472890274482,123.08116005436459,0.02029910683631897,0.1860724687576294,156.1308853653024,BACK_SAGGING,pushup_back_03.mp4,909
165.73082118967986,176.89065280332503,1.2581566110704534,0.21584126869191303,120.88970731025685,0.018988728523254395,0.18522265553474426,156.50770254058028,BACK_SAGGING,pushup_back_03.mp4,912
166.60374121682224,177.29185151687807,1.2354733644690192,0.20991630644728676,118.55301813259013,0.017957627773284912,0.18438267707824707,154.8685781422923,BACK_SAGGING,pushup_back_03.mp4,915
169.09029822473119,173.13681191874016,1.2201283049001888,0.20462377051550112,116.91129345779764,0.014335691928863525,0.1824624240398407,152.07833765184583,BACK_SAGGING,pushup_back_03.mp4,918
170.19703434451367,171.3038408927699,1.2151178584918445,0.20314096044667107,116.12859768831653,0.013220727443695068,0.18237939476966858,150.0118026841138,BACK_SAGGING,pushup_back_03.mp4,921
167.3176758554817,173.6870100972137,1.2221463695673689,0.20375030643526523,117.06513267599085,0.017058581113815308,0.1814352571964264,152.60643651548494,BACK_SAGGING,pushup_back_03.mp4,924
165.3807145442943,178.20783229996005,1.2413570255289674,0.20864302513355942,118.92135323795036,0.01918455958366394,0.18261930346488953,158.0839694132852,BACK_SAGGING,pushup_back_03.mp4,927
163.19387198348278,179.61439669367877,1.223138708791504,0.20642861670608564,117.88984266043549,0.022354990243911743,0.18244916200637817,159.2915805198783,BACK_SAGGING,pushup_back_03.mp4,930
160.3452290063299,174.22553024966157,1.2205943691588832,0.2070895163426535,118.38786860174935,0.025016456842422485,0.18218427896499634,157.84561038142886,BACK_SAGGING,pushup_back_03.mp4,933
155.60899082831372,164.96091713805257,1.2320163496017784,0.21192190668088187,120.30942128428177,0.03114485740661621,0.1829518973827362,150.90808978404058,BACK_SAGGING,pushup_back_03.mp4,936
151.14313671920846,159.73730534658256,1.2390583267584325,0.2152127074506193,121.49309414550605,0.03659471869468689,0.18350934982299805,154.32926177056993,BACK_SAGGING,pushup_back_03.mp4,939
146.20567061502527,152.60158683858612,1.2501783646512643,0.217593525956873,123.57341670850819,0.042100369930267334,0.18129044771194458,150.78211011000653,BACK_SAGGING,pushup_back_03.mp4,942
141.25871914215398,145.7595686535873,1.2649579377603337,0.22025299222380862,125.97918018559191,0.04644209146499634,0.17823117971420288,141.76290971145087,BACK_SAGGING,pushup_back_03.mp4,945
137.4527226598186,141.52574065919592,1.2718109921851883,0.22039486082924412,127.57362142463575,0.048907458782196045,0.17467376589775085,140.1363671232799,BACK_SAGGING,pushup_back_03.mp4,948
131.90430451869142,141.82475672656778,1.2681129012861254,0.220303147722961,127.24863457079884,0.057378560304641724,0.1753603219985962,141.1605697221473,BACK_SAGGING,pushup_back_03.mp4,951
136.59739959753162,144.45057305705998,1.2710686157574798,0.2190098589176567,127.39180715717579,0.05320361256599426,0.17399901151657104,143.49128556970496,BACK_SAGGING,pushup_back_03.mp4,954
138.31456168570952,146.85495754928667,1.2650484940497364,0.2166347005221435,126.59590548390238,0.05075457692146301,0.17392292618751526,142.32403834871067,BACK_SAGGING,pushup_back_03.mp4,957
140.1873228908967,147.91831096693275,1.2645924647423523,0.21825667369936833,126.0577123814705,0.04685589671134949,0.17643976211547852,145.63740585772774,BACK_SAGGING,pushup_back_03.mp4,960
142.535916173775,154.98915453594515,1.2581779318398956,0.22046103883891863,123.66104641613073,0.04526743292808533,0.18349289894104004,140.50088261427058,BACK_SAGGING,pushup_back_03.mp4,963
145.4643587914618,163.36442825582736,1.240462724124299,0.21672408794565043,121.02329981078694,0.0418761670589447,0.185720294713974,138.77104538503042,BACK_SAGGING,pushup_back_03.mp4,966
151.44505096177997,169.68162592237115,1.2375201222603585,0.21481463757872005,119.81057378306862,0.037239134311676025,0.18638616800308228,143.8552579324289,BACK_SAGGING,pushup_back_03.mp4,969
157.36375949164045,172.79207295607023,1.2499195315359808,0.21659772338322647,120.4934265142395,0.030927538871765137,0.1866365373134613,151.07786137640875,BACK_SAGGING,pushup_back_03.mp4,972
161.57493162749435,177.17007848294375,1.2521670349471958,0.21511196080131328,120.3309194100639,0.027455002069473267,0.18566516041755676,147.2180967605998,BACK_SAGGING,pushup_back_03.mp4,975
171.15484046002027,179.21233003253386,1.245771492935172,0.2120315994217305,119.45408297634671,0.015439122915267944,0.18462374806404114,148.9875675771506,BACK_SAGGING,pushup_back_03.mp4,978
171.954764896205,174.26657538116228,1.233546158593741,0.20544497637817546,118.21385843704849,0.013474345207214355,0.18103334307670593,146.00299263971593,BACK_SAGGING,pushup_back_03.mp4,981
172.1302605648023,173.18026892081892,1.227055829168633,0.2022446349669111,117.6773762672176,0.013439655303955078,0.17910078167915344,148.95968311190586,BACK_SAGGING,pushup_back_03.mp4,984
171.4737801545346,174.43739509227376,1.2346792790617382,0.2061193078838534,118.19081829870203,0.013948947191238403,0.18166673183441162,154.48502788917,BACK_SAGGING,pushup_back_03.mp4,987
167.16835652059152,177.23136359217614,1.2436735661631475,0.207593993573385,119.21197643501954,0.01863420009613037,0.18118947744369507,157.2855645236312,BACK_SAGGING,pushup_back_03.mp4,990
166.47738713695952,179.06129938959782,1.2457794802138107,0.2066687989393499,119.84096407949967,0.019422799348831177,0.17926371097564697,159.03922528930983,BACK_SAGGING,pushup_back_03.mp4,993
165.2759186522452,172.75258932716207,1.2748724062562093,0.21270765063639338,122.865772034957,0.020938873291015625,0.17865905165672302,154.64258482259763,BACK_SAGGING,pushup_back_03.mp4,996
164.54116095952466,166.54301068694605,1.2775934682852597,0.2152706654702214,123.91231900953076,0.020828425884246826,0.1786477267742157,151.17830390463615,BACK_SAGGING,pushup_back_03.mp4,999
160.1016990479477,161.2081631493009,1.27842874098658,0.2189742223213967,124.62303156220422,0.026153892278671265,0.18019172549247742,149.1103206493771,BACK_SAGGING,pushup_back_03.mp4,1002
156.49288347021235,154.30185007647657,1.2896035096065788,0.2224082073795221,126.56627196527924,0.03055781126022339,0.17862680554389954,148.76449588187933,BACK_SAGGING,pushup_back_03.mp4,1005
152.1332877118635,144.82294416246256,1.3089803229220394,0.2254740178988959,129.7554085574873,0.03494387865066528,0.17333492636680603,146.1852023689924,BACK_SAGGING,pushup_back_03.mp4,1008
148.96872150477537,139.07631294235688,1.3109217593799576,0.22799866171557237,130.75549878616408,0.03570431470870972,0.17270389199256897,140.8500677524552,BACK_SAGGING,pushup_back_03.mp4,1011
147.06104524269165,138.89980657817563,1.3134994668517759,0.22646631061205724,131.69300879210252,0.037507563829422,0.16910085082054138,145.4678360353775,BACK_SAGGING,pushup_back_03.mp4,1014
147.15281370992406,141.59525234564552,1.3085538922443896,0.2233207704236473,131.52920870417773,0.038006484508514404,0.1671760380268097,149.06776230514183,BACK_SAGGING,pushup_back_03.mp4,1017
147.89156787237243,141.78145300929273,1.297510033046683,0.22004909005270956,130.03473646590828,0.03779178857803345,0.1684761941432953,138.89957843447385,BACK_SAGGING,pushup_back_03.mp4,1020
149.56420840758292,149.23371468852466,1.2718822398436043,0.21649454750820077,126.23951101140077,0.03651350736618042,0.1746099591255188,137.63670302138576,BACK_SAGGING,pushup_back_03.mp4,1023
152.8567851404014,159.7056351992462,1.2464932997106042,0.21487757687251444,122.04718958214302,0.03365644812583923,0.18212935328483582,136.28152234819987,BACK_SAGGING,pushup_back_03.mp4,1026
156.95782455396488,169.99067721467418,1.222198664689943,0.21074253333746756,118.47384049534602,0.03070169687271118,0.18524745106697083,132.62259923552807,BACK_SAGGING,pushup_back_03.mp4,1029
160.31943901775048,178.81593265038293,1.1964157430998041,0.20398035681456347,115.27532044104963,0.026966959238052368,0.18445059657096863,131.40983007999262,BACK_SAGGING,pushup_back_03.mp4,1032
171.48878833997617,120.83731102966469,0.9762967619620263,0.19567673812308678,87.29386205349358,0.01165667176246643,0.19545850157737732,168.92105613774345,INCOMPLETE_DEPTH,pushup_depth_01.mp4,3
172.03752977970373,118.40669243911707,0.9583849702214355,0.1923205925960957,85.07003115660964,0.014653533697128296,0.19160902500152588,169.84365534164252,INCOMPLETE_DEPTH,pushup_depth_01.mp4,6
172.23912893989325,116.946599187586,0.9483157035743259,0.19234025489327874,83.8337776927085,0.01505616307258606,0.19122734665870667,167.63418693929864,INCOMPLETE_DEPTH,pushup_depth_01.mp4,9
172.38861111336573,116.42914789215826,0.9485033764877066,0.19242956598428287,83.86462887230452,0.014955401420593262,0.19132724404335022,168.3534077133299,INCOMPLETE_DEPTH,pushup_depth_01.mp4,12
172.18642608397562,117.23230438597122,0.9506595571277747,0.19376929661035153,84.16812777165414,0.014018923044204712,0.19276630878448486,166.26923732258157,INCOMPLETE_DEPTH,pushup_depth_01.mp4,15
171.6583624533608,117.47886308340766,0.9514343563795822,0.19555385670559852,84.31545735750282,0.012052059173583984,0.19459208846092224,165.97288561735155,INCOMPLETE_DEPTH,pushup_depth_01.mp4,18
170.63570511324028,119.49575820146882,0.9614907305941444,0.19756114075665945,85.55244587105723,0.008697509765625,0.19696617126464844,168.74416080850182,INCOMPLETE_DEPTH,pushup_depth_01.mp4,21
169.40403162489235,126.25057037140668,0.9962451471156485,0.19956080658166256,89.57123283685081,0.005081206560134888,0.19955521821975708,170.4553233560044,INCOMPLETE_DEPTH,pushup_depth_01.mp4,24
168.34075831339405,131.41569231903566,1.0211709010865992,0.2005000295956572,92.40745462969417,0.0011143088340759277,0.20032304525375366,174.43351168425443,INCOMPLETE_DEPTH,pushup_depth_01.mp4,27
167.84042335617858,137.09526621975212,1.046576930318688,0.19647351560445722,95.40186791246478,0.001468062400817871,0.19560086727142334,174.40709762016868,INCOMPLETE_DEPTH,pushup_depth_01.mp4,30
168.96655440960993,145.11726523242726,1.0938614672843556,0.1978383298573447,100.86645622667429,0.002864241600036621,0.19429057836532593,174.3089441030778,INCOMPLETE_DEPTH,pushup_depth_01.mp4,33
169.29558748943697,152.75613827288302,1.1336753967782662,0.20002336597580708,105.52308140479069,0.006538957357406616,0.19272631406784058,172.25254592606208,INCOMPLETE_DEPTH,pushup_depth_01.mp4,36
169.71369386918303,157.915239994975,1.1474427692712943,0.19996346091091316,107.3458124846784,0.011526435613632202,0.19086873531341553,171.5424466930321,INCOMPLETE_DEPTH,pushup_depth_01.mp4,39
169.84975105989875,160.12293711792967,1.1557066380958878,0.20109297344732602,108.22956459776393,0.011490941047668457,0.19099923968315125,168.01038197056704,INCOMPLETE_DEPTH,pushup_depth_01.mp4,42
169.55790680522364,166.64646629762717,1.200854116320554,0.20509226469075412,113.02348301656937,0.012470513582229614,0.1887539029121399,162.54134635700433,INCOMPLETE_DEPTH,pushup_depth_01.mp4,45
168.8015544360957,171.59070634243784,1.2269226060542373,0.20700061421755636,115.91867813865433,0.016567498445510864,0.18617740273475647,160.226923072687,INCOMPLETE_DEPTH,pushup_depth_01.mp4,48
168.46562612528245,173.4335470325823,1.2561455828805983,0.2095903601936688,119.03036747818523,0.01837947964668274,0.18325528502464294,158.10811764989128,INCOMPLETE_DEPTH,pushup_depth_01.mp4,51
170.6220814053157,177.816702059926,1.2785567962860716,0.2128217876983847,121.28162050884288,0.019526928663253784,0.18187975883483887,162.65972464305113,INCOMPLETE_DEPTH,pushup_depth_01.mp4,54
169.70663752546562,178.17123318285817,1.293620689357569,0.21605423456800457,122.66013169562724,0.022103935480117798,0.18188968300819397,161.75616429312024,INCOMPLETE_DEPTH,pushup_depth_01.mp4,57
170.19995826535813,176.97679517891416,1.2985400641761131,0.21990429238681033,122.70939448064506,0.02117633819580078,0.18502888083457947,167.09999117125213,INCOMPLETE_DEPTH,pushup_depth_01.mp4,60
170.20781653444496,178.90385985321257,1.30031069845284,0.2192149639835616,123.14170000733382,0.020157724618911743,0.18354973196983337,173.9826579780886,INCOMPLETE_DEPTH,pushup_depth_01.mp4,63
168.0414704486248,177.6060314549369,1.3004333846977207,0.22026051986970316,123.1773669009911,0.020983487367630005,0.18435019254684448,172.94560954681418,INCOMPLETE_DEPTH,pushup_depth_01.mp4,66
166.5675502852402,174.90977410533176,1.3065940177118691,0.22174952303194573,123.97751062026865,0.021712690591812134,0.18388357758522034,171.17405650817003,INCOMPLETE_DEPTH,pushup_depth_01.mp4,69
162.98869319598094,171.71950095668984,1.3179158165238423,0.2253762454081146,125.06288033821356,0.026124894618988037,0.18447139859199524,170.78112680021601,INCOMPLETE_DEPTH,pushup_depth_01.mp4,72
161.46033369864975,167.72032767956821,1.3187558822352659,0.22535082971636564,126.00778663426881,0.02764102816581726,0.18229037523269653,169.5213888388664,INCOMPLETE_DEPTH,pushup_depth_01.mp4,75
158.2303050767369,163.76087186726085,1.301109762136235,0.22183881318630372,125.87038613027796,0.030771106481552124,0.17976164817810059,167.25061019794978,INCOMPLETE_DEPTH,pushup_depth_01.mp4,78
153.53859651796137,162.06103608470096,1.2710074075803464,0.21741015915988812,124.28149635841118,0.034984856843948364,0.1796378791332245,166.6032302178629,INCOMPLETE_DEPTH,pushup_depth_01.mp4,81
148.70939470787783,162.08929560082558,1.2527505609769731,0.21654350229074956,122.73380161800334,0.041334301233291626,0.1821511685848236,162.3412014442306,INCOMPLETE_DEPTH,pushup_depth_01.mp4,84
142.9027866274587,160.20151264117155,1.2419066242507477,0.21959965755732624,121.64960296967772,0.04751059412956238,0.18693602085113525,159.33662811935108,INCOMPLETE_DEPTH,pushup_depth_01.mp4,87
137.99367717973345,160.03017146248894,1.2189178200993136,0.21494346205197562,119.9778809809548,0.05149921774864197,0.1861850917339325,160.24620183460715,INCOMPLETE_DEPTH,pushup_depth_01.mp4,90
131.6641303901244,157.5526224012417,1.2198098873503327,0.21436864275769468,120.56767371955736,0.06028801202774048,0.18457463383674622,161.64745103012268,INCOMPLETE_DEPTH,pushup_depth_01.mp4,93
127.7308749829153,157.7710991054472,1.2116560677280024,0.21482857388874785,119.6144495648201,0.0656069815158844,0.18676277995109558,161.22688493340002,INCOMPLETE_DEPTH,pushup_depth_01.mp4,96
127.21137585490973,158.15461612076186,1.2024336628611594,0.2138743523483797,118.60363374553812,0.06557893753051758,0.18776893615722656,162.36235234978227,INCOMPLETE_DEPTH,pushup_depth_01.mp4,99
127.94800398067322,159.80778343961595,1.1910570514389007,0.21061253238121064,117.5049086565925,0.0644930899143219,0.186804860830307,161.99500048038547,INCOMPLETE_DEPTH,pushup_depth_01.mp4,102
128.08568852032226,159.30680756355056,1.2010070062376208,0.21302191102853488,118.3990139268999,0.06383448839187622,0.18738359212875366,162.9160349915143,INCOMPLETE_DEPTH,pushup_depth_01.mp4,105
130.24625742794075,159.64224831660385,1.2068183703409054,0.2141499264859075,118.7890550509596,0.06261318922042847,0.18767806887626648,161.19677304156843,INCOMPLETE_DEPTH,pushup_depth_01.mp4,108
131.86028170648686,159.68496982050365,1.206961647395823,0.21508607231079763,118.56566205154682,0.059487879276275635,0.18890097737312317,160.66891120528706,INCOMPLETE_DEPTH,pushup_depth_01.mp4,111
137.0298568447048,159.99981294563028,1.211917588433507,0.2158492769279561,118.83809272752545,0.05486094951629639,0.18907833099365234,159.01808076799284,INCOMPLETE_DEPTH,pushup_depth_01.mp4,114
144.81883121341215,160.26129716516598,1.2290765641473211,0.21876986382789515,120.03931907795477,0.05026081204414368,0.18938225507736206,161.98842941482002,INCOMPLETE_DEPTH,pushup_depth_01.mp4,117
155.68100565587858,162.0300858725666,1.2500488349116416,0.21946613384320113,121.53513799883768,0.03903132677078247,0.18705207109451294,160.37632628047203,INCOMPLETE_DEPTH,pushup_depth_01.mp4,120
162.3568651655486,164.047708017089,1.2681853853929692,0.2179243487828416,122.96268640056081,0.03050100803375244,0.1828404664993286,165.85415935211734,INCOMPLETE_DEPTH,pushup_depth_01.mp4,123
166.0941101495108,166.87845563628665,1.2859491155945662,0.2159678737587534,124.32725469962209,0.02252894639968872,0.17834892868995667,165.31889280297747,INCOMPLETE_DEPTH,pushup_depth_01.mp4,126
168.94177837970412,168.92699061491996,1.2956116297777498,0.21360213258547328,125.03388028124819,0.01668030023574829,0.17489612102508545,163.42891409605053,INCOMPLETE_DEPTH,pushup_depth_01.mp4,129
170.72684010403162,171.66204181576018,1.2989980006301771,0.21183903294804068,125.04977284183748,0.012486040592193604,0.17341873049736023,162.54562623079917,INCOMPLETE_DEPTH,pushup_depth_01.mp4,132
172.76310947185453,176.44276086219656,1.2900403436572578,0.20652882802967454,124.34905596851854,0.008921325206756592,0.17050954699516296,161.9848930483007,INCOMPLETE_DEPTH,pushup_depth_01.mp4,135
172.7952500148929,178.23934810453886,1.2718027789836581,0.20659447301117298,122.058063305583,0.009010404348373413,0.17508769035339355,163.031370612452,INCOMPLETE_DEPTH,pushup_depth_01.mp4,138
170.905166436995,179.53686784229157,1.2684280031720518,0.20613025130449614,121.62166991973581,0.01138150691986084,0.1755225956439972,161.47117992125715,INCOMPLETE_DEPTH,pushup_depth_01.mp4,141
168.57418020303692,176.7965635209741,1.267508675467361,0.20936687194791923,121.4544234154175,0.01619589328765869,0.17859837412834167,162.10973581362512,INCOMPLETE_DEPTH,pushup_depth_01.mp4,144
166.15124580548022,175.775392072032,1.2699028114461939,0.21045009599614367,121.78011906456291,0.019753485918045044,0.17889520525932312,162.79272891565267,INCOMPLETE_DEPTH,pushup_depth_01.mp4,147
163.65787029936024,175.23999640407308,1.2495422244379135,0.20936238966192672,120.66892585520904,0.0229262113571167,0.18007564544677734,162.82283558538356,INCOMPLETE_DEPTH,pushup_depth_01.mp4,150
159.3444156370366,172.523990105666,1.232111668609994,0.2069703335915025,120.03959089783824,0.029061079025268555,0.17916712164878845,162.30226212344976,INCOMPLETE_DEPTH,pushup_depth_01.mp4,153
155.52603183833614,169.65087269994697,1.221448029714339,0.20662384705338327,119.53075201905327,0.031817883253097534,0.1797788143157959,163.7926193710616,INCOMPLETE_DEPTH,pushup_depth_01.mp4,156
151.17835076825256,166.35726872137866,1.2135445862530774,0.20787604653584946,119.05263654503341,0.037402987480163574,0.1817171275615692,164.5096583490833,INCOMPLETE_DEPTH,pushup_depth_01.mp4,159
145.9917282105513,166.42599204471324,1.1881541307664616,0.20405959144780775,116.74212245764498,0.0409892201423645,0.18223127722740173,160.93170447068482,INCOMPLETE_DEPTH,pushup_depth_01.mp4,162
140.77664189638654,165.38732003904687,1.1781749286547045,0.20447654137955484,115.6406184659202,0.04697757959365845,0.18433883786201477,155.38179155065444,INCOMPLETE_DEPTH,pushup_depth_01.mp4,165
134.355397701986,164.0770144927283,1.177896610726405,0.20456093348213414,115.77966025457425,0.054581642150878906,0.18419954180717468,154.42202341595086,INCOMPLETE_DEPTH,pushup_depth_01.mp4,168
133.36457036685195,163.5487638679193,1.1730872387514562,0.20341284290005918,115.44333955650266,0.055398792028427124,0.1836819052696228,150.95852038510637,INCOMPLETE_DEPTH,pushup_depth_01.mp4,171
132.898313859168,165.05036066040742,1.18450735371463,0.20482184866379038,116.69012025385634,0.055698782205581665,0.18299558758735657,150.8935829487334,INCOMPLETE_DEPTH,pushup_depth_01.mp4,174
134.4092659500416,165.10044154259614,1.1896194042493038,0.20490303757116138,117.21188282590802,0.054800599813461304,0.18222233653068542,147.26566604527315,INCOMPLETE_DEPTH,pushup_depth_01.mp4,177
136.20654485209937,166.80535354742184,1.1882341395402354,0.20459643303833044,116.98162203696843,0.052364081144332886,0.18232423067092896,149.07523275404228,INCOMPLETE_DEPTH,pushup_depth_01.mp4,180
143.85676965212966,168.90134388080023,1.1829816332731131,0.20351775195914132,116.26527096489914,0.04398977756500244,0.182503342628479,148.5200109058767,INCOMPLETE_DEPTH,pushup_depth_01.mp4,183
150.8157622942007,167.09730240399483,1.2133502383500736,0.2071268755056037,119.30253985996293,0.03716525435447693,0.18062174320220947,150.16602613535662,INCOMPLETE_DEPTH,pushup_depth_01.mp4,186
157.58907292011975,170.96653286592317,1.2399848416101653,0.21004947532887355,120.84724043831676,0.03209361433982849,0.1803322732448578,152.23175895252638,INCOMPLETE_DEPTH,pushup_depth_01.mp4,189
161.58241396951797,173.75328257966862,1.2515135151475179,0.20839517897020043,121.56845099434246,0.025959551334381104,0.17755267024040222,152.61434108369477,INCOMPLETE_DEPTH,pushup_depth_01.mp4,192
166.20379985569505,176.39856643428,1.2575194524759978,0.2074993147649123,121.7535572715152,0.019329696893692017,0.17643746733665466,153.99431158241111,INCOMPLETE_DEPTH,pushup_depth_01.mp4,195
169.0951482959425,179.05763662797503,1.2650729434164765,0.20608222748841476,121.8663888228857,0.0143757164478302,0.1750185489654541,154.4891471119253,INCOMPLETE_DEPTH,pushup_depth_01.mp4,198
170.9423347276186,178.413075507191,1.2685605660733863,0.206078683755345,121.4438092971894,0.010527700185775757,0.17581328749656677,155.78470466116792,INCOMPLETE_DEPTH,pushup_depth_01.mp4,201
172.57289278557877,175.99248365920263,1.255804055424393,0.20521963359490292,119.73531606046078,0.007885754108428955,0.17819470167160034,155.6084580302344,INCOMPLETE_DEPTH,pushup_depth_01.mp4,204
172.42543675594197,173.43312419725214,1.228031766904027,0.2020648501056458,116.91607479879038,0.006942719221115112,0.18017297983169556,157.69266038017645,INCOMPLETE_DEPTH,pushup_depth_01.mp4,207
170.89590154172677,171.99980150780036,1.2120401885816772,0.1999812710944935,115.27334357929288,0.008493989706039429,0.18083730340003967,158.62838181848525,INCOMPLETE_DEPTH,pushup_depth_01.mp4,210
170.87805916023095,172.81430689375028,1.2238278679754648,0.20140818881448944,116.64848111230363,0.007587701082229614,0.18001136183738708,162.56221401917355,INCOMPLETE_DEPTH,pushup_depth_01.mp4,213
170.27565182770275,172.02868861298057,1.2313835596172562,0.20289033741436072,117.51510087871388,0.008486747741699219,0.17993882298469543,169.81909597346277,INCOMPLETE_DEPTH,pushup_depth_01.mp4,216
168.64508225537273,174.11741869350863,1.2257437971061345,0.20448293765124484,117.32028827540992,0.011769592761993408,0.18167147040367126,171.77143708206947,INCOMPLETE_DEPTH,pushup_depth_01.mp4,219
163.94827695548275,179.10587714422851,1.2204060979529752,0.20693713513937304,117.55630741314,0.01794293522834778,0.18345907330513,176.94135165644568,INCOMPLETE_DEPTH,pushup_depth_01.mp4,222
160.1662693844836,179.23077181550596,1.2004383771688396,0.20369888734689484,116.24145972152488,0.022413194179534912,0.18270322680473328,168.30580889094128,INCOMPLETE_DEPTH,pushup_depth_01.mp4,225
157.26150368290106,177.18347700021133,1.199159573256329,0.20646518499381963,116.38663549910171,0.02617710828781128,0.1849524974822998,166.4342596221793,INCOMPLETE_DEPTH,pushup_depth_01.mp4,228
153.63199765081504,176.22568653071843,1.1847248222959275,0.20398334143797886,115.39328378598982,0.0288238525390625,0.18427357077598572,165.88509320643925,INCOMPLETE_DEPTH,pushup_depth_01.mp4,231
151.4113843948071,175.90763307123177,1.1723183311379897,0.20179672884600933,114.2919264902153,0.03074502944946289,0.18392804265022278,163.7641309896018,INCOMPLETE_DEPTH,pushup_depth_01.mp4,234
149.1805549327609,172.46989029038818,1.1688894732246047,0.2010504892384342,114.237233773872,0.03168168663978577,0.18332675099372864,162.9155246865972,INCOMPLETE_DEPTH,pushup_depth_01.mp4,237
135.8544630400654,170.6845084796782,1.1728021849950603,0.2026480784591053,114.78330013593376,0.047212034463882446,0.18398219347000122,155.89884869014745,INCOMPLETE_DEPTH,pushup_depth_01.mp4,240
131.8448099206333,169.0443484737403,1.1777159899994811,0.20391071965151764,115.34438023445522,0.0521371066570282,0.18428254127502441,157.75437128421197,INCOMPLETE_DEPTH,pushup_depth_01.mp4,243
134.02240125706416,168.61349408613066,1.1795609238531963,0.2039498374236227,115.53061216015499,0.04897698760032654,0.1840331256389618,155.4066396207141,INCOMPLETE_DEPTH,pushup_depth_01.mp4,246
137.08497794802585,168.95851938396186,1.1819289451974058,0.20299934264523997,115.80399207422313,0.046379148960113525,0.18275585770606995,155.58314202588434,INCOMPLETE_DEPTH,pushup_depth_01.mp4,249
148.73445523078283,170.32703161155305,1.1803783216980772,0.20323928651835854,115.45036322404074,0.033602774143218994,0.18351447582244873,156.20249724200883,INCOMPLETE_DEPTH,pushup_depth_01.mp4,252
156.20810046040557,173.55957999709494,1.1766606929770993,0.20237986004234398,114.64756617882146,0.027234405279159546,0.1839391589164734,154.20620018961972,INCOMPLETE_DEPTH,pushup_depth_01.mp4,255
160.66920462962923,174.9571589991448,1.1948967082930817,0.20493879130909595,116.00628321498536,0.024286240339279175,0.18418577313423157,154.82341103392426,INCOMPLETE_DEPTH,pushup_depth_01.mp4,258
163.9686397614475,178.66216067236235,1.2025198009587237,0.20255006382408408,116.3993976746872,0.020826488733291626,0.18142521381378174,153.25045865655022,INCOMPLETE_DEPTH,pushup_depth_01.mp4,261
164.76164419855138,178.55418225835763,1.2098634285592882,0.20139928492132525,116.75524415198427,0.02314332127571106,0.1798347532749176,152.6084567475757,INCOMPLETE_DEPTH,pushup_depth_01.mp4,264
166.2089617096233,174.04189764968126,1.2005069034681095,0.20125019920398937,115.0871977069242,0.020156770944595337,0.18226298689842224,154.7106789550846,INCOMPLETE_DEPTH,pushup_depth_01.mp4,267
168.23557381864708,170.65309272678888,1.2023989216839688,0.19901835133838772,114.63974960398285,0.016635775566101074,0.18089523911476135,157.09342579988393,INCOMPLETE_DEPTH,pushup_depth_01.mp4,270
170.35183543288315,168.89594397689837,1.2082393246483485,0.19720413158206104,115.0381858369682,0.011711418628692627,0.17867007851600647,163.40750179536133,INCOMPLETE_DEPTH,pushup_depth_01.mp4,273
171.85346904983948,169.3613424955834,1.2236986216275079,0.20063878195190507,116.35586059385801,0.008093148469924927,0.1797809898853302,168.90731679873772,INCOMPLETE_DEPTH,pushup_depth_01.mp4,276
172.68852697929105,165.9794635940988,1.2037503718015272,0.1974084999839839,114.33594037470105,0.006474912166595459,0.17986589670181274,169.7854228581619,INCOMPLETE_DEPTH,pushup_depth_01.mp4,279
172.91687103008363,166.6792225007376,1.197088769729213,0.19571739456168366,114.10407047574908,0.005324572324752808,0.17865002155303955,171.40797580977917,INCOMPLETE_DEPTH,pushup_depth_01.mp4,282
170.54854522937023,168.11209269100027,1.199064714792928,0.19672071131463223,114.3897861160909,0.0067036449909210205,0.17916294932365417,170.83491952173895,INCOMPLETE_DEPTH,pushup_depth_01.mp4,285
169.01687644139204,171.2212756232194,1.202775792335921,0.19836076971646396,115.13855031597433,0.008824765682220459,0.17957067489624023,171.86202717179916,INCOMPLETE_DEPTH,pushup_depth_01.mp4,288
165.70245655936878,174.14679680563867,1.1933685441547046,0.19802896517390428,114.89548702041478,0.012395143508911133,0.17962560057640076,172.62773818449278,INCOMPLETE_DEPTH,pushup_depth_01.mp4,291
162.34376698415818,177.2351065830526,1.1843610473400095,0.19896640959199027,114.46857872498353,0.015627294778823853,0.18109506368637085,167.07772879867568,INCOMPLETE_DEPTH,pushup_depth_01.mp4,294
157.32396033919213,178.48252079012352,1.1688156925331532,0.20158564757517985,112.75577507696714,0.024034500122070312,0.1858929991722107,156.9993586105463,INCOMPLETE_DEPTH,pushup_depth_01.mp4,297
153.61071080817877,178.61485525404134,1.160612344245288,0.20324374633247277,112.10916223375808,0.02827802300453186,0.18829739093780518,152.42228239498857,INCOMPLETE_DEPTH,pushup_depth_01.mp4,300
151.50712518628367,178.80831032801854,1.1482030678123034,0.19978705229645874,111.1306803596143,0.030236363410949707,0.18635210394859314,154.5588160971008,INCOMPLETE_DEPTH,pushup_depth_01.mp4,303
147.52330067995538,178.8483918958116,1.1373529841118168,0.19775693500952707,110.0589075602329,0.03516384959220886,0.18575984239578247,153.76473943967778,INCOMPLETE_DEPTH,pushup_depth_01.mp4,306
145.49216561550452,176.86568302710108,1.1407042530361606,0.19895001504971657,110.59814400629608,0.0367451012134552,0.18623000383377075,156.6030425217055,INCOMPLETE_DEPTH,pushup_depth_01.mp4,309
130.7631171920734,174.04180469213588,1.1411606725510999,0.200389409989234,110.76449650575073,0.05256086587905884,0.1873718798160553,158.9490138204135,INCOMPLETE_DEPTH,pushup_depth_01.mp4,312
125.47285008918716,173.45862812698164,1.1391052818433434,0.19991254213781298,110.62207480148732,0.0582578182220459,0.1871016025543213,160.12959724700983,INCOMPLETE_DEPTH,pushup_depth_01.mp4,315
125.65022748558569,170.95191558736965,1.1520310959280649,0.20205823978455195,112.23088686727,0.059470146894454956,0.18703705072402954,161.97549439985903,INCOMPLETE_DEPTH,pushup_depth_01.mp4,318
129.68936586988545,170.45701213023096,1.1579108906009583,0.2024994121326464,112.91303866749989,0.055328935384750366,0.18651992082595825,157.32217967937262,INCOMPLETE_DEPTH,pushup_depth_01.mp4,321
140.9874573337546,170.96107830152084,1.1590868441563278,0.20136681241717794,113.12041061764128,0.04192116856575012,0.18519169092178345,156.09519926516342,INCOMPLETE_DEPTH,pushup_depth_01.mp4,324
147.11904152571407,169.6559291120602,1.1791614185367105,0.2040697856592334,115.37410526564717,0.03626203536987305,0.18438094854354858,156.3730738221063,INCOMPLETE_DEPTH,pushup_depth_01.mp4,327
153.4812144959328,172.32044399280025,1.1810107816024524,0.2028179647489028,115.32782350069861,0.030107885599136353,0.1833200454711914,154.8871621026508,INCOMPLETE_DEPTH,pushup_depth_01.mp4,330
156.4538169187949,177.22957654802548,1.1781322085938877,0.1988948413999036,114.73552561822261,0.025888025760650635,0.18064409494400024,152.2648951902643,INCOMPLETE_DEPTH,pushup_depth_01.mp4,333
158.70249397494973,177.1005327464548,1.1746215120514363,0.1973161511181711,113.558628443618,0.02470773458480835,0.18086841702461243,148.04767338552935,INCOMPLETE_DEPTH,pushup_depth_01.mp4,336
162.8106985454457,175.3414435018864,1.1951940698756947,0.1994690908484699,115.04618239370922,0.02073618769645691,0.18071040511131287,154.04767545095672,INCOMPLETE_DEPTH,pushup_depth_01.mp4,339
167.2784138828661,172.0873126966467,1.1830521248460004,0.19536560871380143,113.6791166461649,0.015046268701553345,0.1789158284664154,158.9095986997216,INCOMPLETE_DEPTH,pushup_depth_01.mp4,342
169.5834161844732,167.96871786070903,1.1887377896790796,0.19511967881694486,113.85714013899822,0.012100666761398315,0.1784462332725525,167.92131916251364,INCOMPLETE_DEPTH,pushup_depth_01.mp4,345
171.975608468365,166.75599565540654,1.1973813523562509,0.19590867793310482,114.2985016610808,0.00715985894203186,0.1785520613193512,169.92701761638187,INCOMPLETE_DEPTH,pushup_depth_01.mp4,348
172.80784029763072,165.5770066862949,1.2080411164666736,0.19864489482446152,114.71610063525324,0.006409019231796265,0.18044525384902954,168.58083992950912,INCOMPLETE_DEPTH,pushup_depth_01.mp4,351
173.09760411476603,167.04872564267868,1.2189245539072013,0.19946997194110916,115.8069692706768,0.00557294487953186,0.1795738935470581,170.36986102751112,INCOMPLETE_DEPTH,pushup_depth_01.mp4,354
172.29208307100123,163.7188948857995,1.202207167601656,0.19711829538746864,114.1192242297806,0.007030785083770752,0.17990747094154358,174.5283119200759,INCOMPLETE_DEPTH,pushup_depth_01.mp4,357
170.9189933322204,165.69924119023543,1.1982369024479733,0.1971941222510197,114.02891390743571,0.008121728897094727,0.18010348081588745,171.9514298941336,INCOMPLETE_DEPTH,pushup_depth_01.mp4,360
169.3793491998566,169.39194173076984,1.2064590984903745,0.19935259025045177,115.26959525583273,0.008866578340530396,0.1802743673324585,174.9305966650063,INCOMPLETE_DEPTH,pushup_depth_01.mp4,363
167.15167678715503,175.02459089345643,1.2180194589956093,0.20357951318823134,116.98343273254892,0.010647356510162354,0.18141508102416992,169.88844441433415,INCOMPLETE_DEPTH,pushup_depth_01.mp4,366
164.9985271110953,177.21558479686487,1.2062240443053516,0.20182164560281904,116.54051463868024,0.013443171977996826,0.1805511713027954,162.48361878538068,INCOMPLETE_DEPTH,pushup_depth_01.mp4,369
160.23309711328005,177.87645710637673,1.2132323213964102,0.2073900126858863,117.61940027024335,0.02178320288658142,0.1837548017501831,163.31865323127127,INCOMPLETE_DEPTH,pushup_depth_01.mp4,372
156.47209591853425,177.50984305180506,1.1972641479046653,0.20663202866601046,116.2638872352786,0.027310848236083984,0.18529829382896423,156.6002988959565,INCOMPLETE_DEPTH,pushup_depth_01.mp4,375
151.04442389918384,175.39300409853917,1.1832906781802444,0.20484260474018004,115.16131870594333,0.03268641233444214,0.185403972864151,157.80665794138753,INCOMPLETE_DEPTH,pushup_depth_01.mp4,378
147.9576068826194,174.13748207428605,1.1726987064710719,0.20385063946805787,114.27004940890137,0.03584185242652893,0.18583211302757263,156.59261936945705,INCOMPLETE_DEPTH,pushup_depth_01.mp4,381
128.7505311819576,171.21337321472174,1.1600854209026072,0.20141292329246935,113.27290844734219,0.05609560012817383,0.18502292037010193,159.1036407820585,INCOMPLETE_DEPTH,pushup_depth_01.mp4,384
124.68256191116949,169.5028432107976,1.1564342288852465,0.20274125225035552,112.91242270994869,0.06055912375450134,0.18674352765083313,161.63616145880974,INCOMPLETE_DEPTH,pushup_depth_01.mp4,387
122.3648681991694,169.52974738348485,1.1485717711363341,0.20055331871272722,112.15402604211945,0.06234174966812134,0.18574562668800354,159.42299981511616,INCOMPLETE_DEPTH,pushup_depth_01.mp4,390
123.65825382093055,168.57578090163926,1.1522040837498082,0.201176831189268,112.65095683337172,0.06037524342536926,0.1856580674648285,157.16346344197117,INCOMPLETE_DEPTH,pushup_depth_01.mp4,393
126.22265018664078,169.5430465080234,1.155579193911799,0.20081409989418983,112.96210782640279,0.05825960636138916,0.18490055203437805,154.35444791920284,INCOMPLETE_DEPTH,pushup_depth_01.mp4,396
126.5341889638879,171.45586797711394,1.153520679618327,0.20021171764650378,112.6310857479728,0.05757015943527222,0.1847941279411316,154.1946562926208,INCOMPLETE_DEPTH,pushup_depth_01.mp4,399
141.84396915575513,172.15420751748402,1.1568463182995175,0.20047347799757056,112.97987707421964,0.03997036814689636,0.18456265330314636,156.9453014501089,INCOMPLETE_DEPTH,pushup_depth_01.mp4,402
150.06885302636857,171.8515189537405,1.1626965177475492,0.20147196827925037,113.62487260276652,0.031136035919189453,0.1845846176147461,157.54204531572785,INCOMPLETE_DEPTH,pushup_depth_01.mp4,405
155.7293897435177,171.98038250893882,1.180262440412576,0.20410336436617385,115.315734361685,0.02635970711708069,0.1845003068447113,156.53975944625455,INCOMPLETE_DEPTH,pushup_depth_01.mp4,408
160.23155054967518,169.49620884297454,1.2231248463969202,0.2103651913849911,119.44300069974415,0.022869735956192017,0.18319272994995117,156.42956476766804,INCOMPLETE_DEPTH,pushup_depth_01.mp4,411
162.72171084956773,171.47153818743755,1.2461965759207927,0.21530923685529194,120.59639946614013,0.01938900351524353,0.1853295862674713,152.16863810014982,INCOMPLETE_DEPTH,pushup_depth_01.mp4,414
164.45763137743512,172.36378283542098,1.2539737146466574,0.21495368681724292,121.12911647381976,0.01795095205307007,0.1839981973171234,153.5580382512846,INCOMPLETE_DEPTH,pushup_depth_01.mp4,417
167.63952336019895,173.51772628992364,1.2634503970950675,0.21255528139349286,121.9647030704734,0.012637883424758911,0.18032315373420715,156.18919717956268,INCOMPLETE_DEPTH,pushup_depth_01.mp4,420
170.42490385188566,173.65448962472593,1.277406026447675,0.2126155525077935,123.19831039700946,0.007855921983718872,0.17790895700454712,156.66040005687842,INCOMPLETE_DEPTH,pushup_depth_01.mp4,423
172.6156323593546,178.23449104658425,1.266435990145545,0.20818528451693938,121.98403919023187,0.004617571830749512,0.176578551530838,154.5110018725477,INCOMPLETE_DEPTH,pushup_depth_01.mp4,426
172.76406131906134,179.6216614641351,1.2656617521500753,0.20806223180303682,121.53312459570485,0.0041557252407073975,0.17733612656593323,155.71281374123808,INCOMPLETE_DEPTH,pushup_depth_01.mp4,429
171.27806013592271,179.56022838418605,1.2634230394970007,0.20840207356716783,121.23906036323628,0.006746858358383179,0.17818289995193481,157.22513534088566,INCOMPLETE_DEPTH,pushup_depth_01.mp4,432
170.63945287620692,179.29602783482807,1.2620515080294143,0.2105822764475251,120.80374142753848,0.007530659437179565,0.1808716356754303,157.5547784192507,INCOMPLETE_DEPTH,pushup_depth_01.mp4,435
169.45376375741483,179.2041465021343,1.255135653132891,0.20934999630661105,120.30397480469101,0.009450793266296387,0.1807415783405304,157.68996339139724,INCOMPLETE_DEPTH,pushup_depth_01.mp4,438
168.67627154588132,177.26537643063642,1.2493859138481993,0.20899849133185522,120.36335614761553,0.01044413447380066,0.18032869696617126,160.603531323393,INCOMPLETE_DEPTH,pushup_depth_01.mp4,441
165.29242121650987,174.4325161512154,1.252110127326589,0.21026121716907634,121.15692906945938,0.015159189701080322,0.17992863059043884,163.76731878301646,INCOMPLETE_DEPTH,pushup_depth_01.mp4,444
161.92349867980693,171.84460450149382,1.2377210856241894,0.21246341478220057,120.2311843912353,0.020111024379730225,0.1835656464099884,166.6646636466729,INCOMPLETE_DEPTH,pushup_depth_01.mp4,447
156.8866018731137,171.24647257970915,1.2163119657816706,0.20852783251228166,118.66430159842753,0.026504307985305786,0.1829691231250763,164.97781755611703,INCOMPLETE_DEPTH,pushup_depth_01.mp4,450
153.18049520158146,169.04898961935072,1.2073370500949032,0.20860961644729661,118.14500859573157,0.030020594596862793,0.18394038081169128,158.212640224022,INCOMPLETE_DEPTH,pushup_depth_01.mp4,453
149.72176419362003,169.91197181775274,1.1889212062808858,0.20745709145156183,116.16140059802788,0.03347340226173401,0.18620210886001587,159.7678878173828,INCOMPLETE_DEPTH,pushup_depth_01.mp4,456
136.6786681792344,166.71501789980596,1.1895766441428215,0.20652538495959258,116.6832468841961,0.04706898331642151,0.18452873826026917,159.57056239454366,INCOMPLETE_DEPTH,pushup_depth_01.mp4,459
131.60690182846537,166.67544225679794,1.1804147698533132,0.20439539510851515,115.90201097578273,0.051748692989349365,0.18386021256446838,157.99469038602757,INCOMPLETE_DEPTH,pushup_depth_01.mp4,462
130.62498879008734,165.09337610855113,1.178351635835032,0.20447840113201915,115.73943413756793,0.053175389766693115,0.1841876208782196,154.7449717743021,INCOMPLETE_DEPTH,pushup_depth_01.mp4,465
132.015355781513,164.4013553817629,1.1866694006607341,0.20585031812814855,116.59622856261282,0.052253156900405884,0.18406575918197632,152.741166436179,INCOMPLETE_DEPTH,pushup_depth_01.mp4,468
133.32095631462434,164.4355262530194,1.1886972716388542,0.2058730790407273,116.79712231022212,0.051708608865737915,0.18376177549362183,149.3823109691784,INCOMPLETE_DEPTH,pushup_depth_01.mp4,471
136.37907373415334,164.7247231597834,1.1883265742348863,0.20513884737892296,116.82065178392642,0.04822394251823425,0.1830683946609497,150.22306259082356,INCOMPLETE_DEPTH,pushup_depth_01.mp4,474
148.25266126980168,166.076929780674,1.1895586163664478,0.20463765391668778,116.91107966203225,0.035396963357925415,0.18247514963150024,150.7105363735353,INCOMPLETE_DEPTH,pushup_depth_01.mp4,477
153.56872761789995,167.39388791608684,1.2046715030615236,0.20564362333539069,118.28853732963952,0.03148975968360901,0.18108150362968445,149.63361417186852,INCOMPLETE_DEPTH,pushup_depth_01.mp4,480
157.2476980791881,168.13230225284045,1.2199153168038503,0.2076642154513318,119.52906708024035,0.027269482612609863,0.1806870400905609,149.74132331785643,INCOMPLETE_DEPTH,pushup_depth_01.mp4,483
162.4078644368342,172.09424643972815,1.237747993976198,0.20933277819091434,120.2322134988587,0.02168065309524536,0.18085888028144836,146.62551889679537,INCOMPLETE_DEPTH,pushup_depth_01.mp4,486
166.97941678538263,175.3011103445517,1.2509076903057905,0.20677917995343204,121.40287198876128,0.01708933711051941,0.17648795247077942,147.0040048762801,INCOMPLETE_DEPTH,pushup_depth_01.mp4,489
168.91533204420548,175.44992550757112,1.258127478879135,0.2038353617020475,122.661245748666,0.010889530181884766,0.17160063982009888,150.89621777352988,INCOMPLETE_DEPTH,pushup_depth_01.mp4,492
171.19196754108603,178.90697141548208,1.2604215423688858,0.2029122355038063,121.78956909493091,0.007630378007888794,0.172469824552536,151.02400268695672,INCOMPLETE_DEPTH,pushup_depth_01.mp4,495
171.26295458322613,177.82580567776535,1.2573746641012657,0.2036748937986701,121.0618736057863,0.006919652223587036,0.17446696758270264,151.34909089969906,INCOMPLETE_DEPTH,pushup_depth_01.mp4,498
171.38770117462582,176.26201679834855,1.2518625899799982,0.2038150415523598,120.26200828414898,0.00554320216178894,0.1760382056236267,152.21732907022619,INCOMPLETE_DEPTH,pushup_depth_01.mp4,501
170.57782031330783,176.26997186301105,1.247749412176922,0.20365236160168884,120.03842813635059,0.00698968768119812,0.1762968897819519,157.46052974576554,INCOMPLETE_DEPTH,pushup_depth_01.mp4,504
170.10725201649086,177.80996290327082,1.2544201278464207,0.2055113583848737,120.70890163884387,0.007587552070617676,0.17669007182121277,159.72551845645916,INCOMPLETE_DEPTH,pushup_depth_01.mp4,507
169.6444674689719,178.3953563940081,1.2550191920623057,0.20565565818283504,120.83151653284989,0.008365005254745483,0.17658895254135132,160.3873886663735,INCOMPLETE_DEPTH,pushup_depth_01.mp4,510
164.73833339835116,178.39718882954003,1.256240096129961,0.20666304061902271,121.29391514824812,0.014745205640792847,0.17659330368041992,161.4004328195711,INCOMPLETE_DEPTH,pushup_depth_01.mp4,513
162.0919692885268,174.66812163783877,1.246748345004605,0.20698026128360753,121.21570373536035,0.017575323581695557,0.17701098322868347,163.67223549281064,INCOMPLETE_DEPTH,pushup_depth_01.mp4,516
159.0805654645165,173.30220599888878,1.2268972536522098,0.207313199798688,119.6578072006074,0.021005719900131226,0.1801515519618988,164.7036343851167,INCOMPLETE_DEPTH,pushup_depth_01.mp4,519
155.81183703892623,170.82162969312398,1.2153816099880044,0.20588996804190587,119.08394848584261,0.024562180042266846,0.17992627620697021,162.42699307282558,INCOMPLETE_DEPTH,pushup_depth_01.mp4,522
151.0900815310041,170.50343919285564,1.1930481827403525,0.204023345220327,117.00379279433282,0.030909210443496704,0.181777685880661,162.28338383575928,INCOMPLETE_DEPTH,pushup_depth_01.mp4,525
147.65837638645448,169.3899904021596,1.1848037221698753,0.20420686517966272,116.14850333407907,0.03513592481613159,0.18330511450767517,161.05563379462288,INCOMPLETE_DEPTH,pushup_depth_01.mp4,528
145.9127980911175,167.0641670631101,1.1866359895986827,0.20486083110842693,116.65675136142347,0.03699389100074768,0.18308398127555847,160.11176662669882,INCOMPLETE_DEPTH,pushup_depth_01.mp4,531
137.90563983113242,166.09770778644304,1.1842640999234366,0.20374404649425865,116.64105596894198,0.04379495978355408,0.18211093544960022,156.13451939756547,INCOMPLETE_DEPTH,pushup_depth_01.mp4,534
138.15346345884564,165.45913223480827,1.1906994507692867,0.2045950448868049,117.27112037735544,0.04384469985961914,0.1818515956401825,153.89613230922723,INCOMPLETE_DEPTH,pushup_depth_01.mp4,537
146.49443833509432,165.84514131530784,1.1935949648730533,0.20457737070638876,117.50781115640588,0.0350242555141449,0.18144705891609192,150.91148719817835,INCOMPLETE_DEPTH,pushup_depth_01.mp4,540
152.1554010454457,166.79991078875977,1.1936001915386878,0.20368699401002233,117.53805798145335,0.028830885887145996,0.1806076467037201,151.7140063444647,INCOMPLETE_DEPTH,pushup_depth_01.mp4,543
154.69404154370986,166.98880735052666,1.1956216378692408,0.2033104358134328,117.79989189221072,0.026375532150268555,0.1798422634601593,150.46531417714036,INCOMPLETE_DEPTH,pushup_depth_01.mp4,546
159.40032844115848,166.44912929227,1.2130847987583302,0.20593657857703496,119.46596039636783,0.022184371948242188,0.17929551005363464,148.41573777660258,INCOMPLETE_DEPTH,pushup_depth_01.mp4,549
162.27841820557762,168.967457109057,1.23319543119141,0.20810560940454442,120.66623784564034,0.020828992128372192,0.1789996325969696,144.99506116717572,INCOMPLETE_DEPTH,pushup_depth_01.mp4,552
166.11271924883945,173.3751710507781,1.2384232797520702,0.20696427001449985,120.54579582360402,0.015576213598251343,0.17823943495750427,142.34758152243495,INCOMPLETE_DEPTH,pushup_depth_01.mp4,555
171.01648979602123,176.78198328028344,1.238945257540809,0.20377771730056365,120.379199999649,0.012308210134506226,0.1757955253124237,145.85541230190944,INCOMPLETE_DEPTH,pushup_depth_01.mp4,558
172.5546001906255,179.611227089435,1.2459366397928644,0.20158651307314734,120.57418683300976,0.008249223232269287,0.17355719208717346,147.77613099967172,INCOMPLETE_DEPTH,pushup_depth_01.mp4,561
174.85961628112514,178.70724754060328,1.253509811112761,0.2011202575019327,121.01676069095662,0.005021631717681885,0.17236030101776123,150.56992543855552,INCOMPLETE_DEPTH,pushup_depth_01.mp4,564
174.74500613184952,177.18496907140548,1.251844653226242,0.2034099340913278,120.32118618265662,0.0042493343353271484,0.17558231949806213,154.25839918623325,INCOMPLETE_DEPTH,pushup_depth_01.mp4,567
173.63859042131097,174.0603355712161,1.2376736349012454,0.20073946551812166,118.73312171111746,0.006196320056915283,0.17601945996284485,155.8698435038881,INCOMPLETE_DEPTH,pushup_depth_01.mp4,570
171.65479963242225,175.60506953309877,1.2399755249753333,0.2038825464089607,118.87597533300077,0.008975744247436523,0.17853057384490967,156.6248149042952,INCOMPLETE_DEPTH,pushup_depth_01.mp4,573
170.1809942901821,176.45265229808294,1.2389515040773207,0.20441203528568627,118.87849549357033,0.009984612464904785,0.17898988723754883,157.99174352731842,INCOMPLETE_DEPTH,pushup_depth_01.mp4,576
168.40300370773915,179.20495146017245,1.2401683772557226,0.20709881095835034,119.1614724239064,0.012363255023956299,0.18084630370140076,160.15061546143966,INCOMPLETE_DEPTH,pushup_depth_01.mp4,579
165.44631626221397,177.04197688377678,1.2340358212590028,0.20828483746009724,119.45203071868565,0.015676230192184448,0.18136492371559143,165.1160098357788,INCOMPLETE_DEPTH,pushup_depth_01.mp4,582
161.42232124033134,177.1368563313736,1.2021312930766317,0.2048244658126395,116.84764759141426,0.02001515030860901,0.18274426460266113,163.7110187161929,INCOMPLETE_DEPTH,pushup_depth_01.mp4,585
156.3344158047748,173.45750262181588,1.1877794942830395,0.20555866109338478,115.88049013272762,0.0245169997215271,0.18494033813476562,162.43059699802885,INCOMPLETE_DEPTH,pushup_depth_01.mp4,588
149.79133329722168,171.31356739460855,1.1829494025243066,0.20356101163714754,115.77885978160364,0.031993478536605835,0.18330037593841553,162.76316016937736,INCOMPLETE_DEPTH,pushup_depth_01.mp4,591
144.81947508909255,170.82475530085156,1.170474882837558,0.20206399103536257,114.51309050508704,0.0378095805644989,0.18384936451911926,158.1051410228007,INCOMPLETE_DEPTH,pushup_depth_01.mp4,594
143.9577658388952,168.18402003592294,1.170933621116732,0.2017239905145041,114.9287110406817,0.037215739488601685,0.18292799592018127,156.41466858015383,INCOMPLETE_DEPTH,pushup_depth_01.mp4,597
127.33132086753257,167.6924405109291,1.1687601332586428,0.20205702612913515,114.85532962999868,0.056539297103881836,0.1833389401435852,158.09871248958783,INCOMPLETE_DEPTH,pushup_depth_01.mp4,600
129.040926304065,167.39206567394993,1.1628249554153605,0.200765514077412,114.1954507916742,0.05408516526222229,0.18312695622444153,154.6761551476584,INCOMPLETE_DEPTH,pushup_depth_01.mp4,603
131.1275380909452,167.31953400708989,1.1614935481104751,0.20044747439726368,113.9875718134152,0.05141186714172363,0.18313375115394592,150.86160557133326,INCOMPLETE_DEPTH,pushup_depth_01.mp4,606
133.1567682848499,166.650903251092,1.1698699224117612,0.20176713246281708,114.91699856209252,0.049639225006103516,0.18298450112342834,150.34380071676037,INCOMPLETE_DEPTH,pushup_depth_01.mp4,609
137.22683034641173,165.94820209036988,1.1763415379480953,0.20285327281716034,115.62761883093333,0.0443749725818634,0.18289533257484436,149.94327956171207,INCOMPLETE_DEPTH,pushup_depth_01.mp4,612
138.55233295109653,166.58080336244964,1.1773747166880082,0.20265467442413065,115.66452010426096,0.04319140315055847,0.18265977501869202,148.70776631374903,INCOMPLETE_DEPTH,pushup_depth_01.mp4,615
152.30167885530105,168.09471977342307,1.1729716832993178,0.20174519743793573,115.03802155330736,0.028367191553115845,0.18278464674949646,147.5927611892054,INCOMPLETE_DEPTH,pushup_depth_01.mp4,618
154.4244136131568,170.31277018776007,1.1793759538754804,0.20179594843433918,115.38474828888339,0.026020526885986328,0.18231040239334106,144.63089964255227,INCOMPLETE_DEPTH,pushup_depth_01.mp4,621
157.63476172437558,172.89606007368099,1.1886255497246025,0.20195003240922338,116.02562100064524,0.023039907217025757,0.18146973848342896,141.495287383382,INCOMPLETE_DEPTH,pushup_depth_01.mp4,624
161.92542769617398,174.53215254405728,1.2164435483956904,0.20205661312161222,118.64111462486612,0.017715901136398315,0.17733019590377808,142.01236757017466,INCOMPLETE_DEPTH,pushup_depth_01.mp4,627
165.18750458949154,176.98915453087085,1.2279858107885435,0.20463723659350377,119.2495219808806,0.015875309705734253,0.17854326963424683,144.00600098518547,INCOMPLETE_DEPTH,pushup_depth_01.mp4,630
169.42327958889413,178.1031783084844,1.242741468497528,0.20443292631278542,120.54619998181276,0.010501205921173096,0.17605865001678467,145.81038668335472,INCOMPLETE_DEPTH,pushup_depth_01.mp4,633
170.09701881538618,178.71702447186058,1.2552425759409316,0.2064034816522417,121.27785480194537,0.008232265710830688,0.1764015555381775,147.2244767820565,INCOMPLETE_DEPTH,pushup_depth_01.mp4,636
171.52636041808188,179.00331465893643,1.256542590099982,0.2057798917697319,121.013680786341,0.00599592924118042,0.1763593852519989,148.69930632617988,INCOMPLETE_DEPTH,pushup_depth_01.mp4,639
171.57098229635656,177.19666887756273,1.2523771043147351,0.20426743165990865,120.58752955014701,0.004934042692184448,0.17584118247032166,153.17159847637723,INCOMPLETE_DEPTH,pushup_depth_01.mp4,642
172.01910323304602,175.64140782534457,1.2400024665059217,0.20172180539580487,119.5232443017208,0.003946810960769653,0.17552661895751953,156.16863573459807,INCOMPLETE_DEPTH,pushup_depth_01.mp4,645
171.8087196927583,176.10794182642638,1.231319236663011,0.20034499775597872,118.92177051112952,0.0046401917934417725,0.175355464220047,156.49151711364948,INCOMPLETE_DEPTH,pushup_depth_01.mp4,648
170.52522221480527,177.29464199364313,1.231450202079758,0.20118355028005236,118.97507039484405,0.005810737609863281,0.17599883675575256,156.14689949815556,INCOMPLETE_DEPTH,pushup_depth_01.mp4,651
168.00046961367227,178.9508399201427,1.2287608099961043,0.2016263947993228,118.86954983906934,0.009352266788482666,0.17656585574150085,156.2631718726991,INCOMPLETE_DEPTH,pushup_depth_01.mp4,654
166.77204893252727,177.24690575763879,1.2367785173375438,0.2052634987548237,120.1653982524065,0.011115103960037231,0.17746347188949585,154.4465451268329,INCOMPLETE_DEPTH,pushup_depth_01.mp4,657
162.84381769436862,175.51354001592782,1.2181837773887378,0.20476128109156325,118.86168287734674,0.015643805265426636,0.17932471632957458,155.51603909570716,INCOMPLETE_DEPTH,pushup_depth_01.mp4,660
157.8890124165361,176.09245629699691,1.1859860533437354,0.20228628696807346,115.6114114040838,0.021686822175979614,0.18240886926651,156.2661200446855,INCOMPLETE_DEPTH,pushup_depth_01.mp4,663
153.26344246095204,171.1446732391733,1.1856910515922703,0.20339637843545272,115.84085652519387,0.027641981840133667,0.1830562949180603,155.5309203265073,INCOMPLETE_DEPTH,pushup_depth_01.mp4,666
150.1502288202803,169.26642243398246,1.171693591801349,0.20150098544951123,114.7207037910789,0.030898332595825195,0.18303292989730835,158.54058305343463,INCOMPLETE_DEPTH,pushup_depth_01.mp4,669
139.0968207261441,166.28760081504996,1.1747508025875697,0.20263213803761196,115.37145572856971,0.04246199131011963,0.18308600783348083,157.02950807037973,INCOMPLETE_DEPTH,pushup_depth_01.mp4,672
134.79141140107038,166.1081045880125,1.1754152115379488,0.20085428053068896,115.68780062613047,0.046803802251815796,0.18100163340568542,150.05992581202267,INCOMPLETE_DEPTH,pushup_depth_01.mp4,675
136.0964524400519,164.99031014050166,1.1847080980741251,0.20222095787663094,116.76810669717749,0.04584196209907532,0.18054801225662231,146.75406702293319,INCOMPLETE_DEPTH,pushup_depth_01.mp4,678
136.42980945083863,165.68588761098204,1.1824072538334005,0.20125812822427788,116.51035123132627,0.04581001400947571,0.18009436130523682,145.81212484925007,INCOMPLETE_DEPTH,pushup_depth_01.mp4,681
148.49922394718607,166.23150018726085,1.1840196592152814,0.1988631557000783,116.95081675228882,0.03257307410240173,0.17726349830627441,144.83916445362703,INCOMPLETE_DEPTH,pushup_depth_01.mp4,684
152.88661782758442,167.10486472867115,1.1849553051855437,0.19951295218688492,116.90127841421159,0.027856260538101196,0.1779208481311798,146.70948659388333,INCOMPLETE_DEPTH,pushup_depth_01.mp4,687
156.4475596080169,169.2170358677122,1.1964203718627615,0.20141209077269304,117.63705203523715,0.024718910455703735,0.17842930555343628,144.36655562325913,INCOMPLETE_DEPTH,pushup_depth_01.mp4,690
160.88888845698165,173.31734311118896,1.206519873093941,0.20194781223442645,118.00418997822673,0.01881614327430725,0.1782999038696289,142.5315315160183,INCOMPLETE_DEPTH,pushup_depth_01.mp4,693
165.14260833863915,176.91487178454295,1.2208437053650782,0.20367152346412523,118.52605218388126,0.01584663987159729,0.1789432168006897,146.00078211016893,INCOMPLETE_DEPTH,pushup_depth_01.mp4,696
168.08063057340757,179.44565670645363,1.2247231685603646,0.20166245949773937,118.35401693234446,0.013734608888626099,0.17746645212173462,149.14778000580185,INCOMPLETE_DEPTH,pushup_depth_01.mp4,699
169.5349095027453,175.51803471937419,1.221267830407107,0.2000758477229829,117.57176274109155,0.009871900081634521,0.177351176738739,151.55317771108795,INCOMPLETE_DEPTH,pushup_depth_01.mp4,702
170.79901739076402,173.31963907177217,1.229933242583,0.20312607647933764,117.52098381385312,0.008280932903289795,0.1801382601261139,154.6214745868381,INCOMPLETE_DEPTH,pushup_depth_01.mp4,705
171.05695097021618,170.80102598982504,1.2194908448700361,0.20052097310824604,116.49827288936743,0.00853198766708374,0.17945358157157898,158.09625132673776,INCOMPLETE_DEPTH,pushup_depth_01.mp4,708
170.35909841798303,169.72096778423438,1.219027154703456,0.200100079195388,116.33253839246844,0.009488135576248169,0.17933443188667297,163.36791734245062,INCOMPLETE_DEPTH,pushup_depth_01.mp4,711
167.45143455255567,171.90384631856344,1.2166196920844619,0.20017930631503442,116.38556885905109,0.013680756092071533,0.17932316660881042,164.60583799784578,INCOMPLETE_DEPTH,pushup_depth_01.mp4,714
166.06592406090203,171.8139966175793,1.2178301388828048,0.2024768745003746,116.32840387840407,0.017117351293563843,0.1814710795879364,164.32757892647777,INCOMPLETE_DEPTH,pushup_depth_01.mp4,717
164.38050743664198,177.82336915902283,1.226819446525236,0.20550845849006102,118.13672126833652,0.01782280206680298,0.1812199354171753,172.53435107529188,INCOMPLETE_DEPTH,pushup_depth_01.mp4,720
157.72377814503108,178.93333574288474,1.2205936086159617,0.20735504940007257,117.93976193029697,0.027743101119995117,0.18318340182304382,165.99554446010845,INCOMPLETE_DEPTH,pushup_depth_01.mp4,723
153.0258839774227,176.5852037956919,1.2038768676720957,0.20741014398325677,117.01795677412389,0.032528966665267944,0.18477195501327515,163.03386465285413,INCOMPLETE_DEPTH,pushup_depth_01.mp4,726
147.79768671468548,172.25663815219127,1.1924625241734126,0.2061492719597484,116.40949414224191,0.037435710430145264,0.18463292717933655,163.44013304540536,INCOMPLETE_DEPTH,pushup_depth_01.mp4,729
143.20085044417345,171.19730144779604,1.180210982397103,0.20634804126121306,115.19591764401011,0.04160305857658386,0.1867135465145111,163.38415085759524,INCOMPLETE_DEPTH,pushup_depth_01.mp4,732
142.35937297228867,168.34723033907753,1.1847847296797682,0.20751305477120668,115.88368425029225,0.04325580596923828,0.18669366836547852,158.6276288153054,INCOMPLETE_DEPTH,pushup_depth_01.mp4,735
131.82746773341563,164.77933062741232,1.1950686559015802,0.20736489506261796,117.33995688674955,0.05624300241470337,0.1841992735862732,154.8655401702604,INCOMPLETE_DEPTH,pushup_depth_01.mp4,738
130.4119766179887,163.63755856151934,1.2042458626793922,0.20894020591451404,118.26453395729122,0.05867639183998108,0.1840258538722992,154.2984947285216,INCOMPLETE_DEPTH,pushup_depth_01.mp4,741
132.46791886238154,165.37395228625905,1.1990219136949856,0.20708045421715898,117.65264953625012,0.05613020062446594,0.18342477083206177,150.46647166584526,INCOMPLETE_DEPTH,pushup_depth_01.mp4,744
137.66730038206998,165.89928758287465,1.196348958718173,0.2048244094862952,117.54264339949655,0.049821168184280396,0.18160861730575562,150.6068617681665,INCOMPLETE_DEPTH,pushup_depth_01.mp4,747
141.81938846254076,167.14466958017618,1.206771845723192,0.2058871384737071,118.31150703311705,0.04702004790306091,0.18125680088996887,148.96226161062756,INCOMPLETE_DEPTH,pushup_depth_01.mp4,750
147.66117240233223,170.59177986636405,1.2082666657406833,0.20517383880789303,118.06157822462114,0.04041200876235962,0.1810516119003296,146.42527884277348,INCOMPLETE_DEPTH,pushup_depth_01.mp4,753
152.54843923327513,173.1738075311332,1.2217452395383133,0.20386150573667217,119.21790820819152,0.03483861684799194,0.1779213845729828,145.28206417761857,INCOMPLETE_DEPTH,pushup_depth_01.mp4,756
158.59026714197313,177.53952986708975,1.223652322131504,0.20472624698916725,118.45218644116548,0.029254108667373657,0.1799958050251007,143.811722553948,INCOMPLETE_DEPTH,pushup_depth_01.mp4,759
162.93433924626626,179.2018047806667,1.2251637986354662,0.20282255623801249,118.36777543954169,0.022399991750717163,0.17846423387527466,148.1471829314724,INCOMPLETE_DEPTH,pushup_depth_01.mp4,762
165.32253788166557,176.22324947362247,1.2206567047908619,0.19990573937630907,117.76414294091221,0.01839408278465271,0.17688867449760437,151.1056565421516,INCOMPLETE_DEPTH,pushup_depth_01.mp4,765
167.06159588611527,173.3752621740357,1.2220250570024054,0.19909541036634792,117.30027439105375,0.015129059553146362,0.17691680788993835,153.1017819432383,INCOMPLETE_DEPTH,pushup_depth_01.mp4,768
168.1720393821575,173.8687149003682,1.230065843794415,0.1992165523831515,118.13195879649928,0.012325882911682129,0.17567938566207886,158.67582933902793,INCOMPLETE_DEPTH,pushup_depth_01.mp4,771
169.1023010609164,171.58534083364077,1.2104178491002129,0.1971638303476797,116.03552088497672,0.01103830337524414,0.17715391516685486,157.24737309151777,INCOMPLETE_DEPTH,pushup_depth_01.mp4,774
167.67055430480542,172.39209274988585,1.2125974603986889,0.19836740481023252,116.30333844750176,0.012439876794815063,0.17782637476921082,162.23526021749348,INCOMPLETE_DEPTH,pushup_depth_01.mp4,777
167.78648283140106,172.868243088738,1.2103073675332243,0.19785987587133708,116.17092955354667,0.011725038290023804,0.177573561668396,162.39115295263144,INCOMPLETE_DEPTH,pushup_depth_01.mp4,780
165.91617398868175,178.95408891226927,1.2260791702018459,0.20198246260970695,118.4027356008131,0.013877719640731812,0.17766642570495605,169.7526585221494,INCOMPLETE_DEPTH,pushup_depth_01.mp4,783
161.97807120877803,175.92749648254392,1.2424568374107368,0.20628555726944414,120.48884127641855,0.019170314073562622,0.177759051322937,172.9506204871041,INCOMPLETE_DEPTH,pushup_depth_01.mp4,786
158.33779488483958,172.35293536632753,1.2184556584505926,0.20263447850033736,119.34721302626583,0.023591667413711548,0.1766267716884613,174.185977599637,INCOMPLETE_DEPTH,pushup_depth_01.mp4,789
153.052941658237,169.9118422038593,1.1981304572316158,0.20222398235722813,117.52735929496401,0.028672128915786743,0.1793278455734253,169.52017222525913,INCOMPLETE_DEPTH,pushup_depth_01.mp4,792
147.7072170866315,168.68910662361526,1.1911481639265757,0.20383239524375008,116.70225808578563,0.03633415699005127,0.18209215998649597,162.67092677208288,INCOMPLETE_DEPTH,pushup_depth_01.mp4,795
140.05671256079776,166.68947587507427,1.1902320359120975,0.204239800428494,116.9471823261365,0.04339608550071716,0.1820620894432068,158.97639753115712,INCOMPLETE_DEPTH,pushup_depth_01.mp4,798
135.8494439067017,165.73384313130455,1.1843529457119584,0.202663546295102,116.61025640873605,0.047037988901138306,0.1811939775943756,152.17864660485114,INCOMPLETE_DEPTH,pushup_depth_01.mp4,801
136.5610272604021,164.52742916840398,1.1912961791404637,0.2045187686783052,117.32652977455767,0.04603663086891174,0.18169307708740234,151.57475680072304,INCOMPLETE_DEPTH,pushup_depth_01.mp4,804
140.9042987002544,165.16855804363513,1.1925659698310678,0.2053871388286265,117.2572208050057,0.04186046123504639,0.18257847428321838,149.59321030181908,INCOMPLETE_DEPTH,pushup_depth_01.mp4,807
141.88302097074046,164.5537962204124,1.200319353441332,0.20663923193152695,118.05817203427698,0.041166990995407104,0.1823505163192749,148.8276866304585,INCOMPLETE_DEPTH,pushup_depth_01.mp4,810
151.28129271288898,165.53402346676276,1.2002119783172587,0.20615400191925723,117.97754609724244,0.030979633331298828,0.18205860257148743,146.73497953934,INCOMPLETE_DEPTH,pushup_depth_01.mp4,813
155.6458566593315,164.7597868114679,1.208766422709989,0.20599983757779208,119.0584093837559,0.02637806534767151,0.18006691336631775,146.79880561201685,INCOMPLETE_DEPTH,pushup_depth_01.mp4,816
160.06277624952202,164.44055387157388,1.2316443808051047,0.2084063566914649,121.25979360141115,0.02244490385055542,0.17814743518829346,148.36194188519067,INCOMPLETE_DEPTH,pushup_depth_01.mp4,819
160.83557066740525,164.34586519822665,1.2575035824983174,0.21259808118027468,123.22526567108116,0.02291584014892578,0.17783954739570618,147.18439423908995,INCOMPLETE_DEPTH,pushup_depth_01.mp4,822
164.39392899005517,167.74741552056898,1.2699117658045662,0.21284516879694407,123.59919966946985,0.019633203744888306,0.1772812306880951,145.00243690380213,INCOMPLETE_DEPTH,pushup_depth_01.mp4,825
166.94811554368684,170.7936005952124,1.2742102951369216,0.21242027589816173,123.43423346908101,0.015014976263046265,0.17726507782936096,145.94734462277555,INCOMPLETE_DEPTH,pushup_depth_01.mp4,828
169.0353911362558,173.80608858749102,1.2807204390541984,0.2119124223177077,123.50695863316272,0.010157793760299683,0.1766929030418396,146.7917643183948,INCOMPLETE_DEPTH,pushup_depth_01.mp4,831
169.71088638879232,178.19788054262264,1.263074799128275,0.20702293383680945,121.81732667245264,0.008176475763320923,0.17591100931167603,150.0423865056457,INCOMPLETE_DEPTH,pushup_depth_01.mp4,834
170.1654633496285,178.51931822497002,1.2664129292249215,0.20737255336725866,122.09601337323812,0.00722232460975647,0.175674170255661,151.38000713086,INCOMPLETE_DEPTH,pushup_depth_01.mp4,837
169.3777379900129,178.91662969584854,1.25760435143801,0.20698311832752828,121.33758283363693,0.008459359407424927,0.17678481340408325,152.61050191780268,INCOMPLETE_DEPTH,pushup_depth_01.mp4,840
168.61308895972044,177.81576401108552,1.2561848480776374,0.20742108969415438,121.3049640453754,0.009682714939117432,0.17722028493881226,155.21682113075764,INCOMPLETE_DEPTH,pushup_depth_01.mp4,843
168.1343664866324,177.74319739285852,1.2391401538705746,0.2036190096841012,120.31174704166298,0.00995972752571106,0.17577973008155823,154.87582794685176,INCOMPLETE_DEPTH,pushup_depth_01.mp4,846
165.42458451671627,172.07196696262534,1.2436857318322274,0.20582834340757708,121.60531869000337,0.012965917587280273,0.17529630661010742,157.474240387328,INCOMPLETE_DEPTH,pushup_depth_01.mp4,849
162.95684500449474,170.15120666106003,1.2261055755128014,0.20421357112878818,120.43778490790066,0.014547497034072876,0.1760658323764801,153.3917446568259,INCOMPLETE_DEPTH,pushup_depth_01.mp4,852
161.50572873745205,168.33866210561902,1.2100922211759317,0.20286530183743723,119.24660062898273,0.01564764976501465,0.17700231075286865,156.5102657656415,INCOMPLETE_DEPTH,pushup_depth_01.mp4,855
159.30431581269596,169.13525522728798,1.1876389849381992,0.20000651937638483,117.08413342284103,0.017486542463302612,0.1780712604522705,156.2529666375741,INCOMPLETE_DEPTH,pushup_depth_01.mp4,858
157.25682578147195,166.54474553085714,1.202085145568348,0.20254456640045257,118.72151434011761,0.020017117261886597,0.1776220202445984,150.0525187632012,INCOMPLETE_DEPTH,pushup_depth_01.mp4,861
156.78663750300606,165.08655637095197,1.205878918169945,0.2034682199688833,119.2777186302611,0.020378947257995605,0.17747434973716736,151.54748339906124,INCOMPLETE_DEPTH,pushup_depth_01.mp4,864
158.11919637681368,165.18758635474123,1.2089667487150388,0.20226200170545144,119.68992731350755,0.019278496503829956,0.1757059395313263,150.6388136619202,INCOMPLETE_DEPTH,pushup_depth_01.mp4,867
159.0198521325489,165.05673467362135,1.2127394505926847,0.20128022207373222,120.24693957999858,0.019023746252059937,0.17387548089027405,149.44996699315234,INCOMPLETE_DEPTH,pushup_depth_01.mp4,870
160.20217441779985,161.17736398828254,1.250090304744562,0.2052044028570558,124.260884053985,0.01896640658378601,0.16959407925605774,145.7405443864734,INCOMPLETE_DEPTH,pushup_depth_01.mp4,873
163.84353578109304,157.79915961458406,1.2825344159656893,0.2116472640814643,126.75520753609875,0.01704689860343933,0.16956719756126404,134.38680446713056,INCOMPLETE_DEPTH,pushup_depth_01.mp4,876
166.3503615074546,157.31845905650033,1.297428788953696,0.21367710824249977,127.75225927280862,0.01713225245475769,0.16894236207008362,134.70055353987993,INCOMPLETE_DEPTH,pushup_depth_01.mp4,879
169.0697703356152,159.15616518426376,1.1511702410405655,0.19628394621488718,107.88834361398266,0.024973928928375244,0.1867939829826355,157.32198672989946,INCOMPLETE_DEPTH,pushup_depth_02.mp4,3
171.15388971209777,159.56252129043722,1.1573353126728532,0.19766019937652005,108.45615291922348,0.025748759508132935,0.1874927282333374,160.88981902349465,INCOMPLETE_DEPTH,pushup_depth_02.mp4,6
170.81507035412335,160.0148848962111,1.1623817264992578,0.19911366003503356,108.85483861985428,0.026724696159362793,0.18842819333076477,162.83481796959512,INCOMPLETE_DEPTH,pushup_depth_02.mp4,9
169.66032745603624,161.20184540813366,1.1725705532647333,0.20088942835463663,109.90932803925453,0.028529971837997437,0.18888157606124878,164.69462559771893,INCOMPLETE_DEPTH,pushup_depth_02.mp4,12
166.94647856083506,165.09780066218212,1.19108809008961,0.20425240730599442,111.99984201025947,0.03157344460487366,0.18937823176383972,166.3569510692683,INCOMPLETE_DEPTH,pushup_depth_02.mp4,15
164.3002309107596,170.42437484910914,1.2175369864727763,0.20783268055341206,115.23168211359062,0.03409340977668762,0.18800166249275208,167.67221862901093,INCOMPLETE_DEPTH,pushup_depth_02.mp4,18
160.06758618581617,174.8538656531448,1.2066385800783634,0.20754482316276182,115.00530185093463,0.03865376114845276,0.18808940052986145,165.86349677881066,INCOMPLETE_DEPTH,pushup_depth_02.mp4,21
154.5686034846285,179.44575787308736,1.2172177551139494,0.2123983187789413,116.42319498058573,0.046648502349853516,0.19020721316337585,161.2402065881893,INCOMPLETE_DEPTH,pushup_depth_02.mp4,24
152.2676147479767,175.11807818013378,1.220615574148279,0.21358774614193393,117.41851120733826,0.047706395387649536,0.18959233164787292,158.51157968520883,INCOMPLETE_DEPTH,pushup_depth_02.mp4,27
149.8781868045277,172.57224487460164,1.2243085152300377,0.214139770895038,118.53462633074334,0.04792991280555725,0.18812531232833862,166.47515313607647,INCOMPLETE_DEPTH,pushup_depth_02.mp4,30
146.30457433465247,171.08842660954164,1.2032386226335017,0.21001346965799716,117.03035207542372,0.04885303974151611,0.18707051873207092,166.6902637810275,INCOMPLETE_DEPTH,pushup_depth_02.mp4,33
140.44088652903963,168.73987267640297,1.196443990181731,0.20977270448307272,116.77701390476378,0.05370238423347473,0.18727579712867737,166.38982388027682,INCOMPLETE_DEPTH,pushup_depth_02.mp4,36
131.35871256391553,166.62639644443468,1.1930667131846764,0.2105384707872549,116.65831893060538,0.06750398874282837,0.18815556168556213,162.06777364727418,INCOMPLETE_DEPTH,pushup_depth_02.mp4,39
130.68646072851573,165.72388404797152,1.1843223499043791,0.21073170056448814,115.7948745022835,0.07074043154716492,0.18973180651664734,154.91296640215916,INCOMPLETE_DEPTH,pushup_depth_02.mp4,42
130.1620234042471,165.5744152922353,1.177020426306201,0.21063461389784718,114.94783544887554,0.07087624073028564,0.1909787952899933,149.067182687538,INCOMPLETE_DEPTH,pushup_depth_02.mp4,45
124.9520767405787,165.46321851466237,1.168582933384628,0.2094101051877215,114.17883391562073,0.07488369941711426,0.19103702902793884,148.25946814745834,INCOMPLETE_DEPTH,pushup_depth_02.mp4,48
128.78777391138348,166.4479656937484,1.1753338877046824,0.2096452720577549,114.75324536864457,0.07230246067047119,0.1903810203075409,144.7227756615712,INCOMPLETE_DEPTH,pushup_depth_02.mp4,51
133.17534424466425,164.83573134537298,1.1882483410542206,0.21215814315014367,116.09549389617376,0.0679280161857605,0.19052904844284058,143.04023382221428,INCOMPLETE_DEPTH,pushup_depth_02.mp4,54
139.50932209397794,164.82810627578223,1.1977410153144712,0.21244841140167262,117.04453675410198,0.06068047881126404,0.18921557068824768,144.0915883712179,INCOMPLETE_DEPTH,pushup_depth_02.mp4,57
144.15122200776779,165.40562612495756,1.215257187038834,0.21561693798919768,118.61676678893296,0.05164095759391785,0.18927517533302307,148.62284327507115,INCOMPLETE_DEPTH,pushup_depth_02.mp4,60
148.4634055996186,164.87274386822364,1.2358810597335301,0.21921211623319237,120.25023719792704,0.04807877540588379,0.18935981392860413,147.55820623797734,INCOMPLETE_DEPTH,pushup_depth_02.mp4,63
150.74439457959997,165.38628016452853,1.2497489430741033,0.21987167790587525,121.33084684496943,0.0457746684551239,0.1878066062927246,150.67544096760147,INCOMPLETE_DEPTH,pushup_depth_02.mp4,66
152.43540345267303,171.2395334854871,1.2237857049903014,0.21633205979390524,118.35689612633368,0.043580472469329834,0.19037097692489624,155.52143894451265,INCOMPLETE_DEPTH,pushup_depth_02.mp4,69
154.52764414540263,176.17644587203856,1.2098183459584562,0.21211684116498775,116.67798226642273,0.04122564196586609,0.18953347206115723,158.40071490768423,INCOMPLETE_DEPTH,pushup_depth_02.mp4,72
159.95251371241548,178.86781808607236,1.2237538333913411,0.2088296174400498,117.80799630697723,0.034696727991104126,0.18471065163612366,154.48000352182459,INCOMPLETE_DEPTH,pushup_depth_02.mp4,75
162.3696772896338,179.63148251842242,1.224862477478532,0.20470707359048626,117.75218638948247,0.031235992908477783,0.18115714192390442,149.8918440938722,INCOMPLETE_DEPTH,pushup_depth_02.mp4,78
163.66631278518952,177.7450379076604,1.222257804898523,0.20188523897055732,117.41276340951701,0.029422283172607422,0.1792137324810028,154.16133948173638,INCOMPLETE_DEPTH,pushup_depth_02.mp4,81
164.57377514494817,173.53706602708996,1.2153364460744775,0.20162230203798343,115.9385081397883,0.028994083404541016,0.1813095510005951,156.52842781524353,INCOMPLETE_DEPTH,pushup_depth_02.mp4,84
168.7779384922779,171.42776684867968,1.2200526159000091,0.20157504718248148,116.08947277820484,0.0244063138961792,0.18103408813476562,161.0385148222851,INCOMPLETE_DEPTH,pushup_depth_02.mp4,87
170.85704051690777,170.45186675106612,1.2212002933617843,0.19844633112227333,116.11945815443725,0.021120309829711914,0.17817845940589905,163.75759866419887,INCOMPLETE_DEPTH,pushup_depth_02.mp4,90
171.1226167577262,169.47069708870154,1.2274420688421799,0.19908954573190044,116.59871784048164,0.020513713359832764,0.1780165135860443,167.2283724521252,INCOMPLETE_DEPTH,pushup_depth_02.mp4,93
170.6335719294791,168.1302434875316,1.2142894114532308,0.19727053841849243,115.44606169574523,0.020945221185684204,0.1781313121318817,168.11174139882917,INCOMPLETE_DEPTH,pushup_depth_02.mp4,96
166.92884161503645,169.5655298814204,1.215880101043367,0.19804721278123175,115.85968204854171,0.025623440742492676,0.17821362614631653,167.61368411296556,INCOMPLETE_DEPTH,pushup_depth_02.mp4,99
163.6409583554481,172.18143781177312,1.213668628391536,0.1986878759032199,115.9811021689793,0.030134886503219604,0.1786060631275177,167.8050238760011,INCOMPLETE_DEPTH,pushup_depth_02.mp4,102
159.1917229912596,174.93175942927354,1.189249357380498,0.20087061670602713,114.13261547447637,0.036037594079971313,0.1833130121231079,168.06402502284482,INCOMPLETE_DEPTH,pushup_depth_02.mp4,105
154.46394804067975,177.202082261107,1.1813013098664318,0.2043051544671282,113.41940313264159,0.04170385003089905,0.18747279047966003,158.59458442698488,INCOMPLETE_DEPTH,pushup_depth_02.mp4,108
150.0957799416351,177.7320013188824,1.1902758351277392,0.20683907370361107,114.87949153891141,0.04627692699432373,0.18764135241508484,154.5368607710526,INCOMPLETE_DEPTH,pushup_depth_02.mp4,111
146.8493705920626,177.12056894848757,1.174739586208542,0.20486260092667638,113.61541863070302,0.047763317823410034,0.18770462274551392,159.5957733229294,INCOMPLETE_DEPTH,pushup_depth_02.mp4,114
144.38068417025335,175.74848971180734,1.1619695708459779,0.20174420941084803,112.77596819030663,0.048414409160614014,0.18601170182228088,159.6245583410329,INCOMPLETE_DEPTH,pushup_depth_02.mp4,117
141.34015201812778,173.68128769001143,1.1609826250311412,0.20156883645976897,112.94664607619659,0.052092939615249634,0.18561670184135437,155.34043678001896,INCOMPLETE_DEPTH,pushup_depth_02.mp4,120
136.3932418863292,173.17529554677373,1.1534172529732898,0.20165290296329025,112.09753471282052,0.057501375675201416,0.18683892488479614,158.6306881584552,INCOMPLETE_DEPTH,pushup_depth_02.mp4,123
136.79805894171318,172.52237492280477,1.158805011034268,0.20260274523830737,112.64660851328253,0.05837678909301758,0.18697991967201233,159.66902406019804,INCOMPLETE_DEPTH,pushup_depth_02.mp4,126
134.99426179872128,174.52507323801288,1.1432786148754308,0.20217329592313946,110.56999440586641,0.06030365824699402,0.1892821490764618,157.85960625561646,INCOMPLETE_DEPTH,pushup_depth_02.mp4,129
136.64046924664498,174.35060420246606,1.1508307055625993,0.2027736175696014,111.37757124824617,0.060954749584198,0.18882107734680176,156.79801863411856,INCOMPLETE_DEPTH,pushup_depth_02.mp4,132
136.28233351083784,175.07853649942518,1.1495515505739409,0.20269084961011152,111.17211189673279,0.060922980308532715,0.18900775909423828,157.38991554306497,INCOMPLETE_DEPTH,pushup_depth_02.mp4,135
140.14030758919705,178.09519215915535,1.1518402374570775,0.2024210284949499,110.99982552380905,0.05762860178947449,0.18897515535354614,153.59410093460826,INCOMPLETE_DEPTH,pushup_depth_02.mp4,138
143.37051000623288,176.73531781977172,1.1388884062622977,0.19973011529513052,109.07491746219891,0.055166274309158325,0.18876221776008606,151.04511419447857,INCOMPLETE_DEPTH,pushup_depth_02.mp4,141
147.32466990890458,174.95052581774206,1.142161840581481,0.20029960911434982,109.11766857373517,0.05172014236450195,0.18925154209136963,152.85890232526316,INCOMPLETE_DEPTH,pushup_depth_02.mp4,144
152.7321865245812,173.8220809818704,1.1631299960040058,0.20086385571382284,111.04130250515114,0.04678472876548767,0.1874692440032959,155.66401849065372,INCOMPLETE_DEPTH,pushup_depth_02.mp4,147
156.9438200495354,171.07969794978254,1.1790667363073715,0.1974638118010386,112.75630249666854,0.04118901491165161,0.18209129571914673,164.08708709531166,INCOMPLETE_DEPTH,pushup_depth_02.mp4,150
162.06737326878746,168.17992496220887,1.1787611664520188,0.1962195749558729,112.40664415875482,0.033551812171936035,0.18140378594398499,165.9359711087942,INCOMPLETE_DEPTH,pushup_depth_02.mp4,153
165.08631305574656,166.65231597687804,1.1767987220005154,0.1938446994007493,112.15437011464519,0.029167503118515015,0.17953184247016907,163.37208978329062,INCOMPLETE_DEPTH,pushup_depth_02.mp4,156
167.61315344334915,163.79462345824885,1.1697892948774276,0.19040543230648105,111.37247038857032,0.023010224103927612,0.1773100197315216,167.1115003336541,INCOMPLETE_DEPTH,pushup_depth_02.mp4,159
168.64723564661153,161.53570415070325,1.1623176524428966,0.1892477965114501,110.30071862290711,0.020065635442733765,0.17749130725860596,170.20223200113918,INCOMPLETE_DEPTH,pushup_depth_02.mp4,162
169.12937022228513,161.05556823171466,1.1665463793875126,0.19083888306794078,110.52528546191277,0.018593251705169678,0.17872264981269836,167.69739159672932,INCOMPLETE_DEPTH,pushup_depth_02.mp4,165
170.12789518895823,161.29064363044077,1.176058722711667,0.19239416629038292,111.40113349007116,0.015473157167434692,0.17912688851356506,166.3173924356717,INCOMPLETE_DEPTH,pushup_depth_02.mp4,168
169.7316122539066,162.21098432586382,1.1866022376427785,0.19492435270543407,112.24458567728638,0.016139209270477295,0.1804158091545105,165.37403244807817,INCOMPLETE_DEPTH,pushup_depth_02.mp4,171
168.86243990577734,163.31596253651415,1.1834615721410833,0.19679335211149798,111.88761639751155,0.017755091190338135,0.18260636925697327,164.1136461483585,INCOMPLETE_DEPTH,pushup_depth_02.mp4,174
168.29155355200217,164.7979136469632,1.186205804027743,0.19741715733496804,112.17288898924798,0.01806354522705078,0.18281647562980652,158.76668700138515,INCOMPLETE_DEPTH,pushup_depth_02.mp4,177
166.59831156317324,171.12622080061408,1.208396781094299,0.2027892563405321,114.90769253634427,0.020330488681793213,0.18392536044120789,157.81035424014635,INCOMPLETE_DEPTH,pushup_depth_02.mp4,180
158.97667886554396,178.01967145351637,1.2057587248714754,0.20607244579739253,115.61720004063716,0.02972683310508728,0.1858140230178833,154.98775494245297,INCOMPLETE_DEPTH,pushup_depth_02.mp4,183
154.02261153950712,177.20984933827464,1.1784553790269277,0.20749027319030217,112.79458055664459,0.03618049621582031,0.19128361344337463,152.4111202540987,INCOMPLETE_DEPTH,pushup_depth_02.mp4,186
148.31753952726032,179.16922372554964,1.1718004632742955,0.21028080666235904,112.44672755868613,0.04301786422729492,0.1943472921848297,157.09259287157786,INCOMPLETE_DEPTH,pushup_depth_02.mp4,189
143.68695349247653,179.1780772104054,1.1604343688064183,0.20732490267858897,111.59269864182556,0.04859471321105957,0.19277408719062805,160.2409967305484,INCOMPLETE_DEPTH,pushup_depth_02.mp4,192
137.3053945580589,179.550968381348,1.1448224065329216,0.2030343981363672,110.30667778130471,0.055784642696380615,0.1904142200946808,163.63504217933544,INCOMPLETE_DEPTH,pushup_depth_02.mp4,195
135.37839544567956,177.1083247220945,1.146668437528362,0.20270406157671947,110.90681778272372,0.05862262845039368,0.18935707211494446,166.611376180981,INCOMPLETE_DEPTH,pushup_depth_02.mp4,198
133.48998163373795,175.4353804941357,1.14106441425123,0.20300316343871086,110.34442799075414,0.06019169092178345,0.19033846259117126,168.26018508680755,INCOMPLETE_DEPTH,pushup_depth_02.mp4,201
131.6289821820798,174.03001385472226,1.139295512633361,0.20271429767489782,110.16995919363728,0.06359505653381348,0.19028136134147644,166.083862882469,INCOMPLETE_DEPTH,pushup_depth_02.mp4,204
125.7886391710737,176.18721640958287,1.12856112411382,0.20113177947547906,108.83297714739842,0.07116547226905823,0.190362811088562,162.26043525046583,INCOMPLETE_DEPTH,pushup_depth_02.mp4,207
130.51251386123437,176.53438228035,1.1365498749646372,0.20250432896568818,109.64924892180892,0.06396093964576721,0.19071105122566223,162.76099107539022,INCOMPLETE_DEPTH,pushup_depth_02.mp4,210
131.26937368027367,176.9152584918382,1.137592045227462,0.20289790057667068,109.6980660244016,0.05967837572097778,0.19102349877357483,162.34120638417377,INCOMPLETE_DEPTH,pushup_depth_02.mp4,213
139.9886087251061,174.34391221435268,1.1658227138216508,0.20720256328048006,112.7940282500356,0.05101862549781799,0.19101914763450623,163.26254258674305,INCOMPLETE_DEPTH,pushup_depth_02.mp4,216
145.27846418695628,173.57192929699326,1.1849884727126943,0.21013220489313472,114.56161252198038,0.047015100717544556,0.19111645221710205,162.76554278232575,INCOMPLETE_DEPTH,pushup_depth_02.mp4,219
155.18820285155016,177.69765137121752,1.191646411230625,0.207432302043835,114.9260161560291,0.03650951385498047,0.18810859322547913,157.78675081009072,INCOMPLETE_DEPTH,pushup_depth_02.mp4,222
159.03409701552098,178.56364516117418,1.1993524398754858,0.2043326337908173,115.8684522099991,0.03315797448158264,0.18385601043701172,155.66019964252914,INCOMPLETE_DEPTH,pushup_depth_02.mp4,225
162.5370281972464,178.02768930267433,1.2035416219836426,0.20133060972171585,116.02048333597605,0.026347488164901733,0.1809210479259491,152.07643981912602,INCOMPLETE_DEPTH,pushup_depth_02.mp4,228
165.1909593015191,175.57026863393753,1.2042852906463497,0.19903453417408584,115.91388356203969,0.02298453450202942,0.17901986837387085,153.23234851794388,INCOMPLETE_DEPTH,pushup_depth_02.mp4,231
167.51691403811506,173.67904815529903,1.219431765822962,0.1990361426613222,116.85411227111044,0.018804490566253662,0.17756971716880798,155.65285055762655,INCOMPLETE_DEPTH,pushup_depth_02.mp4,234
169.0309774266641,172.38164814358962,1.2201496721337117,0.19953078580403136,116.60014355223144,0.01630464196205139,0.17840883135795593,159.02802401548996,INCOMPLETE_DEPTH,pushup_depth_02.mp4,237
170.49971568703123,169.91796813006187,1.2213468510305585,0.19969262597839832,116.43644744562289,0.014054298400878906,0.1788083016872406,166.32349233389073,INCOMPLETE_DEPTH,pushup_depth_02.mp4,240
171.2604736987737,169.45058799094045,1.2322972727048123,0.20032419362558102,117.30823774272308,0.011950433254241943,0.1779959499835968,172.17449520623472,INCOMPLETE_DEPTH,pushup_depth_02.mp4,243
171.06257335454055,170.2851904791313,1.236664987340049,0.20246081811674466,117.791120143356,0.012083739042282104,0.17910516262054443,173.02050858843836,INCOMPLETE_DEPTH,pushup_depth_02.mp4,246
170.50269269492355,168.9031144793632,1.2261817354701228,0.2019450848409698,116.90747643403358,0.01323583722114563,0.18007990717887878,174.9254380541848,INCOMPLETE_DEPTH,pushup_depth_02.mp4,249
168.80460016329556,173.4190649854531,1.2376983101637213,0.2055590396528137,118.26724951391459,0.015774458646774292,0.18104320764541626,178.29314335401355,INCOMPLETE_DEPTH,pushup_depth_02.mp4,252
165.8010798315038,175.78358151477525,1.229315735060492,0.20915696231179653,117.6496325053258,0.021472424268722534,0.18526920676231384,176.14863895993923,INCOMPLETE_DEPTH,pushup_depth_02.mp4,255
162.25991542864642,179.40516531046785,1.2222397186359106,0.2117255087602421,117.39170538017628,0.02792811393737793,0.1879848837852478,172.17410299890625,INCOMPLETE_DEPTH,pushup_depth_02.mp4,258
156.68878815807435,176.8830419476263,1.21070466191542,0.2123495299956205,116.73268578662758,0.03394746780395508,0.1896502673625946,174.84190189341192,INCOMPLETE_DEPTH,pushup_depth_02.mp4,261
152.0340612353149,174.68023264104062,1.1926567746432666,0.21036872938123682,115.2722401281719,0.038401633501052856,0.19023221731185913,170.7672561384915,INCOMPLETE_DEPTH,pushup_depth_02.mp4,264
146.64889675962158,171.24476008951456,1.1879729354351098,0.2085930610783539,115.48721272208118,0.04191577434539795,0.1882910132408142,170.85848109147608,INCOMPLETE_DEPTH,pushup_depth_02.mp4,267
143.8704914747457,170.45447057996432,1.1777043670527534,0.20633250080599602,114.75405787536874,0.04410874843597412,0.1873714029788971,168.7794064392901,INCOMPLETE_DEPTH,pushup_depth_02.mp4,270
133.81627673182007,168.5767673413823,1.1729577814978098,0.20669670172364044,114.50769275005304,0.05628007650375366,0.1880725920200348,161.55132804182406,INCOMPLETE_DEPTH,pushup_depth_02.mp4,273
133.35930084395594,169.89866598717512,1.1606476740501093,0.20507615098953874,113.09079275066219,0.05657303333282471,0.18864470720291138,155.4023703135949,INCOMPLETE_DEPTH,pushup_depth_02.mp4,276
133.43250422583756,171.86159658656942,1.146118118558992,0.20288223864899305,111.35350051603398,0.05964583158493042,0.18895328044891357,152.73987117685414,INCOMPLETE_DEPTH,pushup_depth_02.mp4,279
127.72910285605042,173.59332947084934,1.139402902628796,0.19980964854059016,110.62822879354506,0.06660953164100647,0.18699774146080017,149.47189998702538,INCOMPLETE_DEPTH,pushup_depth_02.mp4,282
129.64586567704856,172.98009610537392,1.1458478070062583,0.20029524215818933,111.3658540154965,0.06610184907913208,0.18652814626693726,151.28332136446232,INCOMPLETE_DEPTH,pushup_depth_02.mp4,285
129.44368268919808,172.9807499084041,1.1500903732800025,0.20103032151142544,111.82844462918875,0.06405025720596313,0.1866152286529541,153.37502352637168,INCOMPLETE_DEPTH,pushup_depth_02.mp4,288
134.43896112581726,172.6928050749287,1.1654579520652113,0.20347192802280292,113.47983182044962,0.05695211887359619,0.18662279844284058,155.49786838524858,INCOMPLETE_DEPTH,pushup_depth_02.mp4,291
140.03612837408403,173.8947418402362,1.1755850322250117,0.2046464824661532,114.33317646081217,0.052027344703674316,0.1864648163318634,155.83255091141612,INCOMPLETE_DEPTH,pushup_depth_02.mp4,294
146.091344772391,177.21892479416468,1.1786644419396812,0.20592154372167823,114.05504249218552,0.04720747470855713,0.18803632259368896,153.33772569200772,INCOMPLETE_DEPTH,pushup_depth_02.mp4,297
156.78740416439734,178.54795745024737,1.1945509524830626,0.2062466894911297,115.48368898405346,0.03659382462501526,0.18617844581604004,153.83489506341675,INCOMPLETE_DEPTH,pushup_depth_02.mp4,300
159.74531121201645,177.7993670199782,1.1967952675063374,0.20244456156013252,115.48265250504964,0.033414989709854126,0.18274781107902527,151.8895546131443,INCOMPLETE_DEPTH,pushup_depth_02.mp4,303
161.7941343922011,176.0711358361831,1.1991764275869932,0.2019129925153084,115.43970835996556,0.02914661169052124,0.18233302235603333,153.95909413901927,INCOMPLETE_DEPTH,pushup_depth_02.mp4,306
166.7672444381378,173.309809858812,1.2072640832056767,0.200031961150207,115.78212711591021,0.021840661764144897,0.18011757731437683,155.77024307457117,INCOMPLETE_DEPTH,pushup_depth_02.mp4,309
169.1997529709038,172.14977447950662,1.2180047671310483,0.20044594735992083,116.25401046805656,0.017766952514648438,0.17976611852645874,155.95562948579789,INCOMPLETE_DEPTH,pushup_depth_02.mp4,312
171.19542035959697,169.263848420522,1.2189296832284309,0.19809151918544865,116.0909050724294,0.012827157974243164,0.17790332436561584,159.80282658890536,INCOMPLETE_DEPTH,pushup_depth_02.mp4,315
170.96809553205372,168.3039931670244,1.2281080657424872,0.20246122362415214,116.2927743188304,0.013553112745285034,0.18151286244392395,166.06209396633835,INCOMPLETE_DEPTH,pushup_depth_02.mp4,318
171.84148346095242,167.8891901300925,1.2285535569768802,0.20353292872815804,116.10948986609758,0.012453198432922363,0.18276119232177734,167.1685324420152,INCOMPLETE_DEPTH,pushup_depth_02.mp4,321
171.89845173066442,169.73856236480108,1.228787225450024,0.2053567440842236,116.21909897699008,0.011721014976501465,0.1842256486415863,166.2153478946518,INCOMPLETE_DEPTH,pushup_depth_02.mp4,324
171.099726215033,171.50758170037076,1.2228462369147182,0.20598325583159874,115.76203071681086,0.013077199459075928,0.1855078637599945,165.69207464905983,INCOMPLETE_DEPTH,pushup_depth_02.mp4,327
169.18734224801622,173.78343920529102,1.2318100893009412,0.2085041982473377,116.69011623800291,0.016584694385528564,0.1862855851650238,167.12791949257044,INCOMPLETE_DEPTH,pushup_depth_02.mp4,330
164.74187225903077,179.31263427114206,1.2533471239753866,0.21311324887283517,119.11206817769535,0.02284511923789978,0.18618789315223694,171.79902953554011,INCOMPLETE_DEPTH,pushup_depth_02.mp4,333
161.364712450796,177.13690433250073,1.254890469171978,0.21675109287921565,119.68488115453493,0.028494983911514282,0.18830233812332153,176.3863199683623,INCOMPLETE_DEPTH,pushup_depth_02.mp4,336
155.78306221934446,175.64259654700817,1.244061150259471,0.2134792134169923,119.73232703925827,0.03682193160057068,0.1853722333908081,163.7393196260309,INCOMPLETE_DEPTH,pushup_depth_02.mp4,339
149.30877877636647,173.79256819523468,1.2232524466371253,0.2134587448344792,118.15698437903114,0.045176684856414795,0.18819507956504822,168.22198778866067,INCOMPLETE_DEPTH,pushup_depth_02.mp4,342
145.2985897401109,173.70057814651295,1.1963536902628373,0.2102717174955147,115.93427524489283,0.049151331186294556,0.1890944540500641,170.7774845534567,INCOMPLETE_DEPTH,pushup_depth_02.mp4,345
140.89219520722432,169.67122631819348,1.2009615741653619,0.21384098346814165,116.56792159587343,0.05458277463912964,0.19125816226005554,170.42629451864846,INCOMPLETE_DEPTH,pushup_depth_02.mp4,348
136.0901274446709,167.62201365508332,1.2033994862774642,0.21685273430071667,116.71090128405612,0.06174054741859436,0.19370922446250916,165.62758300722973,INCOMPLETE_DEPTH,pushup_depth_02.mp4,351
129.9462733393239,166.84142746283985,1.1947195357857336,0.21532851998698527,116.11983718179236,0.0684458315372467,0.19333598017692566,163.3454229338077,INCOMPLETE_DEPTH,pushup_depth_02.mp4,354
124.17337385070925,167.67501777685004,1.1785124880321274,0.21320699679090402,114.54521793480878,0.07439291477203369,0.19393837451934814,157.28194888586316,INCOMPLETE_DEPTH,pushup_depth_02.mp4,357
124.24834587240575,169.7429023413607,1.1611180960369747,0.2102943383555148,112.65655530286567,0.07304242253303528,0.1940644085407257,156.3140043488643,INCOMPLETE_DEPTH,pushup_depth_02.mp4,360
125.95120537186777,170.31753371160548,1.1636430189251852,0.2105803532078531,112.82733067562823,0.07166233658790588,0.19408568739891052,154.65989031008374,INCOMPLETE_DEPTH,pushup_depth_02.mp4,363
128.49812389800582,170.3440031248805,1.1704721987980473,0.21166960223654666,113.4500080103064,0.06920841336250305,0.19418558478355408,154.46544022419664,INCOMPLETE_DEPTH,pushup_depth_02.mp4,366
131.34155696876442,170.16618588641623,1.1824598736442649,0.2136777359021582,114.67167083248562,0.06497249007225037,0.19417017698287964,157.24849584517352,INCOMPLETE_DEPTH,pushup_depth_02.mp4,369
139.76832416628977,172.63625632660924,1.1982127042809676,0.21689242161792882,115.5912159009238,0.05883646011352539,0.19561293721199036,155.13617513195015,INCOMPLETE_DEPTH,pushup_depth_02.mp4,372
146.52856840265534,175.8614393209122,1.1958416906503977,0.21510001111339186,114.94742512293494,0.05293276906013489,0.1950281858444214,150.71473469041982,INCOMPLETE_DEPTH,pushup_depth_02.mp4,375
151.9295845562222,177.1932593227138,1.2084425686234341,0.21624598429125552,115.77454501566348,0.0480460524559021,0.1947300136089325,148.7455983196878,INCOMPLETE_DEPTH,pushup_depth_02.mp4,378
155.65445378318543,176.5990513306255,1.2286255757775708,0.21576189730910164,117.5354005923238,0.0440002977848053,0.19131913781166077,149.09946637369657,INCOMPLETE_DEPTH,pushup_depth_02.mp4,381
163.5205306736836,176.80068203608553,1.2410648931041937,0.21578798202971292,118.4137567591864,0.03274226188659668,0.18979036808013916,150.1286063511392,INCOMPLETE_DEPTH,pushup_depth_02.mp4,384
165.3003207044397,178.38167104618603,1.2507589520903322,0.21548228201225347,118.7768226143365,0.030185997486114502,0.18886789679527283,150.8954028095172,INCOMPLETE_DEPTH,pushup_depth_02.mp4,387
167.55291985223946,179.02477887092076,1.2656849862085986,0.21553338939885724,119.8804669547988,0.02480575442314148,0.18687894940376282,152.92064702245054,INCOMPLETE_DEPTH,pushup_depth_02.mp4,390
169.02164020751655,179.606437105971,1.273593608983858,0.21738519209265972,120.08993864083001,0.02227187156677246,0.1880873441696167,155.63439875679185,INCOMPLETE_DEPTH,pushup_depth_02.mp4,393
169.98950830461337,178.73269099325782,1.278755350845096,0.21451757549632555,120.74898057967755,0.019674599170684814,0.184356689453125,156.89980386529842,INCOMPLETE_DEPTH,pushup_depth_02.mp4,396
167.89275154190557,179.17841768089156,1.284270234670917,0.21537683703107824,121.16524094899626,0.02244359254837036,0.18429017066955566,158.81587407580872,INCOMPLETE_DEPTH,pushup_depth_02.mp4,399
167.11584971719094,179.48587525792513,1.2798600638401585,0.21673499442514346,120.78270922926114,0.023037642240524292,0.18619710206985474,160.36267973268286,INCOMPLETE_DEPTH,pushup_depth_02.mp4,402
165.62455497271594,179.31299938134967,1.277632145536054,0.21774321463599583,120.63102942467519,0.02481892704963684,0.18735766410827637,161.5660319099952,INCOMPLETE_DEPTH,pushup_depth_02.mp4,405
163.91187563425197,177.53095540102922,1.2729634104785905,0.2183708336448821,120.78601648184384,0.02590826153755188,0.18759602308273315,163.700614013454,INCOMPLETE_DEPTH,pushup_depth_02.mp4,408
161.7879089655815,176.24041543343017,1.2584422052416533,0.21776902220674083,120.0893849492625,0.0273551344871521,0.18842050433158875,166.8120368894699,INCOMPLETE_DEPTH,pushup_depth_02.mp4,411
159.0769097191781,175.13447113448024,1.2398498239198734,0.21589676160395394,119.10231461515231,0.02916496992111206,0.1886376440525055,168.83885500889494,INCOMPLETE_DEPTH,pushup_depth_02.mp4,414
153.3798804448084,174.3033193748189,1.2158514426639349,0.21404743062404016,117.27445412704706,0.03692319989204407,0.19024762511253357,170.54548516477217,INCOMPLETE_DEPTH,pushup_depth_02.mp4,417
144.94005637233494,173.78661824495995,1.201038229576705,0.21285772857977395,116.0071920665369,0.04862847924232483,0.1913014054298401,167.09804964166534,INCOMPLETE_DEPTH,pushup_depth_02.mp4,420
138.8479932568375,172.59525724179696,1.1808954847804785,0.21109247610466755,114.22209640480072,0.05685228109359741,0.19250646233558655,168.47021178697943,INCOMPLETE_DEPTH,pushup_depth_02.mp4,423
132.33747903594355,169.97732279173476,1.1752994200258289,0.21116518009582777,113.94062937468705,0.06467011570930481,0.192996084690094,170.0729991208549,INCOMPLETE_DEPTH,pushup_depth_02.mp4,426
127.57065288910712,169.9606264575277,1.1551998814199955,0.20904040698800283,111.9113740984346,0.06865641474723816,0.19393828511238098,168.05272758393033,INCOMPLETE_DEPTH,pushup_depth_02.mp4,429
123.07741573812143,169.67929789139166,1.1383293065846563,0.20726118959857961,110.18770175891932,0.07236573100090027,0.194527268409729,163.89973035790692,INCOMPLETE_DEPTH,pushup_depth_02.mp4,432
120.21511625154567,172.4406090577881,1.1168876850784062,0.20462903700086768,107.49520203557502,0.07248127460479736,0.19516238570213318,160.83934218758503,INCOMPLETE_DEPTH,pushup_depth_02.mp4,435
118.60091996064689,171.37039136305754,1.119007422219863,0.2054201579619953,107.83998823196191,0.07302576303482056,0.19554170966148376,162.16373370797868,INCOMPLETE_DEPTH,pushup_depth_02.mp4,438
122.31184678774095,170.97635316155404,1.1322257815119372,0.20778973837339515,109.28097394247703,0.07228744029998779,0.1961337924003601,160.66123538587246,INCOMPLETE_DEPTH,pushup_depth_02.mp4,441
123.79544774568913,171.90169394133986,1.1344442756317121,0.2079156159201924,109.42420276198601,0.07147890329360962,0.19608035683631897,158.6690851750338,INCOMPLETE_DEPTH,pushup_depth_02.mp4,444
129.57065370047906,174.08508390803425,1.1373280997277069,0.20780800050116868,109.49753336080032,0.06735658645629883,0.19589024782180786,155.2466017346004,INCOMPLETE_DEPTH,pushup_depth_02.mp4,447
138.12501694521498,173.98387281236438,1.1613958532464002,0.21060982232217876,111.88672012713117,0.062089234590530396,0.19542813301086426,151.89043492393867,INCOMPLETE_DEPTH,pushup_depth_02.mp4,450
143.52198328219865,174.9136011601017,1.1931667878576195,0.21458598871802245,114.61957972522126,0.058888792991638184,0.19507688283920288,149.57859613120155,INCOMPLETE_DEPTH,pushup_depth_02.mp4,453
150.04822561037525,175.92395073231768,1.2190446062596518,0.2160937086387203,116.93693193369513,0.05109560489654541,0.19264647364616394,151.45609825268738,INCOMPLETE_DEPTH,pushup_depth_02.mp4,456
153.77634932245118,176.86562502962562,1.227239649413285,0.21374908236069817,117.75308503680331,0.044328123331069946,0.18915748596191406,151.44314562502686,INCOMPLETE_DEPTH,pushup_depth_02.mp4,459
157.63412490476836,175.24882185525297,1.2504753424037638,0.2155426630427439,119.7796628324099,0.03839242458343506,0.1870756447315216,152.5956360805444,INCOMPLETE_DEPTH,pushup_depth_02.mp4,462
160.2789400325296,177.18742942283978,1.2642443247021267,0.21822212999710278,120.28624592178468,0.032679587602615356,0.18843549489974976,150.77367607594385,INCOMPLETE_DEPTH,pushup_depth_02.mp4,465
162.90511229306483,176.50153560468226,1.2759233622649564,0.2179920357124371,121.28392024272596,0.02881661057472229,0.1862938404083252,151.04548981189274,INCOMPLETE_DEPTH,pushup_depth_02.mp4,468
166.39476145288032,176.4699149562372,1.280420693775187,0.21927803667629334,121.45530574802322,0.023852646350860596,0.18705138564109802,153.71134371813767,INCOMPLETE_DEPTH,pushup_depth_02.mp4,471
167.61639191393044,179.00307946949152,1.2815943126025358,0.21597197584708713,121.35219692635133,0.022002488374710083,0.1844336986541748,155.5659180055407,INCOMPLETE_DEPTH,pushup_depth_02.mp4,474
168.63392856581123,178.5124419793395,1.299053677587645,0.21812568223731535,122.62015551870753,0.01905176043510437,0.18371570110321045,156.48738240718873,INCOMPLETE_DEPTH,pushup_depth_02.mp4,477
168.42914530098324,179.38995699147955,1.289780150029244,0.21735502371402066,121.73444635665246,0.01929992437362671,0.184856116771698,159.68589979765568,INCOMPLETE_DEPTH,pushup_depth_02.mp4,480
168.02330954830452,179.6174087789244,1.2861798779844826,0.21748986813587629,121.49847435469434,0.020287543535232544,0.18544042110443115,161.44657248413955,INCOMPLETE_DEPTH,pushup_depth_02.mp4,483
166.95814983013756,179.62110608613082,1.2787152168413891,0.21690015052116732,121.00792583695886,0.021811991930007935,0.18590116500854492,161.36785602582228,INCOMPLETE_DEPTH,pushup_depth_02.mp4,486
165.68857036335527,178.39531385513942,1.2677613742073799,0.21530119014902202,120.46015088713325,0.022656023502349854,0.18558275699615479,160.7655909333099,INCOMPLETE_DEPTH,pushup_depth_02.mp4,489
163.14369773764324,176.77834258773635,1.2491223727092302,0.2142989871811507,119.51144502722029,0.024729937314987183,0.18649247288703918,163.5940721839893,INCOMPLETE_DEPTH,pushup_depth_02.mp4,492
156.03870290172253,173.64327663319855,1.2372112102841013,0.21541185677691407,119.07263221284974,0.03301730751991272,0.18826821446418762,164.80768981766292,INCOMPLETE_DEPTH,pushup_depth_02.mp4,495
149.60571132432048,173.32200725703146,1.2119763069424743,0.2133823414883178,117.0092642477457,0.042490631341934204,0.1901070773601532,167.08123046339338,INCOMPLETE_DEPTH,pushup_depth_02.mp4,498
143.68077388204486,171.33483025062785,1.2035182828377318,0.2130384607992436,116.6538265845094,0.04879125952720642,0.19039729237556458,167.41828264076608,INCOMPLETE_DEPTH,pushup_depth_02.mp4,501
137.30971492445198,169.69168040292558,1.1923725839086563,0.21343413048497656,115.7013861404972,0.05578836798667908,0.19231626391410828,168.08864671216267,INCOMPLETE_DEPTH,pushup_depth_02.mp4,504
134.0928960767756,166.99124189222962,1.1875718245372706,0.21198387023888968,115.71408088396467,0.05889365077018738,0.19098910689353943,168.16722454854715,INCOMPLETE_DEPTH,pushup_depth_02.mp4,507
128.12797279233408,167.04376194218503,1.1746455105956743,0.2097785438057699,114.52977312452005,0.06640911102294922,0.19084322452545166,158.8957890171795,INCOMPLETE_DEPTH,pushup_depth_02.mp4,510
128.6053137023247,168.083055085008,1.1609089295350035,0.20777783571788963,113.07005684876286,0.0695849359035492,0.1911594271659851,158.7481853881376,INCOMPLETE_DEPTH,pushup_depth_02.mp4,513
129.4760058089614,168.24926592925243,1.1594899308350914,0.20845036567177544,112.83115552538486,0.06528341770172119,0.1921171247959137,157.3755681165224,INCOMPLETE_DEPTH,pushup_depth_02.mp4,516
129.87651693837057,169.27609650348674,1.166719824459308,0.21019103596315178,113.4518074243332,0.06585693359375,0.192826509475708,158.44477468608218,INCOMPLETE_DEPTH,pushup_depth_02.mp4,519
132.11386190999087,169.8776885486353,1.173935459857603,0.21099452964859122,114.08934748541307,0.0633067786693573,0.19261720776557922,158.24681289656635,INCOMPLETE_DEPTH,pushup_depth_02.mp4,522
139.63185059582625,170.82176135973515,1.1916385205428404,0.21444277030883627,115.3905427472324,0.05700892210006714,0.19372686743736267,156.55615343588403,INCOMPLETE_DEPTH,pushup_depth_02.mp4,525
145.83080392416554,170.00874598861841,1.2144142115116623,0.2180381403419788,117.25931971145437,0.05160665512084961,0.1938210427761078,155.2795738329344,INCOMPLETE_DEPTH,pushup_depth_02.mp4,528
149.62231588040183,171.43689679019786,1.2215336549820275,0.21632560878593743,117.77000314551171,0.04764363169670105,0.19140785932540894,154.1383073847283,INCOMPLETE_DEPTH,pushup_depth_02.mp4,531
152.38156964539954,173.67933685326724,1.2298062365276885,0.21647670154750084,118.09407285695522,0.043829917907714844,0.19096794724464417,152.20560003724415,INCOMPLETE_DEPTH,pushup_depth_02.mp4,534
156.7119369803646,174.49268345412415,1.248021966001014,0.21378543424619867,119.83267892108566,0.03736570477485657,0.18545213341712952,151.8442965089904,INCOMPLETE_DEPTH,pushup_depth_02.mp4,537
159.51008958470794,176.4130235930559,1.2518936121211672,0.21152025949881084,119.91101489279123,0.033133476972579956,0.1833430826663971,151.01009714754133,INCOMPLETE_DEPTH,pushup_depth_02.mp4,540
162.301863584977,179.06743669429025,1.2429311209445961,0.20877274380704391,119.00869052409627,0.028905123472213745,0.18257871270179749,152.34058657532,INCOMPLETE_DEPTH,pushup_depth_02.mp4,543
164.94182202194438,178.9107261092936,1.2607435210595008,0.20997162771956865,119.92265620091057,0.023165017366409302,0.1819794476032257,153.36084403415643,INCOMPLETE_DEPTH,pushup_depth_02.mp4,546
165.53004762438317,178.65974801575518,1.27444248066384,0.2133935682723819,120.63307126776928,0.02141246199607849,0.18361106514930725,154.53351338313294,INCOMPLETE_DEPTH,pushup_depth_02.mp4,549
165.91202332104461,178.2775776700689,1.2692969262135188,0.2119852041557929,120.3681253513623,0.02028578519821167,0.18289682269096375,156.5939027518741,INCOMPLETE_DEPTH,pushup_depth_02.mp4,552
166.8960969294096,178.72884915234897,1.2738930762045988,0.2115284376493982,120.85987162443182,0.019169539213180542,0.18157809972763062,158.68694977480152,INCOMPLETE_DEPTH,pushup_depth_02.mp4,555
165.81158293149142,178.548352846443,1.2708329154976277,0.2121276068088902,120.6848960059486,0.02089691162109375,0.1824239194393158,160.43729842572054,INCOMPLETE_DEPTH,pushup_depth_02.mp4,558
163.91303967809367,179.18291298328492,1.2834073920448046,0.21508015604533864,121.86230483657799,0.023314595222473145,0.18266841769218445,162.20790745561743,INCOMPLETE_DEPTH,pushup_depth_02.mp4,561
162.41222938549967,174.44069384141972,1.2892149276871843,0.2182683667974939,123.06204278987624,0.02410748600959778,0.1829228699207306,166.5902174544464,INCOMPLETE_DEPTH,pushup_depth_02.mp4,564
160.0929320938486,172.43544630821907,1.2666500474090916,0.21623322561803693,122.14247996147857,0.024761497974395752,0.1830873191356659,168.6114151519956,INCOMPLETE_DEPTH,pushup_depth_02.mp4,567
156.94163927673407,170.5884677227064,1.2533682106321347,0.21435997779578272,121.59441182633229,0.02886176109313965,0.18258389830589294,166.60528454765745,INCOMPLETE_DEPTH,pushup_depth_02.mp4,570
150.5992839689885,169.6009101487775,1.2319808588165082,0.2125531437919506,119.95151044131238,0.03797444701194763,0.1841634213924408,165.08455652218478,INCOMPLETE_DEPTH,pushup_depth_02.mp4,573
142.25391363351127,166.63453497133952,1.2310790973865342,0.21633211406962696,119.79474614100512,0.049779921770095825,0.1877325475215912,163.46058781412538,INCOMPLETE_DEPTH,pushup_depth_02.mp4,576
137.75501661570695,164.94563115464658,1.216094892960625,0.214818923424821,118.5475751362283,0.055031538009643555,0.18869876861572266,157.5055448340328,INCOMPLETE_DEPTH,pushup_depth_02.mp4,579
134.07203272953473,164.33756744685982,1.1939539321745472,0.21214666163995466,116.63432043351831,0.058589935302734375,0.18963265419006348,155.20647825869526,INCOMPLETE_DEPTH,pushup_depth_02.mp4,582
130.06276790845192,161.5623398066262,1.196368068365772,0.21198407540278888,117.23051139199461,0.06608900427818298,0.18848812580108643,153.18400781131342,INCOMPLETE_DEPTH,pushup_depth_02.mp4,585
128.62079984086668,163.10319876685057,1.1837972904979355,0.2103017804775085,115.95153714389387,0.0665743350982666,0.18909376859664917,150.72013369165816,INCOMPLETE_DEPTH,pushup_depth_02.mp4,588
126.34136966520077,164.13565889740266,1.1811685403379364,0.2104727176601036,115.50460431137778,0.06790712475776672,0.18996024131774902,149.35333270472054,INCOMPLETE_DEPTH,pushup_depth_02.mp4,591
128.59279291225468,163.9470167516184,1.1930368471516062,0.21249335593390367,116.6487395226994,0.06654250621795654,0.18991857767105103,150.4391836005832,INCOMPLETE_DEPTH,pushup_depth_02.mp4,594
131.71830838840825,163.689672208526,1.2039742720592777,0.21432403792225482,117.69134901271552,0.06546542048454285,0.18977373838424683,152.03479605014516,INCOMPLETE_DEPTH,pushup_depth_02.mp4,597
139.67303642309832,165.23853400838792,1.2234784080510162,0.21772427920302287,119.03972170861745,0.0595514178276062,0.1903500258922577,150.85633763704368,INCOMPLETE_DEPTH,pushup_depth_02.mp4,600
144.3997370680504,167.93193821747508,1.2261902622907226,0.21733153163453703,118.90355326472037,0.05497536063194275,0.19025686383247375,150.6493510573388,INCOMPLETE_DEPTH,pushup_depth_02.mp4,603
149.59116964504054,168.66764421999363,1.2444835151846463,0.2202354691685585,120.10331148572942,0.04931437969207764,0.19052773714065552,149.25137521134778,INCOMPLETE_DEPTH,pushup_depth_02.mp4,606
155.56786795743784,169.17600272265685,1.2705424551166202,0.2191571192021972,122.58013226712703,0.04072290658950806,0.1846669316291809,151.16540699946108,INCOMPLETE_DEPTH,pushup_depth_02.mp4,609
161.62476226683785,170.99609905762617,1.2791075989916878,0.21782179112372949,123.08938490430027,0.030810236930847168,0.18249186873435974,151.86446857219386,INCOMPLETE_DEPTH,pushup_depth_02.mp4,612
164.17482159704932,171.25606622491065,1.2934869568316851,0.2184433573734555,124.24787043771909,0.025000423192977905,0.1805637776851654,153.18302592820035,INCOMPLETE_DEPTH,pushup_depth_02.mp4,615
167.30039573860736,172.22660010428487,1.3095321031893286,0.21662871592257232,125.4707610961831,0.017392665147781372,0.17642083764076233,153.039081757803,INCOMPLETE_DEPTH,pushup_depth_02.mp4,618
168.3853308604117,174.34641044427323,1.3113514585339818,0.21543285509320084,125.29379512139725,0.015159666538238525,0.17583224177360535,155.5491822259618,INCOMPLETE_DEPTH,pushup_depth_02.mp4,621
168.73100308168654,174.3933904797817,1.3157835472754444,0.21796199713252182,125.29870204334941,0.013430893421173096,0.1778857409954071,155.13856009062496,INCOMPLETE_DEPTH,pushup_depth_02.mp4,624
168.23527086297779,174.7976874143191,1.3112429143921647,0.2191033471879539,124.56346982174998,0.01488804817199707,0.18042731285095215,154.68282480280968,INCOMPLETE_DEPTH,pushup_depth_02.mp4,627
167.56118995057452,174.50116029018562,1.3029587707249712,0.2179719510725034,124.1933677882945,0.015793979167938232,0.18029072880744934,155.53836269219724,INCOMPLETE_DEPTH,pushup_depth_02.mp4,630
165.60305866105242,173.39650544988302,1.3006907147472349,0.21813601983614528,124.19598090147717,0.018342971801757812,0.18042084574699402,154.99396341443764,INCOMPLETE_DEPTH,pushup_depth_02.mp4,633
162.38993144642234,171.95187754979688,1.2919405184776112,0.2164962655143977,124.46080367784232,0.021780461072921753,0.1785002052783966,159.37735034455824,INCOMPLETE_DEPTH,pushup_depth_02.mp4,636
156.70972744369934,171.00089181126563,1.2536836332325463,0.2117067546244706,122.12999203301014,0.028591662645339966,0.1792791783809662,160.161310701205,INCOMPLETE_DEPTH,pushup_depth_02.mp4,639
150.90517789615697,168.26371650983847,1.2397755468709188,0.21279614146464992,121.11827201496844,0.03694853186607361,0.18217214941978455,159.2582814694697,INCOMPLETE_DEPTH,pushup_depth_02.mp4,642
145.33157299419628,166.32850768278024,1.226887405798287,0.2146585672703313,119.91118586468407,0.04443982243537903,0.18606305122375488,160.23415106918074,INCOMPLETE_DEPTH,pushup_depth_02.mp4,645
140.60547067110502,163.71252507857113,1.2236663001206987,0.21557370753804983,119.92528394855452,0.05071106553077698,0.1868298351764679,158.46394105871613,INCOMPLETE_DEPTH,pushup_depth_02.mp4,648
137.13528259620912,162.43788681278542,1.2150111288278782,0.2109514970958979,119.82425265513666,0.054573506116867065,0.18300917744636536,156.56295885187296,INCOMPLETE_DEPTH,pushup_depth_02.mp4,651
134.4551640926723,159.90282813259532,1.219937378537917,0.2128018579256079,120.53262356938167,0.06137004494667053,0.18329176306724548,155.72319037814097,INCOMPLETE_DEPTH,pushup_depth_02.mp4,654
132.7573655863825,159.2179373111604,1.2209726434942452,0.21420988026665402,120.54001773784235,0.06439238786697388,0.18449050188064575,149.46327841550476,INCOMPLETE_DEPTH,pushup_depth_02.mp4,657
133.1523732289265,160.6457042451029,1.2148774011137884,0.21253415403239045,119.96320451214926,0.06280568242073059,0.18412530422210693,147.11371683281317,INCOMPLETE_DEPTH,pushup_depth_02.mp4,660
133.39130674738712,161.7514376831283,1.2196007467380467,0.21292693906169516,120.29994618886596,0.06119683384895325,0.18383732438087463,149.72317867538771,INCOMPLETE_DEPTH,pushup_depth_02.mp4,663
132.99449329913298,163.98100220480637,1.2074574506966211,0.21005110257091428,118.85709584075946,0.060545146465301514,0.18396559357643127,148.50979607316623,INCOMPLETE_DEPTH,pushup_depth_02.mp4,666
140.04964883592606,167.00644834873623,1.2077931470139696,0.2109200791508989,118.33122642847154,0.05357041954994202,0.18565326929092407,149.3420195624624,INCOMPLETE_DEPTH,pushup_depth_02.mp4,669
145.18040636279318,167.75889656652902,1.223373375806868,0.2142910248013207,119.30087297787945,0.04963025450706482,0.18687227368354797,152.82570657302506,INCOMPLETE_DEPTH,pushup_depth_02.mp4,672
148.87660939175188,169.97066443587408,1.2230736822752508,0.21371471519791604,118.98384867643642,0.045065611600875854,0.1869456171989441,155.4405224736269,INCOMPLETE_DEPTH,pushup_depth_02.mp4,675
152.6927992238984,171.9260682764244,1.2360640945984986,0.21527017982736157,119.70046299593258,0.04326412081718445,0.1869867742061615,159.96254971016526,INCOMPLETE_DEPTH,pushup_depth_02.mp4,678
157.59359160015362,174.0238712526877,1.248392796696275,0.21557517414565883,120.53830964555875,0.03616589307785034,0.1856696605682373,159.07915992055268,INCOMPLETE_DEPTH,pushup_depth_02.mp4,681
161.25841182110432,174.79623156868684,1.2604842860529104,0.21497888568709217,121.62356561745527,0.02990862727165222,0.18305373191833496,157.07104507987265,INCOMPLETE_DEPTH,pushup_depth_02.mp4,684
164.6815621431619,176.32775846731886,1.2765390207917204,0.21448255096225385,122.70106413613078,0.024097979068756104,0.18048375844955444,156.86400857246034,INCOMPLETE_DEPTH,pushup_depth_02.mp4,687
166.42871157873344,176.44707160357578,1.2899163355021013,0.2134158905725121,123.92170835568373,0.01952970027923584,0.17708894610404968,156.5469210407956,INCOMPLETE_DEPTH,pushup_depth_02.mp4,690
167.273306838897,176.9893026786815,1.2900267070542006,0.21321136770090346,123.7706776495267,0.017489254474639893,0.1772322952747345,155.431290326973,INCOMPLETE_DEPTH,pushup_depth_02.mp4,693
167.93622551915254,175.98807289578232,1.3057665469994866,0.2163975453870799,124.84488707880756,0.015425056219100952,0.1775938868522644,156.89607008989506,INCOMPLETE_DEPTH,pushup_depth_02.mp4,696
168.17329443145115,173.88691874241906,1.3059780784632686,0.21619792159047496,124.97045009057486,0.014267563819885254,0.1771588921546936,155.08289589504207,INCOMPLETE_DEPTH,pushup_depth_02.mp4,699
167.2890577964422,173.52422943183598,1.2968336966487537,0.21519422490076023,124.3839413039602,0.015710651874542236,0.17758986353874207,155.28385429823857,INCOMPLETE_DEPTH,pushup_depth_02.mp4,702
165.92422299247565,173.600930993733,1.2898742842453685,0.21316576304641258,124.05326160185378,0.017863452434539795,0.17660775780677795,155.11950425109882,INCOMPLETE_DEPTH,pushup_depth_02.mp4,705
164.5672504658907,169.73412910700358,1.2939444443140857,0.21376829975089578,125.19115696516153,0.019556879997253418,0.17469462752342224,157.51455365388853,INCOMPLETE_DEPTH,pushup_depth_02.mp4,708
159.27485021737886,167.6350631064455,1.2616957109656894,0.21056324640561833,123.20744612129907,0.026744693517684937,0.17617323994636536,159.21372862697987,INCOMPLETE_DEPTH,pushup_depth_02.mp4,711
154.45886707172693,165.89226685636677,1.245588973454377,0.21190292041291173,121.80325965122466,0.03334599733352661,0.18008512258529663,161.26359130891325,INCOMPLETE_DEPTH,pushup_depth_02.mp4,714
147.81059247344405,165.42442468107092,1.2243042588117554,0.21134073397801087,119.83979117075194,0.041105419397354126,0.1833183467388153,155.26095091927613,INCOMPLETE_DEPTH,pushup_depth_02.mp4,717
143.79334496272045,164.1568402183083,1.218960499711014,0.21355361724979607,119.17875973500631,0.04787901043891907,0.18645155429840088,156.36185816982584,INCOMPLETE_DEPTH,pushup_depth_02.mp4,720
139.4990979820897,162.89259086732446,1.2066154275553453,0.2124496476956741,118.24866519644647,0.05312532186508179,0.18714472651481628,155.88541063393117,INCOMPLETE_DEPTH,pushup_depth_02.mp4,723
134.691448300089,162.28477932889103,1.1911410992303766,0.21048945260830015,116.98336823693322,0.05866619944572449,0.1875728964805603,155.57930441276028,INCOMPLETE_DEPTH,pushup_depth_02.mp4,726
126.62446971337579,161.44332416496977,1.1792404316746332,0.20933317890332478,115.96674845654152,0.06580916047096252,0.1881985068321228,151.98879057378696,INCOMPLETE_DEPTH,pushup_depth_02.mp4,729
126.57462884879213,161.5323018784595,1.177143722459537,0.20919371603466388,115.73935690836474,0.06626448035240173,0.18843519687652588,150.56912075273027,INCOMPLETE_DEPTH,pushup_depth_02.mp4,732
126.69191702957293,160.99947360750855,1.1844433071652565,0.21133591162551563,116.40936964536641,0.06632372736930847,0.1892784833908081,149.82742104144373,INCOMPLETE_DEPTH,pushup_depth_02.mp4,735
130.13238209998804,160.84256584638484,1.1944776663481156,0.21161594910987094,117.52924370382999,0.061456382274627686,0.1876533329486847,147.80303965817973,INCOMPLETE_DEPTH,pushup_depth_02.mp4,738
135.3521196035082,161.18686952961403,1.1954705352204045,0.21171819059618327,117.61216577293328,0.05418536067008972,0.18760216236114502,146.35471875625527,INCOMPLETE_DEPTH,pushup_depth_02.mp4,741
142.95230972403533,161.9969355182548,1.2092952582520042,0.21381792415563391,118.71941767007995,0.04780671000480652,0.1875121295452118,144.20671279577738,INCOMPLETE_DEPTH,pushup_depth_02.mp4,744
146.7374690455921,162.05329429315242,1.2362719685045511,0.2183865570318033,120.83927196055836,0.04855954647064209,0.1875055432319641,141.2208047528735,INCOMPLETE_DEPTH,pushup_depth_02.mp4,747
150.7177101562867,162.45630432202665,1.2593559871458295,0.22341349931758503,122.18061284457465,0.045691221952438354,0.1890878975391388,146.65771379859672,INCOMPLETE_DEPTH,pushup_depth_02.mp4,750
154.48419280903903,164.08634512792278,1.2641925050558693,0.22176352601684532,122.43997881287325,0.03928890824317932,0.18715476989746094,160.91490938504097,INCOMPLETE_DEPTH,pushup_depth_02.mp4,753
160.60765815212187,164.80191760609267,1.2820725623554858,0.21831683235866808,124.27252382661275,0.030288606882095337,0.18040630221366882,163.69172559698228,INCOMPLETE_DEPTH,pushup_depth_02.mp4,756
163.39252360245038,166.1642265451452,1.2953286022538644,0.21817950415426343,125.1775386170021,0.026035219430923462,0.1783294975757599,163.70121449883604,INCOMPLETE_DEPTH,pushup_depth_02.mp4,759
166.0112969987805,167.71743470805652,1.3063720171987507,0.22146194148655116,125.28204299578107,0.02136051654815674,0.18077942728996277,162.41605509343754,INCOMPLETE_DEPTH,pushup_depth_02.mp4,762
168.02373252271593,169.26454716931727,1.323066757467601,0.2232878267788326,126.15928384886412,0.016681790351867676,0.18027377128601074,160.91469355872323,INCOMPLETE_DEPTH,pushup_depth_02.mp4,765
168.66973846377667,169.3247346071706,1.329949560507259,0.2240085070835269,126.52919074174568,0.015567243099212646,0.1799984574317932,161.76024687877046,INCOMPLETE_DEPTH,pushup_depth_02.mp4,768
168.06361872351698,169.68091116471072,1.327763590960001,0.225673047531945,126.09270098532231,0.015872180461883545,0.1823541820049286,159.75708328958927,INCOMPLETE_DEPTH,pushup_depth_02.mp4,771
167.97345578922028,169.39950527215325,1.3160029675045486,0.22397806322562802,125.42685574030602,0.016571849584579468,0.1825057864189148,159.35485960148614,INCOMPLETE_DEPTH,pushup_depth_02.mp4,774
165.66016302318135,168.78083050506467,1.3116805783912167,0.2231781470430193,125.20313038968136,0.01990574598312378,0.1823577880859375,158.73640208544404,INCOMPLETE_DEPTH,pushup_depth_02.mp4,777
162.51910845335246,167.3841342166266,1.2767325715598863,0.2188162348270538,123.3271680724769,0.022976189851760864,0.18282762169837952,157.11068737908383,INCOMPLETE_DEPTH,pushup_depth_02.mp4,780
157.7423272996769,166.22337785521879,1.2552224876746425,0.2168543183133694,122.08543246391943,0.028472304344177246,0.18372800946235657,155.23187121827672,INCOMPLETE_DEPTH,pushup_depth_02.mp4,783
152.60569282686888,164.91691357398037,1.2459890191484404,0.21908814979060137,121.19860232079284,0.03665444254875183,0.18739980459213257,151.0230717235819,INCOMPLETE_DEPTH,pushup_depth_02.mp4,786
148.21778000926452,162.92644776196713,1.235915855125519,0.2195997600372779,120.50874759119996,0.04175865650177002,0.18919354677200317,149.69307422658275,INCOMPLETE_DEPTH,pushup_depth_02.mp4,789
140.3747440335136,163.04601641209342,1.2124261902281808,0.21457111965333708,118.69097310493467,0.05277755856513977,0.18822383880615234,148.69915128301625,INCOMPLETE_DEPTH,pushup_depth_02.mp4,792
132.1095554218993,162.1628763820852,1.2055351673448693,0.21260210295504367,118.37836959247403,0.06611168384552002,0.1870507299900055,150.59062302177506,INCOMPLETE_DEPTH,pushup_depth_02.mp4,795
130.91005262715592,161.80518366660985,1.1888001635581944,0.20945772571631954,117.03918056458238,0.06608235836029053,0.18656080961227417,149.9112146312194,INCOMPLETE_DEPTH,pushup_depth_02.mp4,798
129.15100328955725,161.89607657056604,1.1777295476843723,0.20851451852838415,115.91059691399066,0.0660431981086731,0.18755188584327698,147.8776710306051,INCOMPLETE_DEPTH,pushup_depth_02.mp4,801
123.591417385985,162.23233497638552,1.1797592591771855,0.20901550959504556,116.07188054833784,0.07141560316085815,0.1877446472644806,146.03069754077518,INCOMPLETE_DEPTH,pushup_depth_02.mp4,804
130.2247023799393,162.567696049014,1.1922518502612165,0.21053890990963892,117.37157604471274,0.06362518668174744,0.18696534633636475,147.00749750889057,INCOMPLETE_DEPTH,pushup_depth_02.mp4,807
133.51208185305128,162.97035979706428,1.2020443054051009,0.21310524143004206,117.9886776157164,0.05887269973754883,0.18817803263664246,144.21799631183384,INCOMPLETE_DEPTH,pushup_depth_02.mp4,810
142.0134768599299,162.811382834945,1.2305270154422936,0.21791803060873344,120.317873426009,0.0529172420501709,0.18811219930648804,141.4206064570587,INCOMPLETE_DEPTH,pushup_depth_02.mp4,813
147.03170002738153,164.57177434557428,1.2402936527377264,0.21856423836793964,120.83375552388802,0.04866263270378113,0.18766888976097107,140.22680304642023,INCOMPLETE_DEPTH,pushup_depth_02.mp4,816
151.9685769195273,167.39921257711924,1.2378596814804836,0.21874085199384483,120.02583333768132,0.043633610010147095,0.1893829107284546,149.26309241173698,INCOMPLETE_DEPTH,pushup_depth_02.mp4,819
156.5825157263446,170.5596874586812,1.2405216362529423,0.21422562634829678,120.24404135518374,0.03791666030883789,0.18506398797035217,153.0584240152766,INCOMPLETE_DEPTH,pushup_depth_02.mp4,822
159.13172329870022,173.14524346337882,1.2485882683772116,0.21657426868679508,120.27022766554528,0.03401923179626465,0.18704307079315186,155.50377441118852,INCOMPLETE_DEPTH,pushup_depth_02.mp4,825
162.58520503514754,174.58041720105007,1.257592830558385,0.21446533646198312,121.05554055940881,0.02925664186477661,0.18372240662574768,151.95792067210837,INCOMPLETE_DEPTH,pushup_depth_02.mp4,828
164.84702289956738,175.058569348076,1.2746983808186048,0.21575113095323095,122.30427656740085,0.023929059505462646,0.18235421180725098,149.09396491644503,INCOMPLETE_DEPTH,pushup_depth_02.mp4,831
166.53123577251685,177.08275839991077,1.277124967316187,0.2142129935149887,122.29978671606514,0.02071148157119751,0.18106311559677124,150.05175348678034,INCOMPLETE_DEPTH,pushup_depth_02.mp4,834
168.7262484798799,177.0459587912015,1.292359302936026,0.21754450367316505,123.06630115205357,0.017735391855239868,0.1823073923587799,152.43013133117566,INCOMPLETE_DEPTH,pushup_depth_02.mp4,837
169.14614664981622,178.9750454338534,1.2756865254153682,0.21683850210484737,121.48724829374889,0.016673624515533447,0.1849072277545929,151.40370476265167,INCOMPLETE_DEPTH,pushup_depth_02.mp4,840
167.9200606816179,178.24666108665107,1.2683768608701276,0.21551288094921328,121.1278382295526,0.018636435270309448,0.18447935581207275,152.15953606020122,INCOMPLETE_DEPTH,pushup_depth_02.mp4,843
166.56951688316104,178.34215891302168,1.25785376299284,0.21397807391973486,120.3130729730424,0.02028733491897583,0.18472012877464294,150.7105679417541,INCOMPLETE_DEPTH,pushup_depth_02.mp4,846
164.54277687885752,174.64916071415445,1.2466746612776152,0.21242055678057017,120.27319874230055,0.022025257349014282,0.1834501326084137,154.5836472859092,INCOMPLETE_DEPTH,pushup_depth_02.mp4,849
162.16627924430512,170.16444455140137,1.2314097158625625,0.21143364387595304,119.70406731419072,0.022364050149917603,0.18364766240119934,156.44777893987379,INCOMPLETE_DEPTH,pushup_depth_02.mp4,852
158.761549495666,168.7466814501222,1.2179343322479583,0.2098011993689575,118.83899587915975,0.026210427284240723,0.18377870321273804,158.78524760523393,INCOMPLETE_DEPTH,pushup_depth_02.mp4,855
155.6522946471098,165.31475823406302,1.2180737022278811,0.21221274199489504,118.89667851872407,0.030675500631332397,0.18578800559043884,154.17172783738346,INCOMPLETE_DEPTH,pushup_depth_02.mp4,858
149.93873059523878,163.94638368987535,1.2135123265917336,0.21213745064043985,118.65878106510986,0.03793787956237793,0.18614616990089417,150.649708145229,INCOMPLETE_DEPTH,pushup_depth_02.mp4,861
145.74436412623135,162.572165351027,1.2139149478346984,0.21154730157295512,119.07090916323652,0.043758898973464966,0.1848936676979065,146.08459047950998,INCOMPLETE_DEPTH,pushup_depth_02.mp4,864
142.02860907142798,161.115438572353,1.212868062767263,0.21257872100183614,118.8186681898749,0.05016660690307617,0.18624812364578247,140.886551696234,INCOMPLETE_DEPTH,pushup_depth_02.mp4,867
137.29172942554186,162.46459444534173,1.2208776382372315,0.21456617990632124,119.42983539373266,0.057019442319869995,0.1868753731250763,147.55050397678903,INCOMPLETE_DEPTH,pushup_depth_02.mp4,870
141.71207265887458,162.93200187062848,1.2193759942737328,0.2134876976105732,119.35934552678775,0.05188688635826111,0.18606498837471008,146.80280571894733,INCOMPLETE_DEPTH,pushup_depth_02.mp4,873
143.29381899015564,166.17200920541438,1.2132137841933208,0.21170740121992615,118.40876966257684,0.0521751344203949,0.18621012568473816,143.95682640000766,INCOMPLETE_DEPTH,pushup_depth_02.mp4,876
150.7381798472204,169.18927159859015,1.2161316662859702,0.2114187912835828,118.3125800814774,0.0452134907245636,0.18612489104270935,140.8670606444571,INCOMPLETE_DEPTH,pushup_depth_02.mp4,879
156.20164351717617,168.14630451966687,1.2370333804167581,0.21195631366745277,120.49648886663478,0.03817787766456604,0.18263134360313416,143.8016621987213,INCOMPLETE_DEPTH,pushup_depth_02.mp4,882
160.23613698695416,169.08655485880516,1.252829097287801,0.21144835442921842,121.99049196653942,0.03100639581680298,0.1793336570262909,142.60103593260163,INCOMPLETE_DEPTH,pushup_depth_02.mp4,885
163.38996400551062,174.12781919730438,1.255039526677874,0.21227603017156943,121.10526301967478,0.026044458150863647,0.1817517876625061,139.23018375943587,INCOMPLETE_DEPTH,pushup_depth_02.mp4,888
167.36666980687525,177.76389048489415,1.2634149628730043,0.20886055993294758,121.43145689739815,0.018898874521255493,0.17821013927459717,137.81652353701193,INCOMPLETE_DEPTH,pushup_depth_02.mp4,891
170.20670824778816,142.07827178432296,1.0751544110457507,0.19413737394191133,98.80247440921694,0.01594272255897522,0.19185054302215576,162.52507146283713,INCOMPLETE_DEPTH,pushup_depth_03.mp4,3
169.92884855982382,139.80942489422875,1.0670273187641435,0.19294776475354725,97.8583080267485,0.017240792512893677,0.19113564491271973,166.7711971422733,INCOMPLETE_DEPTH,pushup_depth_03.mp4,6
169.72915729272128,137.49815454500123,1.0578146023220227,0.1912779914340376,96.77618689489725,0.018819659948349,0.18994170427322388,168.48810871444235,INCOMPLETE_DEPTH,pushup_depth_03.mp4,9
170.86218742136387,137.10240612966626,1.0506209349090818,0.1899388760848624,95.97231959793704,0.019763648509979248,0.18890783190727234,166.6843647761921,INCOMPLETE_DEPTH,pushup_depth_03.mp4,12
170.43540801817898,135.49044948802833,1.044680064944169,0.1896387656823016,95.27836678910732,0.02160152792930603,0.1888345181941986,167.725963627704,INCOMPLETE_DEPTH,pushup_depth_03.mp4,15
172.8062569935185,133.7201338833201,1.035553774687184,0.18959617325145603,94.1973384626735,0.018137216567993164,0.18908759951591492,167.91713808193416,INCOMPLETE_DEPTH,pushup_depth_03.mp4,18
172.6320838448021,130.62271931120782,1.019356888251512,0.19080377189070422,92.26945389704885,0.018584340810775757,0.19065409898757935,166.41180191330534,INCOMPLETE_DEPTH,pushup_depth_03.mp4,21
172.71821563400601,130.47160585907096,1.0183190663579664,0.1907618720808832,92.15042513853416,0.018449217081069946,0.19062751531600952,168.0158570250363,INCOMPLETE_DEPTH,pushup_depth_03.mp4,24
172.24656566066162,131.31876352916422,1.020840318252412,0.19113054126972853,92.44347147780124,0.019291400909423828,0.1909567415714264,167.77069780363522,INCOMPLETE_DEPTH,pushup_depth_03.mp4,27
172.1961073438812,132.26215327518133,1.0236965024844773,0.19013724458780695,92.79165340060572,0.019397974014282227,0.18991157412528992,169.45381526616603,INCOMPLETE_DEPTH,pushup_depth_03.mp4,30
172.07176284335588,129.17330569978967,1.0233810334353644,0.18855508996106393,92.77780595145572,0.019607067108154297,0.18833351135253906,165.41768923261355,INCOMPLETE_DEPTH,pushup_depth_03.mp4,33
172.22968339571648,130.89028803367293,1.020328162898626,0.18621606465786888,92.44486097895901,0.019698500633239746,0.1860465407371521,166.1344871850701,INCOMPLETE_DEPTH,pushup_depth_03.mp4,36
171.4368595881185,132.92023923375336,1.0289969692310736,0.18609654653396696,93.49769475262462,0.020851582288742065,0.1857498586177826,165.88662727743412,INCOMPLETE_DEPTH,pushup_depth_03.mp4,39
171.15938241115833,133.53809683336772,1.0302102394718002,0.1856058356303688,93.65491942219678,0.021338611841201782,0.18522828817367554,164.7815348554611,INCOMPLETE_DEPTH,pushup_depth_03.mp4,42
170.91203126583486,133.45989020108522,1.024929805612289,0.1845910336911139,93.05532262181073,0.021618366241455078,0.1843286156654358,160.9178737501317,INCOMPLETE_DEPTH,pushup_depth_03.mp4,45
168.92287789106302,133.66447887094685,1.0236177489124278,0.18363147693086768,92.91341642857374,0.024001270532608032,0.18339410424232483,158.57908935478955,INCOMPLETE_DEPTH,pushup_depth_03.mp4,48
169.05721167045604,134.11233734722936,1.0239500141610955,0.18357223034915005,92.9547686627612,0.0236341655254364,0.18332815170288086,160.09747113623385,INCOMPLETE_DEPTH,pushup_depth_03.mp4,51
169.43187391362852,133.93526280666796,1.0237946511180038,0.18408196912126534,92.92824591880046,0.02233263850212097,0.18384158611297607,161.17735508949215,INCOMPLETE_DEPTH,pushup_depth_03.mp4,54
169.5487533902667,134.0795674157104,1.024604766384593,0.18442816111657093,93.02787340364533,0.021407485008239746,0.184170663356781,160.82453913759144,INCOMPLETE_DEPTH,pushup_depth_03.mp4,57
170.03190699468695,136.3891144701522,1.0369522092015466,0.18598779564782134,94.51258705569121,0.019742757081985474,0.18541118502616882,163.12504589372466,INCOMPLETE_DEPTH,pushup_depth_03.mp4,60
170.3337977710725,137.7962138000045,1.0456172429828483,0.18636382453396583,95.563020761394,0.01964104175567627,0.18548598885536194,165.89394415699317,INCOMPLETE_DEPTH,pushup_depth_03.mp4,63
170.8601512365393,138.4898250730502,1.0479467411764143,0.18632675825059833,95.88138601127986,0.019453078508377075,0.185345858335495,166.26859816842378,INCOMPLETE_DEPTH,pushup_depth_03.mp4,66
171.40211800949314,138.31577364015783,1.0470307334412812,0.18636984946989443,95.77677641591721,0.019404172897338867,0.18542328476905823,166.39624461929844,INCOMPLETE_DEPTH,pushup_depth_03.mp4,69
171.762043987732,138.0866052505766,1.0465354930643957,0.18664500329642464,95.70689722625195,0.01923862099647522,0.1857198178768158,165.9872431747947,INCOMPLETE_DEPTH,pushup_depth_03.mp4,72
171.85317601414044,137.80743627482218,1.0458018027927207,0.18687418276829618,95.60949180999222,0.019147098064422607,0.1859791874885559,165.675991383666,INCOMPLETE_DEPTH,pushup_depth_03.mp4,75
171.99567331067018,137.74698955939775,1.0455165517281062,0.1868347343216594,95.57532703537404,0.018987834453582764,0.18595078587532043,166.01838765085708,INCOMPLETE_DEPTH,pushup_depth_03.mp4,78
172.07259962201735,137.80054763243493,1.0453568453595505,0.1866456314258729,95.56125916443547,0.019202858209609985,0.1857670247554779,167.18318313635456,INCOMPLETE_DEPTH,pushup_depth_03.mp4,81
172.22291945536506,137.4617729676569,1.042677074368338,0.1867350089250918,95.24108987554813,0.019223183393478394,0.18595421314239502,167.6285120485808,INCOMPLETE_DEPTH,pushup_depth_03.mp4,84
172.28309117998782,137.07444284830086,1.0418789065488943,0.18716019876178716,95.11978581861631,0.019090503454208374,0.18641340732574463,167.08072955304004,INCOMPLETE_DEPTH,pushup_depth_03.mp4,87
172.32255930128608,135.90409760161052,1.035498853880227,0.18733379074306783,94.33440136581439,0.019089818000793457,0.18679794669151306,167.8159208357259,INCOMPLETE_DEPTH,pushup_depth_03.mp4,90
172.1174100726451,133.90193453264723,1.024964932102772,0.18680123057314962,93.06567673524646,0.01931282877922058,0.1865338683128357,167.93511927617132,INCOMPLETE_DEPTH,pushup_depth_03.mp4,93
171.4654899199613,131.7041411872142,1.0122399721645192,0.18606414050468403,91.50870516727689,0.019316822290420532,0.18599963188171387,163.59477581364337,INCOMPLETE_DEPTH,pushup_depth_03.mp4,96
171.11138327451624,128.5517249736014,0.9918415660366217,0.18404399598650983,88.98099732769818,0.019938260316848755,0.18401488661766052,168.06740441688055,INCOMPLETE_DEPTH,pushup_depth_03.mp4,99
171.07750235031867,127.23411957513342,0.9813674119341254,0.1837909188116797,87.66344311260156,0.01853996515274048,0.1836380958557129,167.15384024038352,INCOMPLETE_DEPTH,pushup_depth_03.mp4,102
170.642103862698,125.56809798643354,0.9702389005468429,0.18142635477224195,86.21695006855578,0.019381850957870483,0.1810309886932373,166.17096150603373,INCOMPLETE_DEPTH,pushup_depth_03.mp4,105
169.9058882058814,124.70252077865266,0.962855647302698,0.18068643778918675,85.26237378656232,0.021334528923034668,0.18006902933120728,167.34806595840936,INCOMPLETE_DEPTH,pushup_depth_03.mp4,108
169.1985428807912,124.05408554321947,0.9670266729998069,0.1822881448037841,85.83284796379255,0.02298983931541443,0.18180617690086365,168.87826773249202,INCOMPLETE_DEPTH,pushup_depth_03.mp4,111
168.19560214715713,126.9348099064878,0.9727055665616786,0.18079086854752172,86.492935366085,0.02586492896080017,0.18045225739479065,168.97610811359888,INCOMPLETE_DEPTH,pushup_depth_03.mp4,114
166.60830970609112,133.20100035197234,0.9980076891916538,0.1840164865237389,89.74599167145105,0.029214292764663696,0.1840146780014038,168.1026365636189,INCOMPLETE_DEPTH,pushup_depth_03.mp4,117
161.8776799438492,140.7371666549652,1.026435966638783,0.18624320954872528,93.40109898891784,0.0349041223526001,0.18591514229774475,164.99707239551122,INCOMPLETE_DEPTH,pushup_depth_03.mp4,120
155.40099316001928,145.48687175842528,1.0317476561531607,0.19351531339468475,94.09838922844116,0.044478535652160645,0.19302040338516235,162.2391089159212,INCOMPLETE_DEPTH,pushup_depth_03.mp4,123
149.96648866431843,148.78016809135073,1.0316850064816236,0.19713125884580043,94.16519216750177,0.05152806639671326,0.19661054015159607,156.6985136551683,INCOMPLETE_DEPTH,pushup_depth_03.mp4,126
147.20858130990618,152.1816480602018,1.0523576129952716,0.19715497229563492,96.86393477517329,0.055313676595687866,0.19574177265167236,160.2581345748961,INCOMPLETE_DEPTH,pushup_depth_03.mp4,129
143.09541089137144,160.35619929505512,1.0906216427313977,0.19915869663579996,102.02566251959254,0.05839160084724426,0.19478759169578552,164.21700009908878,INCOMPLETE_DEPTH,pushup_depth_03.mp4,132
137.46782116723088,168.441123312608,1.1067719826382,0.19939132434513418,104.61028996548838,0.06436780095100403,0.19294312596321106,155.4166384208033,INCOMPLETE_DEPTH,pushup_depth_03.mp4,135
133.08845234561252,166.42883441037267,1.0877608853153842,0.1964417562199776,102.63230097320212,0.07515197992324829,0.19168612360954285,164.2586891546349,INCOMPLETE_DEPTH,pushup_depth_03.mp4,138
129.82657355520578,170.48290623262747,1.0784895038339395,0.1974117907015633,101.64097431594348,0.07412713766098022,0.19335085153579712,160.11748419790501,INCOMPLETE_DEPTH,pushup_depth_03.mp4,141
121.08515874446059,173.9379409769141,1.0753300380010857,0.19755755048446533,101.46979114935634,0.0802680253982544,0.19361186027526855,161.9166905545016,INCOMPLETE_DEPTH,pushup_depth_03.mp4,144
113.05811093023284,176.81192217293068,1.0641320682572006,0.19602969089219094,100.10330530449292,0.0836019515991211,0.1929895579814911,158.16814498488148,INCOMPLETE_DEPTH,pushup_depth_03.mp4,147
110.66215196451361,177.96265484738208,1.0745219153565626,0.19756345603339232,101.75136049850425,0.08432197570800781,0.19342222809791565,160.56488572252496,INCOMPLETE_DEPTH,pushup_depth_03.mp4,150
111.94496913624067,176.81230868081695,1.0795875619473456,0.19748133051164635,102.51530002212728,0.08457061648368835,0.19278833270072937,157.4039362337192,INCOMPLETE_DEPTH,pushup_depth_03.mp4,153
113.11323784979116,177.14126501726952,1.0812752873499745,0.1967162165671389,102.75201289018291,0.08441701531410217,0.19186362624168396,155.88780744248027,INCOMPLETE_DEPTH,pushup_depth_03.mp4,156
117.5058551413429,176.4564577831974,1.091372100477664,0.19728456016224344,104.12120877690185,0.0832815170288086,0.19132235646247864,156.46300722735904,INCOMPLETE_DEPTH,pushup_depth_03.mp4,159
119.90796605304706,179.0217558545096,1.088552437795343,0.1963756454838336,103.64177530731148,0.08141151070594788,0.19083517789840698,157.8255421755296,INCOMPLETE_DEPTH,pushup_depth_03.mp4,162
120.97564120288641,179.3737355643371,1.085737484888602,0.19602420054805955,103.16120899484461,0.08048930764198303,0.19087475538253784,158.69732322993437,INCOMPLETE_DEPTH,pushup_depth_03.mp4,165
130.23880814436654,177.78804852586595,1.1075034881386927,0.19838254951794493,106.04783759038462,0.07148388028144836,0.1906510293483734,159.12954320433468,INCOMPLETE_DEPTH,pushup_depth_03.mp4,168
140.12344792207873,176.39756549259477,1.1358758480655116,0.2023368413603697,109.32336917499481,0.06419065594673157,0.19093725085258484,158.14478220367593,INCOMPLETE_DEPTH,pushup_depth_03.mp4,171
144.9522919597925,179.21984758220165,1.1372475518985639,0.20258533430777254,109.06939231167128,0.06085929274559021,0.1914670467376709,154.60999675607982,INCOMPLETE_DEPTH,pushup_depth_03.mp4,174
151.0039967737894,177.9359301351044,1.1548433840812986,0.2030705760909204,110.52055055549712,0.05631086230278015,0.19018372893333435,150.318580228546,INCOMPLETE_DEPTH,pushup_depth_03.mp4,177
155.83181057027286,178.19783266816762,1.182309038223365,0.2047225134783656,113.28986335251085,0.04921412467956543,0.18803927302360535,153.37850672866315,INCOMPLETE_DEPTH,pushup_depth_03.mp4,180
159.20591658356423,178.3459409762311,1.2000705885398693,0.2043294545676835,115.07439605192866,0.04197844862937927,0.18507111072540283,156.6708132376144,INCOMPLETE_DEPTH,pushup_depth_03.mp4,183
163.00868909571952,176.40635571618154,1.2034155725904367,0.20217193182876278,115.16509382001918,0.0364777147769928,0.18298104405403137,160.46117708470064,INCOMPLETE_DEPTH,pushup_depth_03.mp4,186
168.05466833158502,170.21637648803767,1.190520529096808,0.19823343643560443,113.57290290947344,0.031678617000579834,0.18168950080871582,166.87370150727517,INCOMPLETE_DEPTH,pushup_depth_03.mp4,189
168.5009822689789,166.9119540858878,1.1926171920422088,0.19710738164171693,113.52880555153587,0.030158191919326782,0.18071803450584412,173.97433893280436,INCOMPLETE_DEPTH,pushup_depth_03.mp4,192
170.4092720825576,165.02718684638538,1.197275568168968,0.19569679555303968,113.8993026371818,0.02433571219444275,0.17891573905944824,177.6004930754566,INCOMPLETE_DEPTH,pushup_depth_03.mp4,195
171.95218279020773,163.39109825749105,1.1854026949274046,0.19409705158361876,112.34649645172067,0.023132294416427612,0.17951908707618713,177.3844202478821,INCOMPLETE_DEPTH,pushup_depth_03.mp4,198
171.89711470003573,163.8055653116564,1.1869029947871916,0.19268335137699208,112.76231709994812,0.021785050630569458,0.17767512798309326,171.81252511660531,INCOMPLETE_DEPTH,pushup_depth_03.mp4,201
171.41588202299442,163.66151496490522,1.194560939611745,0.19465283658570026,113.36032191684873,0.0214463472366333,0.17869532108306885,170.0093879025841,INCOMPLETE_DEPTH,pushup_depth_03.mp4,204
171.22710478620243,163.94456913862103,1.1980382309423991,0.19579587377738977,113.62812301144604,0.021326005458831787,0.17937979102134705,173.11390622162102,INCOMPLETE_DEPTH,pushup_depth_03.mp4,207
170.45857966611433,163.14652751061917,1.193227904155938,0.1963785327735966,113.04398473439174,0.022117644548416138,0.18070676922798157,173.67978894702586,INCOMPLETE_DEPTH,pushup_depth_03.mp4,210
169.4524138171992,163.34332171325912,1.1958638228150578,0.19709370593884676,113.24609095819254,0.022070586681365967,0.1810915768146515,172.57763673005311,INCOMPLETE_DEPTH,pushup_depth_03.mp4,213
168.14146649511824,163.5497236651702,1.1946989883964487,0.19712766088096725,113.15436308416125,0.0231817364692688,0.18124711513519287,171.71822241350296,INCOMPLETE_DEPTH,pushup_depth_03.mp4,216
167.53322079567988,163.99280368703214,1.1958773675702445,0.19740973263118244,113.30103742712768,0.02349868416786194,0.1813071370124817,170.36439413483728,INCOMPLETE_DEPTH,pushup_depth_03.mp4,219
164.18504020445283,162.99600028100093,1.185053844630628,0.19636934517410332,112.39172271878732,0.028062492609024048,0.18156173825263977,166.51808742263887,INCOMPLETE_DEPTH,pushup_depth_03.mp4,222
159.5021823863434,162.80861667101263,1.1844625712128414,0.19927565257347168,112.78903732766155,0.0346982479095459,0.1837180256843567,166.75527973626018,INCOMPLETE_DEPTH,pushup_depth_03.mp4,225
154.92607422586303,164.65758638359836,1.1671077407645978,0.19932702628737203,111.33954981911786,0.04223141074180603,0.18565979599952698,166.97302363763083,INCOMPLETE_DEPTH,pushup_depth_03.mp4,228
150.37797954071135,166.58931228610385,1.1452680260806,0.19887864684344125,109.43674026304782,0.04596900939941406,0.18754327297210693,160.60129799555233,INCOMPLETE_DEPTH,pushup_depth_03.mp4,231
145.69203189665294,168.99918835463524,1.1349031119413548,0.2007019092295229,108.4200670221685,0.04928135871887207,0.19041797518730164,159.87632622763743,INCOMPLETE_DEPTH,pushup_depth_03.mp4,234
140.78763285850334,172.50096679254048,1.1307628424550376,0.2019100318286133,108.05587086483582,0.05500328540802002,0.19196590781211853,159.92255197756822,INCOMPLETE_DEPTH,pushup_depth_03.mp4,237
138.5798379055001,173.71059714766278,1.1256575671836835,0.20062082378215243,107.79990080731503,0.05610001087188721,0.19101610779762268,165.3107666254925,INCOMPLETE_DEPTH,pushup_depth_03.mp4,240
135.929097100431,174.4028944085129,1.119880964527593,0.20025412155808534,107.25008118215013,0.0621485710144043,0.1912456750869751,165.75836490426897,INCOMPLETE_DEPTH,pushup_depth_03.mp4,243
127.25389429743912,176.70400693411403,1.109245830045734,0.19784637466333765,106.14336875123317,0.07282018661499023,0.19004428386688232,162.80629268206673,INCOMPLETE_DEPTH,pushup_depth_03.mp4,246
127.24167459746918,179.01295525750535,1.1195732766637447,0.19949920533698426,107.44707551501322,0.07429713010787964,0.19032016396522522,161.43679591055192,INCOMPLETE_DEPTH,pushup_depth_03.mp4,249
128.0002615574509,179.27150364444657,1.1152021363499245,0.19920722249524214,106.83005054198033,0.07101532816886902,0.1906738579273224,158.01957228253022,INCOMPLETE_DEPTH,pushup_depth_03.mp4,252
128.33248216590127,179.39952148713328,1.1214767310207403,0.2017090115017528,107.33596683026985,0.06978604197502136,0.19254523515701294,156.2633417860698,INCOMPLETE_DEPTH,pushup_depth_03.mp4,255
132.936231225512,179.13617653148677,1.1227618500973582,0.20219070450083582,107.3881684835702,0.06330397725105286,0.1929500699043274,156.92410028365742,INCOMPLETE_DEPTH,pushup_depth_03.mp4,258
142.44540436621492,179.56016281084896,1.1411473703249264,0.2043110389137538,109.3163306167504,0.052342891693115234,0.19280853867530823,154.57072265788045,INCOMPLETE_DEPTH,pushup_depth_03.mp4,261
149.08027892919688,178.92821457941122,1.156510216753344,0.20672282740711048,110.61407420568328,0.04679834842681885,0.19348567724227905,154.3479891613167,INCOMPLETE_DEPTH,pushup_depth_03.mp4,264
153.30478925265777,176.3705388281,1.159507649842189,0.20515686121040105,110.84101473420336,0.04242405295372009,0.19173234701156616,161.9683408162098,INCOMPLETE_DEPTH,pushup_depth_03.mp4,267
154.98661007944918,175.2645419575219,1.1713289195643382,0.20485004688568179,112.02075283263521,0.041124701499938965,0.1899043321609497,163.87171175114042,INCOMPLETE_DEPTH,pushup_depth_03.mp4,270
159.768815096956,175.29061818347193,1.1876572341852847,0.20389323113778043,113.51345942042468,0.03587713837623596,0.18696150183677673,161.6405343829205,INCOMPLETE_DEPTH,pushup_depth_03.mp4,273
161.89399611400216,172.09253075334908,1.1899154289312754,0.1999650878338229,113.74736348774832,0.033567726612091064,0.18303227424621582,161.89354374193067,INCOMPLETE_DEPTH,pushup_depth_03.mp4,276
165.29522200730236,171.46634610082558,1.1997731240156189,0.1959846193083443,115.0642405542891,0.02763459086418152,0.17752742767333984,165.2615387981608,INCOMPLETE_DEPTH,pushup_depth_03.mp4,279
167.3481691186349,170.05110747222446,1.203203761559396,0.1955482928532056,115.13568226079,0.024665772914886475,0.17702874541282654,164.7423922049865,INCOMPLETE_DEPTH,pushup_depth_03.mp4,282
167.92812902391046,163.47298734609063,1.193784514082592,0.19427514031043852,113.7132193963078,0.023648589849472046,0.17787069082260132,175.41799442957765,INCOMPLETE_DEPTH,pushup_depth_03.mp4,285
168.5470633249914,161.10709983713866,1.1771545922195508,0.19395096103219478,111.60367783802464,0.023281991481781006,0.1803250014781952,176.2634596007476,INCOMPLETE_DEPTH,pushup_depth_03.mp4,288
169.90538485386512,157.8799626571974,1.1549159854887763,0.19040760748756222,109.11092114935042,0.020938098430633545,0.17991244792938232,175.75214141301623,INCOMPLETE_DEPTH,pushup_depth_03.mp4,291
169.9923651776895,152.42468615365615,1.132983931417033,0.18762356077297251,106.44281511316872,0.020424634218215942,0.17994943261146545,176.42662749525442,INCOMPLETE_DEPTH,pushup_depth_03.mp4,294
170.7024582553231,149.97487858321537,1.121445456979518,0.18607474814283922,105.08243838603313,0.01927882432937622,0.1796642243862152,175.6974615360021,INCOMPLETE_DEPTH,pushup_depth_03.mp4,297
171.10836169038262,148.2374457444693,1.109038075726263,0.18465907092081713,103.64463039954904,0.018149256706237793,0.1794469654560089,174.8545628255557,INCOMPLETE_DEPTH,pushup_depth_03.mp4,300
173.8358961870716,147.48851496811423,1.1041322121561261,0.18348637741137863,103.09430043271102,0.013420462608337402,0.17871493101119995,172.16019478240983,INCOMPLETE_DEPTH,pushup_depth_03.mp4,303
172.8702457209405,145.06667622682428,1.0844627742643198,0.18145875159428437,100.74436892973492,0.015073329210281372,0.17827719449996948,169.26103415552504,INCOMPLETE_DEPTH,pushup_depth_03.mp4,306
170.65789687785607,145.76199521189454,1.0792397250211563,0.1812533128646089,100.1851109222707,0.018536090850830078,0.17839673161506653,167.64063014685536,INCOMPLETE_DEPTH,pushup_depth_03.mp4,309
168.6372107746294,143.37727719601924,1.0586303452847776,0.18248169539114983,97.62922213582586,0.021445810794830322,0.18086618185043335,167.4973481469431,INCOMPLETE_DEPTH,pushup_depth_03.mp4,312
165.60203086857402,148.0799749786883,1.0671989102667137,0.18681063982478463,98.79274650113943,0.026043742895126343,0.18461495637893677,168.4428142498993,INCOMPLETE_DEPTH,pushup_depth_03.mp4,315
162.5807242235914,154.17805695391277,1.0822889232916881,0.19148805846625497,100.79375484827406,0.03091752529144287,0.18809983134269714,162.09552662789648,INCOMPLETE_DEPTH,pushup_depth_03.mp4,318
157.64457990055158,161.81044541457368,1.1011634823034757,0.19596134436509313,103.41879858992446,0.037509649991989136,0.19061100482940674,156.8521189876598,INCOMPLETE_DEPTH,pushup_depth_03.mp4,321
154.7268466441241,162.8149553045553,1.0958042878856873,0.1944867685491152,103.02111186459315,0.04060697555541992,0.18948543071746826,146.5220375053467,INCOMPLETE_DEPTH,pushup_depth_03.mp4,324
145.7428925549386,162.00718792751053,1.0918898754786308,0.19310528131697063,102.92065993618728,0.05101269483566284,0.1882154643535614,152.59355783731374,INCOMPLETE_DEPTH,pushup_depth_03.mp4,327
141.260847420496,165.90600018645114,1.0939126647322197,0.19231893029661493,103.55281821535422,0.05998203158378601,0.18696311116218567,154.49492314978883,INCOMPLETE_DEPTH,pushup_depth_03.mp4,330
135.23357090829626,163.3849642117653,1.0739396112674653,0.19110379805810476,101.01836196260021,0.06802558898925781,0.18758061528205872,154.18038272964225,INCOMPLETE_DEPTH,pushup_depth_03.mp4,333
133.20478631151644,166.0638223245985,1.0772723568985605,0.19299520767886547,101.44446585745484,0.07246848940849304,0.18915757536888123,150.94356458218675,INCOMPLETE_DEPTH,pushup_depth_03.mp4,336
129.4659212439849,166.49536641754364,1.0652809562067196,0.19305129369741522,99.91232399661469,0.07659974694252014,0.19016918540000916,148.87145070162444,INCOMPLETE_DEPTH,pushup_depth_03.mp4,339
132.8295664713498,168.99356797940175,1.0800836680990649,0.19452938542221626,101.88388539895668,0.07435762882232666,0.19035959243774414,151.72216426002322,INCOMPLETE_DEPTH,pushup_depth_03.mp4,342
133.63254563443425,168.00833660660848,1.080069523505672,0.19386252473584917,101.81192605084443,0.07239523530006409,0.18975701928138733,148.9064250156767,INCOMPLETE_DEPTH,pushup_depth_03.mp4,345
134.34389806879867,167.77541674406064,1.0814515792362271,0.193959964565374,101.91977807527692,0.07105675339698792,0.18977731466293335,148.04333252056387,INCOMPLETE_DEPTH,pushup_depth_03.mp4,348
137.78446012701187,166.34161263880173,1.0828937223446669,0.19426770836449636,101.97922636026853,0.06387972831726074,0.19003668427467346,148.65368620658455,INCOMPLETE_DEPTH,pushup_depth_03.mp4,351
143.07329069614096,164.74658946828183,1.082082217865411,0.1942391317747469,101.6603403704673,0.05776691436767578,0.19023019075393677,153.33233785625742,INCOMPLETE_DEPTH,pushup_depth_03.mp4,354
146.2156026322341,165.71834472540388,1.0917203771113855,0.1954682975474416,102.74883120504737,0.054024189710617065,0.1906488835811615,156.93641845666863,INCOMPLETE_DEPTH,pushup_depth_03.mp4,357
151.29064534773715,164.27665676559232,1.0986954373185531,0.19733212135564576,103.23384972446567,0.04938170313835144,0.1920911967754364,162.1731861223117,INCOMPLETE_DEPTH,pushup_depth_03.mp4,360
154.82254970444288,163.35088390312447,1.1144961466112782,0.1989244776184625,104.80010199838571,0.04679906368255615,0.19232407212257385,165.59334706884977,INCOMPLETE_DEPTH,pushup_depth_03.mp4,363
159.85985308358866,165.43339407706156,1.1291247227411996,0.1988340688922156,106.25278982809608,0.04113146662712097,0.19088709354400635,162.96039776231987,INCOMPLETE_DEPTH,pushup_depth_03.mp4,366
164.09379174570927,161.81923878873488,1.139569056606942,0.19506097227558633,107.43667631193925,0.036035239696502686,0.18609672784805298,164.01933286724582,INCOMPLETE_DEPTH,pushup_depth_03.mp4,369
167.04651675520867,158.73031856529394,1.1381615038251747,0.19241035888707905,107.1278297152387,0.029958724975585938,0.18387606739997864,169.39451961494015,INCOMPLETE_DEPTH,pushup_depth_03.mp4,372
168.17027285904746,158.0464117637927,1.1454689912305662,0.19131558679796143,107.97382109423557,0.026425987482070923,0.18197792768478394,171.87644294455296,INCOMPLETE_DEPTH,pushup_depth_03.mp4,375
170.16144761334726,157.48925952941568,1.1383780311734468,0.18838155302911067,107.41084796993252,0.02289143204689026,0.17974966764450073,171.41092023425222,INCOMPLETE_DEPTH,pushup_depth_03.mp4,378
170.78027801925705,155.87349318829985,1.1355740046994385,0.18909495181334315,106.80046091739679,0.02234819531440735,0.18102297186851501,170.54324155293673,INCOMPLETE_DEPTH,pushup_depth_03.mp4,381
170.34838727339252,153.9749500512656,1.1253688052355595,0.18864810420521763,105.49971594876266,0.023119717836380005,0.18178656697273254,168.96289888273373,INCOMPLETE_DEPTH,pushup_depth_03.mp4,384
169.79348771213446,153.58074180045173,1.1335181348203296,0.18967809094782398,106.4281867372321,0.024054139852523804,0.18193364143371582,172.2362683034111,INCOMPLETE_DEPTH,pushup_depth_03.mp4,387
168.6816407792058,154.90872514254,1.1396334575328895,0.19170951014175572,107.03092637013134,0.024965226650238037,0.18330153822898865,170.82630321173173,INCOMPLETE_DEPTH,pushup_depth_03.mp4,390
168.05716437417755,154.65086247786513,1.1368600348914646,0.1918333395052072,106.77248276190397,0.02542257308959961,0.18367153406143188,169.80561945762338,INCOMPLETE_DEPTH,pushup_depth_03.mp4,393
167.66646665603747,155.86956412220565,1.1438474640824359,0.19342102607372805,107.5574946146133,0.02579483389854431,0.184409499168396,170.56780968538916,INCOMPLETE_DEPTH,pushup_depth_03.mp4,396
166.55922921602107,158.89349323019894,1.1552235651165281,0.19617171864282923,108.90290156866448,0.028077006340026855,0.18559086322784424,162.7366275641969,INCOMPLETE_DEPTH,pushup_depth_03.mp4,399
163.03113372016247,162.20462590822515,1.160002750308969,0.20011290135513085,109.74783114582725,0.03345784544944763,0.18834280967712402,166.55127088137343,INCOMPLETE_DEPTH,pushup_depth_03.mp4,402
157.14029782892456,164.15917366100362,1.138105527995727,0.19959051980745404,107.97831619813255,0.041968345642089844,0.18984419107437134,162.86663150047826,INCOMPLETE_DEPTH,pushup_depth_03.mp4,405
151.16059205899975,167.2084920032149,1.1240091111485526,0.19923991130603258,106.76400786820565,0.046788960695266724,0.19077152013778687,157.5256144798988,INCOMPLETE_DEPTH,pushup_depth_03.mp4,408
143.7731587127811,170.42247720893567,1.1223094950318329,0.20053157177059883,106.83994065200382,0.056008219718933105,0.19193145632743835,160.74907458769428,INCOMPLETE_DEPTH,pushup_depth_03.mp4,411
141.3592614925755,174.51173469393157,1.1196070331282806,0.2008957023652386,106.92180929801813,0.06199544668197632,0.19219660758972168,157.64373051046414,INCOMPLETE_DEPTH,pushup_depth_03.mp4,414
137.73308331553673,175.34342007314075,1.1040614383785052,0.1981376912973997,105.22261268800386,0.06966277956962585,0.1911849081516266,156.3148175046784,INCOMPLETE_DEPTH,pushup_depth_03.mp4,417
132.29557024815185,175.656364107536,1.0926205805558706,0.1983579131313889,103.72957895995823,0.07287085056304932,0.19268959760665894,157.21658684750346,INCOMPLETE_DEPTH,pushup_depth_03.mp4,420
127.15698060579885,175.580019541469,1.0839066732044458,0.19972629668671554,102.38474957450663,0.08196109533309937,0.1950780749320984,154.610617690296,INCOMPLETE_DEPTH,pushup_depth_03.mp4,423
128.00458773942682,174.20739563521687,1.0789370532842457,0.19935192837704263,101.6152320117974,0.08315575122833252,0.1952691376209259,155.01191471163565,INCOMPLETE_DEPTH,pushup_depth_03.mp4,426
133.02449261431232,174.27109687215528,1.0878629059227694,0.1997030951720735,102.7288676393309,0.08071392774581909,0.19479462504386902,154.12036440955964,INCOMPLETE_DEPTH,pushup_depth_03.mp4,429
135.20691263219246,173.95238400886032,1.0851242118211406,0.20050582285190524,102.24211677816217,0.0757632851600647,0.19594591856002808,154.22774676121358,INCOMPLETE_DEPTH,pushup_depth_03.mp4,432
137.9507974909163,171.0289629445541,1.0856496509799294,0.20129618268617355,101.9963219749556,0.06823086738586426,0.1968996226787567,153.51238175423165,INCOMPLETE_DEPTH,pushup_depth_03.mp4,435
142.38012121104495,168.59909462198272,1.0890329872765592,0.20113000628971253,102.19558472473055,0.06303521990776062,0.19659048318862915,154.2555509257783,INCOMPLETE_DEPTH,pushup_depth_03.mp4,438
148.7866492124473,166.79029841732745,1.1019930610172723,0.20176949129501107,103.43452572239497,0.05914357304573059,0.19624772667884827,159.11225328246442,INCOMPLETE_DEPTH,pushup_depth_03.mp4,441
153.44057621820338,167.787881516702,1.1267927711943218,0.20403584652484866,105.96709144547087,0.055484235286712646,0.1961633265018463,164.17278426842034,INCOMPLETE_DEPTH,pushup_depth_03.mp4,444
158.94589572391715,166.5795600293382,1.1357560189529063,0.20360112146860876,106.66568085481825,0.04880625009536743,0.19504788517951965,164.9313724820821,INCOMPLETE_DEPTH,pushup_depth_03.mp4,447
162.86920646088055,163.2840753876836,1.1455311524601515,0.20949040944362787,106.82583856713369,0.04230019450187683,0.2005210518836975,164.83335050395476,INCOMPLETE_DEPTH,pushup_depth_03.mp4,450
164.35518436322118,163.68362856198436,1.1507269480384992,0.20456711564512642,107.68244728290158,0.038302063941955566,0.19490128755569458,162.11437884313887,INCOMPLETE_DEPTH,pushup_depth_03.mp4,453
168.19905129014015,162.26032492012683,1.1597263072816741,0.20137556006021767,108.64188583676504,0.0322471559047699,0.19080930948257446,161.88971264750214,INCOMPLETE_DEPTH,pushup_depth_03.mp4,456
173.975600676211,162.46787318664178,1.1775046387777723,0.20281244220377803,110.2645071639751,0.024399101734161377,0.19025781750679016,171.0715837725229,INCOMPLETE_DEPTH,pushup_depth_03.mp4,459
173.12063141349074,161.43662853943636,1.1802418591101174,0.20330166317090256,110.2476356520933,0.024907201528549194,0.19073748588562012,175.11925201405833,INCOMPLETE_DEPTH,pushup_depth_03.mp4,462
171.83908402708437,159.19835657379693,1.16491933646464,0.20211984106425254,108.70569764209998,0.026483654975891113,0.19144245982170105,178.35071143331058,INCOMPLETE_DEPTH,pushup_depth_03.mp4,465
171.30456368668862,159.1352736428881,1.1576440305528646,0.2023578181710051,108.10991854799481,0.026827484369277954,0.19233238697052002,177.66845255763556,INCOMPLETE_DEPTH,pushup_depth_03.mp4,468
168.31314046577617,161.22797102658944,1.1535164385131471,0.20281524215504826,107.74039487280058,0.03146103024482727,0.19316977262496948,172.60279279682734,INCOMPLETE_DEPTH,pushup_depth_03.mp4,471
165.3678933334541,164.34766143234057,1.1542424540102674,0.20337063863976626,108.1237980562988,0.03462538123130798,0.1932797133922577,174.5795888357243,INCOMPLETE_DEPTH,pushup_depth_03.mp4,474
161.62799816121517,161.99325834129883,1.1333951684963164,0.20298501229323498,105.9893119627605,0.036913126707077026,0.1951313614845276,172.02083725946756,INCOMPLETE_DEPTH,pushup_depth_03.mp4,477
156.59873856861728,161.3109757426231,1.1102563703026391,0.20372656181431165,103.52808094312698,0.045759499073028564,0.19807368516921997,164.54143466358835,INCOMPLETE_DEPTH,pushup_depth_03.mp4,480
148.87720734596996,160.1691022986047,1.0762035676509234,0.2042934746145853,99.8676992805054,0.05432462692260742,0.20127087831497192,165.86681201846338,INCOMPLETE_DEPTH,pushup_depth_03.mp4,483
142.50232209927887,159.7575851763656,1.0628403667612742,0.2055507991347844,98.37413718719603,0.06422436237335205,0.20335903763771057,166.63262846867406,INCOMPLETE_DEPTH,pushup_depth_03.mp4,486
138.37136346998594,157.978285284336,1.0462441037492112,0.20522446069714442,96.24839688450085,0.0697472095489502,0.2040051817893982,163.10769048861127,INCOMPLETE_DEPTH,pushup_depth_03.mp4,489
135.8269635507415,157.06414537748478,1.0425277037309957,0.20470013259816944,95.7982572920545,0.07165360450744629,0.2036527395248413,163.69550004958055,INCOMPLETE_DEPTH,pushup_depth_03.mp4,492
129.5173442193245,156.21523278879403,1.0328264168145769,0.20461337537595953,94.53737743745988,0.07869818806648254,0.20397204160690308,163.49877775184936,INCOMPLETE_DEPTH,pushup_depth_03.mp4,495
129.56277753989974,156.57026944495144,1.0355698332642362,0.20576049230530982,94.89361046345479,0.08250930905342102,0.20501038432121277,164.87839822514772,INCOMPLETE_DEPTH,pushup_depth_03.mp4,498
130.73796633410612,155.68188713092496,1.03192627384994,0.20570106540556002,94.39339420492337,0.08281788229942322,0.20509657263755798,163.65285950474424,INCOMPLETE_DEPTH,pushup_depth_03.mp4,501
134.50846056087212,154.65421445129022,1.0290595901893889,0.2054659792471923,93.99874158985433,0.0825311541557312,0.204965740442276,163.74807634512572,INCOMPLETE_DEPTH,pushup_depth_03.mp4,504
132.7988275106223,155.406313381139,1.0313370856553394,0.20581744303514554,94.29111657040183,0.08094713091850281,0.2052404284477234,162.85682919414853,INCOMPLETE_DEPTH,pushup_depth_03.mp4,507
134.4199106818602,150.37516965546467,1.017031614157992,0.20535272573140798,92.32462895886775,0.07755225896835327,0.2051837146282196,161.5075727829713,INCOMPLETE_DEPTH,pushup_depth_03.mp4,510
139.63987595308186,150.2671753911395,1.0263374030204504,0.2063168618640877,93.48456097986751,0.06865653395652771,0.20593538880348206,164.48712063458137,INCOMPLETE_DEPTH,pushup_depth_03.mp4,513
149.23414609610657,150.70429612732798,1.0478396161041272,0.20583971654840166,96.08914638416557,0.058021366596221924,0.2046782672405243,168.32242447838243,INCOMPLETE_DEPTH,pushup_depth_03.mp4,516
156.0360724279558,152.96777316708543,1.0739016454996186,0.2048124612625066,99.09559142094871,0.04823008179664612,0.20223689079284668,169.17619631979207,INCOMPLETE_DEPTH,pushup_depth_03.mp4,519
163.65433564134415,152.7720818738348,1.0817330046569398,0.20323415186486016,99.9910528863885,0.03840041160583496,0.20015177130699158,174.03820084140574,INCOMPLETE_DEPTH,pushup_depth_03.mp4,522
164.4335684679188,154.388343496818,1.0961249461632456,0.20013935078357692,101.77375367880597,0.03799697756767273,0.1959281861782074,175.25171138033025,INCOMPLETE_DEPTH,pushup_depth_03.mp4,525
166.66842562131387,155.48550964464624,1.1165266479975107,0.19839491397443068,103.94497657039962,0.035724133253097534,0.19254714250564575,176.92587419162822,INCOMPLETE_DEPTH,pushup_depth_03.mp4,528
171.18192815808948,156.91150708642712,1.1246405693700843,0.1952695070696599,105.10775320292902,0.027571648359298706,0.18851977586746216,178.71853795716117,INCOMPLETE_DEPTH,pushup_depth_03.mp4,531
170.47394828578277,157.00865484763463,1.1425577738821286,0.19906020803222604,106.50569134654339,0.028783291578292847,0.19085639715194702,179.38061462256974,INCOMPLETE_DEPTH,pushup_depth_03.mp4,534
168.8892415111737,156.02133537379152,1.1301030281766122,0.1994311831075266,105.26323567821098,0.029479503631591797,0.19239583611488342,178.2975714994045,INCOMPLETE_DEPTH,pushup_depth_03.mp4,537
166.89335265248576,155.55377395341011,1.1257154953149238,0.19884759937313934,104.85274830751078,0.031395167112350464,0.19220298528671265,179.0930684175171,INCOMPLETE_DEPTH,pushup_depth_03.mp4,540
165.90865806968444,155.58127683599227,1.123456558906385,0.2003109520337747,104.59814622074873,0.03266879916191101,0.19384372234344482,177.40712838010433,INCOMPLETE_DEPTH,pushup_depth_03.mp4,543
164.94297980947596,159.72129149214288,1.147475498591431,0.203118093183703,107.28619602301912,0.033218443393707275,0.1939428150653839,173.43718550741656,INCOMPLETE_DEPTH,pushup_depth_03.mp4,546
159.1896802357124,160.3600725555619,1.1346301719288052,0.20449730328053586,106.19770254579512,0.04087105393409729,0.1963789463043213,174.5884229274941,INCOMPLETE_DEPTH,pushup_depth_03.mp4,549
154.98685539850004,159.00036472481298,1.117310475827202,0.2057475277463132,104.31890027741919,0.04594585299491882,0.19935518503189087,172.57317008143337,INCOMPLETE_DEPTH,pushup_depth_03.mp4,552
147.84841387578746,156.31256196653942,1.075960400955113,0.20693166836038115,99.69144272988602,0.05444875359535217,0.20397818088531494,169.57848073968267,INCOMPLETE_DEPTH,pushup_depth_03.mp4,555
137.5882945380146,153.07495843930477,1.0409196667216158,0.20516028845763662,95.47468434480534,0.06748512387275696,0.2042243480682373,168.97418456397943,INCOMPLETE_DEPTH,pushup_depth_03.mp4,558
134.24346219936527,153.89062788955584,1.0314162505482305,0.20441939216993954,94.28974336761236,0.0783882737159729,0.20384666323661804,168.70374074735807,INCOMPLETE_DEPTH,pushup_depth_03.mp4,561
126.97905369626888,153.74093828068595,1.0049251364462564,0.20545063169216832,90.6970793075576,0.08030670881271362,0.20543542504310608,167.51700635615416,INCOMPLETE_DEPTH,pushup_depth_03.mp4,564
127.01592100042143,152.57356050221026,1.0010990109484,0.20548915297444637,90.15676282333216,0.07861664891242981,0.205488383769989,164.84526072861482,INCOMPLETE_DEPTH,pushup_depth_03.mp4,567
125.67765744206025,150.7371484252453,0.9932944131680302,0.20638747578721686,89.03784269900028,0.07969921827316284,0.20635837316513062,167.4217669003633,INCOMPLETE_DEPTH,pushup_depth_03.mp4,570
126.23273367159402,151.01550072113355,1.0002337781417439,0.20652142641163224,90.03313708740987,0.07745027542114258,0.2065213918685913,166.19724768945744,INCOMPLETE_DEPTH,pushup_depth_03.mp4,573
129.9840712572142,145.33634016576468,0.9933708890687922,0.2070942520555578,89.07584210451488,0.07156890630722046,0.2070673108100891,164.33569274883567,INCOMPLETE_DEPTH,pushup_depth_03.mp4,576
134.6558516448203,142.6122676092915,0.9856864453988284,0.20873454410936612,88.03522574408854,0.0646178126335144,0.20861181616783142,165.78768212420232,INCOMPLETE_DEPTH,pushup_depth_03.mp4,579
141.6621909515909,140.65027174237227,0.9873245721783183,0.20885119814853578,88.31034271841045,0.057980358600616455,0.20876038074493408,171.53155042936538,INCOMPLETE_DEPTH,pushup_depth_03.mp4,582
145.03748698011916,137.61450579200942,0.9799931696839552,0.20903964410233647,87.39888462311349,0.056919366121292114,0.2088242471218109,170.91307390583,INCOMPLETE_DEPTH,pushup_depth_03.mp4,585
151.0939477704106,141.51128323370096,1.0117231621748874,0.20491770113992716,91.49829305200504,0.04959672689437866,0.20484763383865356,173.62625495956252,INCOMPLETE_DEPTH,pushup_depth_03.mp4,588
158.91625060352925,144.14671449363448,1.0348923943973258,0.20389200303744967,94.35124925807233,0.03993096947669983,0.203304260969162,173.07163629049646,INCOMPLETE_DEPTH,pushup_depth_03.mp4,591
166.39818106050566,146.31806828043662,1.0593122604153138,0.1992236175141514,97.33878404749296,0.026885032653808594,0.19759145379066467,171.27816649164913,INCOMPLETE_DEPTH,pushup_depth_03.mp4,594
167.911460109987,149.941176031191,1.087398931230814,0.1988171091856186,100.6145557699423,0.02421391010284424,0.1954147219657898,172.12294578150872,INCOMPLETE_DEPTH,pushup_depth_03.mp4,597
170.25792049607497,150.76835666590483,1.103743649271645,0.19733680581642352,102.3578047352251,0.02368214726448059,0.1927640736103058,176.82928380336455,INCOMPLETE_DEPTH,pushup_depth_03.mp4,600
171.5552138562385,150.326907818283,1.1084585254931674,0.1960227068116635,102.76375269267884,0.021475672721862793,0.1911783516407013,176.806232871659,INCOMPLETE_DEPTH,pushup_depth_03.mp4,603
170.40795258922614,150.32809884076767,1.107814795225366,0.1985721590915163,102.56620030114672,0.023509740829467773,0.1938149333000183,179.3323697626217,INCOMPLETE_DEPTH,pushup_depth_03.mp4,606
168.1101496444535,150.93963050752524,1.1001617875371463,0.1976749847255519,101.8674982538204,0.02580881118774414,0.19344940781593323,177.79846175839958,INCOMPLETE_DEPTH,pushup_depth_03.mp4,609
163.15083157344193,150.1274654512207,1.0913289956880337,0.19859977298615863,100.87952116219114,0.032089054584503174,0.1950298249721527,176.91623498066227,INCOMPLETE_DEPTH,pushup_depth_03.mp4,612
162.72379054216188,151.30427551062007,1.092354523860386,0.19867110947194275,101.07823602081945,0.03288066387176514,0.19496864080429077,174.13003349741246,INCOMPLETE_DEPTH,pushup_depth_03.mp4,615
160.16794746262903,152.19343801598077,1.0848328383852994,0.19978240601033495,100.34236847533397,0.03690582513809204,0.196536123752594,169.98778213179557,INCOMPLETE_DEPTH,pushup_depth_03.mp4,618
154.9399805854938,151.71778160605567,1.0610634868205606,0.20153305866969307,97.70901635900609,0.042046934366226196,0.19971144199371338,167.02520538418102,INCOMPLETE_DEPTH,pushup_depth_03.mp4,621
148.6702994686818,150.56708848238387,1.0359537130898842,0.20208139020590812,94.70484859247588,0.04739832878112793,0.20140039920806885,167.15240629805606,INCOMPLETE_DEPTH,pushup_depth_03.mp4,624
144.17314741435254,152.06462443685314,1.033299253322482,0.20251602441101973,94.40622939397876,0.05176663398742676,0.20191740989685059,163.39430545273953,INCOMPLETE_DEPTH,pushup_depth_03.mp4,627
137.26895969695232,153.04142409649367,1.0239877951430325,0.20434961564047663,93.25679462089329,0.05734151601791382,0.20401954650878906,163.1823887911035,INCOMPLETE_DEPTH,pushup_depth_03.mp4,630
132.0223814354093,149.28501713118942,0.9921164239492724,0.20540896622452529,88.8914243227068,0.062492042779922485,0.20537051558494568,165.1148870413663,INCOMPLETE_DEPTH,pushup_depth_03.mp4,633
127.34660500265969,146.3727794155557,0.9777815429771484,0.20469141820612466,86.8173927152494,0.06680673360824585,0.20437568426132202,167.197416729948,INCOMPLETE_DEPTH,pushup_depth_03.mp4,636
126.17623641071138,145.71667491013716,0.9743023700482788,0.2050589721094455,86.29999218133408,0.06701904535293579,0.204631507396698,168.3573587265311,INCOMPLETE_DEPTH,pushup_depth_03.mp4,639
124.88837389756314,143.10479616255844,0.9627042733220442,0.20548352895519165,84.54969664059905,0.07115283608436584,0.20455443859100342,169.44523471252472,INCOMPLETE_DEPTH,pushup_depth_03.mp4,642
125.19939027978694,142.64888332890547,0.9645487904975818,0.20582035080724065,84.85927290011732,0.07198971509933472,0.2049923837184906,169.9885743937829,INCOMPLETE_DEPTH,pushup_depth_03.mp4,645
128.71735475537832,143.87263470096244,0.9761607768541906,0.20543079443597798,86.59196902957237,0.07082933187484741,0.2050674557685852,170.51502089726657,INCOMPLETE_DEPTH,pushup_depth_03.mp4,648
133.57567640742215,145.3220388618204,0.9930664311799349,0.20493087936449153,89.02913700077592,0.066407710313797,0.20490145683288574,170.7699186074578,INCOMPLETE_DEPTH,pushup_depth_03.mp4,651
138.8302304110826,143.97812480717963,1.0046931266101802,0.20548811097014621,90.63225984042802,0.0659690797328949,0.2054755985736847,174.31649271828346,INCOMPLETE_DEPTH,pushup_depth_03.mp4,654
145.62135325009595,146.2787688877244,1.0284210033385575,0.2073279554956601,93.6812977977202,0.05694970488548279,0.20690011978149414,175.65418306136806,INCOMPLETE_DEPTH,pushup_depth_03.mp4,657
152.29445162445907,148.72149101865452,1.0517267398290362,0.2081755781393892,96.44601796817005,0.04908168315887451,0.20685938000679016,175.69370772564378,INCOMPLETE_DEPTH,pushup_depth_03.mp4,660
164.6370761124212,153.6341422764804,1.0836722163962553,0.2091893547577506,100.09123490617893,0.032275885343551636,0.20595288276672363,171.21885325288457,INCOMPLETE_DEPTH,pushup_depth_03.mp4,663
172.96805426418194,158.39540934647164,1.107890924160981,0.20790077246361832,102.79805482053627,0.02008652687072754,0.20273536443710327,173.20356150983395,INCOMPLETE_DEPTH,pushup_depth_03.mp4,666
172.54997653469093,162.70884777240786,1.1309226744357912,0.20498436298026187,105.42183746256663,0.02187812328338623,0.1976029872894287,173.26654185365024,INCOMPLETE_DEPTH,pushup_depth_03.mp4,669
174.2453947158166,162.08629696361328,1.1356398235891294,0.1987980619887683,106.14430045424737,0.020510345697402954,0.19095754623413086,174.35479346576167,INCOMPLETE_DEPTH,pushup_depth_03.mp4,672
173.5014290838754,163.3091049378463,1.1462371080184572,0.20016124266505883,107.13113506596632,0.0215318500995636,0.191279798746109,174.46313917232717,INCOMPLETE_DEPTH,pushup_depth_03.mp4,675
171.0146488469328,160.97073672207964,1.1340147925994557,0.20006180904937795,105.6613515778162,0.025383561849594116,0.19263356924057007,174.20480238745867,INCOMPLETE_DEPTH,pushup_depth_03.mp4,678
167.71647922941096,160.7137511127608,1.1277652042143742,0.1996091179678491,105.09397671417452,0.028900206089019775,0.1927219033241272,174.3799912072631,INCOMPLETE_DEPTH,pushup_depth_03.mp4,681
166.2562467986523,160.43789730444016,1.1301606370846993,0.1999550948060465,105.53650037689829,0.02907457947731018,0.1926479935646057,175.30630107572537,INCOMPLETE_DEPTH,pushup_depth_03.mp4,684
165.97224011747886,167.07268778997937,1.1540243072309704,0.20557780688830826,108.29257359117778,0.0283125638961792,0.19518813490867615,176.70530703397216,INCOMPLETE_DEPTH,pushup_depth_03.mp4,687
162.5903173657994,171.35165589843643,1.146857527025644,0.2095448034396798,107.73811644953634,0.031869977712631226,0.19958186149597168,170.30926702294138,INCOMPLETE_DEPTH,pushup_depth_03.mp4,690
152.9585886908865,170.51633496024706,1.126695446279802,0.20690826209691537,106.00424108665128,0.044593632221221924,0.19888797402381897,166.52997141388872,INCOMPLETE_DEPTH,pushup_depth_03.mp4,693
147.86528252832014,171.9465865633649,1.1271740626976328,0.2074179133560766,106.30093824836807,0.05191516876220703,0.19907903671264648,164.20048360043143,INCOMPLETE_DEPTH,pushup_depth_03.mp4,696
145.7543610589459,170.82281139025082,1.1113251727409508,0.20436760483590288,104.83402977119397,0.052978336811065674,0.19755566120147705,164.17074184665444,INCOMPLETE_DEPTH,pushup_depth_03.mp4,699
142.31587405993312,172.18232655930797,1.110811962750403,0.20352769944503396,105.04323579369857,0.0585179328918457,0.19655215740203857,166.5341003319837,INCOMPLETE_DEPTH,pushup_depth_03.mp4,702
133.78510036997974,172.04778041584987,1.1037870273028594,0.20278144396046877,104.2901241703518,0.07329356670379639,0.19650641083717346,165.27746349968712,INCOMPLETE_DEPTH,pushup_depth_03.mp4,705
133.9772981143722,172.43558995068935,1.1039094621482861,0.20264779132395758,104.25852037956447,0.07366624474525452,0.19640445709228516,164.33647245368255,INCOMPLETE_DEPTH,pushup_depth_03.mp4,708
134.27631228783898,171.8155210600508,1.1025246439367251,0.20259430958905825,104.04278274771423,0.07116404175758362,0.19653913378715515,165.62528913096605,INCOMPLETE_DEPTH,pushup_depth_03.mp4,711
141.62422922300274,171.7130513578687,1.1046065943711803,0.20354062079808258,104.18033478367153,0.05940791964530945,0.1973380148410797,166.1318601588686,INCOMPLETE_DEPTH,pushup_depth_03.mp4,714
144.86378839882528,171.8458119392281,1.1116393862470337,0.2047077040984981,104.83990885303186,0.05627712607383728,0.19787904620170593,167.83040551078952,INCOMPLETE_DEPTH,pushup_depth_03.mp4,717
150.65945787030444,170.00092876694734,1.113223951241342,0.20488504905477314,104.75783133671389,0.05054879188537598,0.1981254518032074,168.52713756645792,INCOMPLETE_DEPTH,pushup_depth_03.mp4,720
155.59428947382904,165.70580191230036,1.1091199921400778,0.2041253985403671,104.0383515999379,0.04440772533416748,0.1980282962322235,171.3659648163683,INCOMPLETE_DEPTH,pushup_depth_03.mp4,723
162.58968168364981,163.68688872777668,1.1115772044066203,0.20232976696823626,104.20822660147626,0.03579825162887573,0.19613990187644958,168.94022690677835,INCOMPLETE_DEPTH,pushup_depth_03.mp4,726
165.6473621140656,160.63170058720044,1.1092156796103065,0.19882085660550916,103.82157591865716,0.033351749181747437,0.19306328892707825,175.1887027871194,INCOMPLETE_DEPTH,pushup_depth_03.mp4,729
168.50367477382918,157.9395103256747,1.1121485479924784,0.19694007278456352,104.02809972848438,0.0286424458026886,0.19106611609458923,177.6105276619604,INCOMPLETE_DEPTH,pushup_depth_03.mp4,732
170.04859322822435,156.09609093456888,1.108347370296212,0.19514015811867386,103.38882277210321,0.025330185890197754,0.18983590602874756,177.40280942698342,INCOMPLETE_DEPTH,pushup_depth_03.mp4,735
171.24763793120923,154.29675819119223,1.1078327442521643,0.1930309256670403,103.33594861808022,0.021352112293243408,0.18782517313957214,173.53670063410348,INCOMPLETE_DEPTH,pushup_depth_03.mp4,738
171.30360248713887,153.7134370889474,1.1075676561013479,0.193541827231503,103.06833729013137,0.020305663347244263,0.18852877616882324,178.55786571961607,INCOMPLETE_DEPTH,pushup_depth_03.mp4,741
169.0072967745075,154.45418110169663,1.1134298838628025,0.19533299031804835,103.77016408875872,0.021176904439926147,0.18971821665763855,173.8704710650634,INCOMPLETE_DEPTH,pushup_depth_03.mp4,744
169.1374519204937,154.53533733974118,1.1143409462170304,0.1974100661444479,103.83451021433704,0.019958972930908203,0.19168269634246826,173.97054700265085,INCOMPLETE_DEPTH,pushup_depth_03.mp4,747
168.4305199376517,155.1856196564827,1.1159837018383627,0.197817905996607,104.05800498741505,0.020358890295028687,0.19189271330833435,171.17471287316465,INCOMPLETE_DEPTH,pushup_depth_03.mp4,750
167.2739084733022,155.38431573396306,1.106191579433979,0.19710356949037,103.20649206660383,0.020907491445541382,0.19189023971557617,164.57381659065277,INCOMPLETE_DEPTH,pushup_depth_03.mp4,753
165.68490161072924,157.4047476655259,1.102630419072262,0.1985511435758917,103.05443181270823,0.021701902151107788,0.19341924786567688,162.7864743816107,INCOMPLETE_DEPTH,pushup_depth_03.mp4,756
163.41451960795328,162.08022573070312,1.1028452911051478,0.1995226856774519,103.5567656667311,0.023445874452590942,0.19396305084228516,158.3903975252909,INCOMPLETE_DEPTH,pushup_depth_03.mp4,759
157.34779873775747,166.8203803189826,1.105048842865004,0.20125488927731727,103.99959635762956,0.030451446771621704,0.19527649879455566,162.89404602330822,INCOMPLETE_DEPTH,pushup_depth_03.mp4,762
149.74236753809527,168.9181484469587,1.10941128344603,0.20321083550498356,104.60580194792833,0.0402715802192688,0.1966431438922882,161.62408250682807,INCOMPLETE_DEPTH,pushup_depth_03.mp4,765
147.03994943690776,170.52828506249165,1.107835656533203,0.20326289085506297,104.62757918811673,0.04330909252166748,0.19667401909828186,162.0870980462924,INCOMPLETE_DEPTH,pushup_depth_03.mp4,768
134.3191143567538,171.91825430311988,1.0985451275719444,0.20150564282971978,103.77517828029957,0.05767539143562317,0.1957092583179474,163.61092212802836,INCOMPLETE_DEPTH,pushup_depth_03.mp4,771
129.8579625384138,173.56068024135882,1.1004392598878951,0.20193957222389014,104.05310055769947,0.06353759765625,0.19589513540267944,161.46024270296007,INCOMPLETE_DEPTH,pushup_depth_03.mp4,774
130.70241195494913,173.77122886542298,1.1050990908734604,0.2016934214997833,104.66548555389204,0.06305548548698425,0.1951216757297516,162.17966222051965,INCOMPLETE_DEPTH,pushup_depth_03.mp4,777
132.93033233378594,173.42951727282804,1.1066902845442808,0.20216346906494673,104.7507183578019,0.060852378606796265,0.19550004601478577,161.7502423778146,INCOMPLETE_DEPTH,pushup_depth_03.mp4,780
137.67079003581804,172.6009019280152,1.1058792437613412,0.20314081072465354,104.49957584386392,0.05545145273208618,0.1966700255870819,162.41767945276604,INCOMPLETE_DEPTH,pushup_depth_03.mp4,783
153.1827791106955,173.04349017006666,1.1131242598551703,0.2046611272500782,105.26227679366711,0.0380856990814209,0.1974422037601471,162.6076299790123,INCOMPLETE_DEPTH,pushup_depth_03.mp4,786
157.13462129671467,173.26154346394634,1.1169287257603073,0.2060109245879011,105.53968723032732,0.03468447923660278,0.19847947359085083,164.3080289985119,INCOMPLETE_DEPTH,pushup_depth_03.mp4,789
166.75360258456413,175.3549780349653,1.1393165168683441,0.20939032527278842,107.8418536782743,0.024242669343948364,0.19931888580322266,169.9810507375762,INCOMPLETE_DEPTH,pushup_depth_03.mp4,792
169.7627833496591,173.3321168144118,1.149683576828333,0.2101885486516838,108.61646053607114,0.02142968773841858,0.19918972253799438,170.91812506680884,INCOMPLETE_DEPTH,pushup_depth_03.mp4,795
169.99308524025108,171.99873478736504,1.1645523714688264,0.209204393140728,110.2305927152332,0.023385733366012573,0.19629698991775513,169.51167718395934,INCOMPLETE_DEPTH,pushup_depth_03.mp4,798
171.54339300466867,170.00351149293775,1.1818040594377646,0.20627189410748564,111.99415338036154,0.02056947350502014,0.19125834107398987,170.26346181073643,INCOMPLETE_DEPTH,pushup_depth_03.mp4,801
173.15024764985833,169.8728400974356,1.187167102745708,0.2042177719346381,112.68598537028257,0.018803805112838745,0.18841633200645447,173.96412446764697,INCOMPLETE_DEPTH,pushup_depth_03.mp4,804
174.7471350919559,167.51610917181506,1.1995976577067184,0.20537876251062115,113.58076096950286,0.014855533838272095,0.18822729587554932,176.70069313615096,INCOMPLETE_DEPTH,pushup_depth_03.mp4,807
174.62417026793761,167.13187128802716,1.1973720273836297,0.20530227079011715,113.14989280351172,0.015331029891967773,0.18876954913139343,176.46990446947802,INCOMPLETE_DEPTH,pushup_depth_03.mp4,810
173.78771522158453,167.14525289624106,1.1947390191216283,0.20619981231796422,112.83289397984156,0.01635727286338806,0.1900404691696167,174.2114247597024,INCOMPLETE_DEPTH,pushup_depth_03.mp4,813
172.23181123374678,167.1099265804171,1.1932731106407457,0.20619459374353785,112.66070791552255,0.01757866144180298,0.19027528166770935,171.81915873606854,INCOMPLETE_DEPTH,pushup_depth_03.mp4,816
170.06978660359448,167.29346468844807,1.1874679669634687,0.20608238627028394,112.11979508737124,0.020315229892730713,0.1909129023551941,172.41005657376832,INCOMPLETE_DEPTH,pushup_depth_03.mp4,819
166.1580324129864,167.8305452086804,1.1856004975799064,0.20910133679868012,111.7888834321194,0.026873648166656494,0.19416120648384094,173.7570453885481,INCOMPLETE_DEPTH,pushup_depth_03.mp4,822
160.39334183342788,170.01244738698753,1.1536810665387325,0.20769022241407287,108.96896124299235,0.033415406942367554,0.19641044735908508,175.77543163502068,INCOMPLETE_DEPTH,pushup_depth_03.mp4,825
155.07066855484072,172.51533643860384,1.1403147365792812,0.20804592452753284,107.88936166025738,0.038122743368148804,0.19798621535301208,177.10982151628772,INCOMPLETE_DEPTH,pushup_depth_03.mp4,828
147.3319241117575,173.66732964615252,1.1221933300875877,0.208507350581769,106.00209805252803,0.04699051380157471,0.20042723417282104,174.1520384776537,INCOMPLETE_DEPTH,pushup_depth_03.mp4,831
130.01468789020376,174.08856138977075,1.108968350418627,0.2064883800625934,104.6975334906371,0.06926143169403076,0.19973114132881165,171.1209266725094,INCOMPLETE_DEPTH,pushup_depth_03.mp4,834
122.70947133738606,172.0764287993208,1.0858014717885802,0.20425465543739774,101.93592357943118,0.0783286988735199,0.19983813166618347,168.42028199127998,INCOMPLETE_DEPTH,pushup_depth_03.mp4,837
120.66263605978925,172.26003297775623,1.0791685037581644,0.2026979856361899,101.2530416624745,0.08135908842086792,0.1988007128238678,166.2131893629146,INCOMPLETE_DEPTH,pushup_depth_03.mp4,840
124.13073194901763,172.47406823114204,1.0760117971348233,0.20264854640700572,100.9340453469944,0.07554659247398376,0.19896933436393738,165.99211895595184,INCOMPLETE_DEPTH,pushup_depth_03.mp4,843
123.53229833707378,173.28468718718204,1.0807446114744788,0.20299529957371354,101.59958775874239,0.07472807168960571,0.19884905219078064,166.02986901810112,INCOMPLETE_DEPTH,pushup_depth_03.mp4,846
125.14465009684734,173.4771464287261,1.0913901216352018,0.20387492599459134,102.90198243699996,0.07243821024894714,0.19872727990150452,167.74383312537967,INCOMPLETE_DEPTH,pushup_depth_03.mp4,849
127.2158675702377,173.3830547338934,1.0904267111439254,0.20376699008368715,102.74769365884265,0.06801998615264893,0.19874387979507446,167.77787101364575,INCOMPLETE_DEPTH,pushup_depth_03.mp4,852
146.57723633720127,176.13950219711282,1.117065275210883,0.20788834047682658,105.83040967644291,0.046234130859375,0.20000305771827698,168.29493911923845,INCOMPLETE_DEPTH,pushup_depth_03.mp4,855
155.41016513920687,177.44119180458134,1.134249847126,0.21119971433688828,107.61726884514624,0.03631836175918579,0.20129337906837463,169.0727428263665,INCOMPLETE_DEPTH,pushup_depth_03.mp4,858
155.16026142312884,178.57477752252603,1.1662991639582287,0.21588829418177452,110.61834318275915,0.03818601369857788,0.20205864310264587,169.85698533496304,INCOMPLETE_DEPTH,pushup_depth_03.mp4,861
158.1442199523479,177.57591619734146,1.1824597363266747,0.2169077777424544,112.20582300710618,0.034786731004714966,0.20081865787506104,172.71253956314513,INCOMPLETE_DEPTH,pushup_depth_03.mp4,864
163.45827195189457,175.8563372091313,1.1921807529239186,0.21577140279892207,113.05610165593562,0.03019699454307556,0.1985343098640442,173.83107771773288,INCOMPLETE_DEPTH,pushup_depth_03.mp4,867
166.7390598391975,175.08815730072715,1.2009924274418173,0.21079237557707728,114.18556333786168,0.0253162682056427,0.1922878921031952,166.65843406319973,INCOMPLETE_DEPTH,pushup_depth_03.mp4,870
168.6706813063161,174.82217746536296,1.206119734978725,0.20946728945962714,114.48866148277082,0.023237884044647217,0.19062241911888123,167.97535243435433,INCOMPLETE_DEPTH,pushup_depth_03.mp4,873
170.93495806804583,173.24726412564337,1.2125335777351893,0.20942537153545246,114.74104053340935,0.02101936936378479,0.19020000100135803,164.67621546483693,INCOMPLETE_DEPTH,pushup_depth_03.mp4,876
172.39444505017477,172.34418790131608,1.2194874766116373,0.20865016158062866,115.21603361365685,0.019432127475738525,0.18876543641090393,165.168719659294,INCOMPLETE_DEPTH,pushup_depth_03.mp4,879
172.8215682971742,170.6594185341791,1.2225504316879914,0.20997703752420846,115.40997322455651,0.01820400357246399,0.18966194987297058,170.1843254536407,INCOMPLETE_DEPTH,pushup_depth_03.mp4,882
172.69016087504457,168.82115636279084,1.2130483476068712,0.2094538675505682,114.51759567038785,0.018284142017364502,0.19056633114814758,173.3628956339234,INCOMPLETE_DEPTH,pushup_depth_03.mp4,885
172.1945451531495,166.9937377356041,1.200763238778443,0.2075150851457305,113.37231553662545,0.0179997980594635,0.19048601388931274,173.5247255122515,INCOMPLETE_DEPTH,pushup_depth_03.mp4,888
167.87853011503177,166.90873605290906,1.1959545725610212,0.20857350264618643,112.75068602634255,0.023695945739746094,0.19234409928321838,174.21966080824396,INCOMPLETE_DEPTH,pushup_depth_03.mp4,891
163.84725854389765,163.48067909550235,1.1648861936127857,0.20559632529691915,109.83020732338426,0.028285861015319824,0.19340366125106812,174.6694810838002,INCOMPLETE_DEPTH,pushup_depth_03.mp4,894
159.43829505753433,163.4262535380716,1.135936709857702,0.20290138706752642,107.31426569116486,0.02963954210281372,0.19370633363723755,177.036966122241,INCOMPLETE_DEPTH,pushup_depth_03.mp4,897
154.99837424136777,167.891710576998,1.1238988606399407,0.20321794061665593,106.34292647733308,0.03244474530220032,0.19500604271888733,176.5674261744761,INCOMPLETE_DEPTH,pushup_depth_03.mp4,900
149.3158207226913,170.27917997974149,1.1131798023476536,0.20380586117363564,105.33198230154925,0.0391751229763031,0.19655168056488037,172.18163901901733,INCOMPLETE_DEPTH,pushup_depth_03.mp4,903
146.86487307776707,170.9188263254139,1.0930260272492167,0.20094181485892776,103.07410859339306,0.04169115424156189,0.19573253393173218,167.02455454661455,INCOMPLETE_DEPTH,pushup_depth_03.mp4,906
124.1751798426823,173.30832868360406,1.0960023932613459,0.20173755507648666,103.49862352993952,0.07267558574676514,0.1961641013622284,165.84323337831293,INCOMPLETE_DEPTH,pushup_depth_03.mp4,909
128.01257288114658,173.04303455393097,1.0946846187702113,0.20075823325080436,103.43753906738384,0.06697005033493042,0.19526168704032898,163.57015708844241,INCOMPLETE_DEPTH,pushup_depth_03.mp4,912
131.2010305020369,176.67621586980823,1.112897531005281,0.20303411185772158,105.76779192502143,0.06280872225761414,0.19539335370063782,163.92275838172557,INCOMPLETE_DEPTH,pushup_depth_03.mp4,915
133.779950323856,177.7744404061746,1.1244721198176812,0.20605230804419647,107.01423951514637,0.06017392873764038,0.19703292846679688,165.0135101247582,INCOMPLETE_DEPTH,pushup_depth_03.mp4,918
146.43513109764476,178.38610477333242,1.1290789863376074,0.20696850046450938,107.43677242789335,0.046502649784088135,0.1974569857120514,163.40010865792732,INCOMPLETE_DEPTH,pushup_depth_03.mp4,921
150.58365957812296,179.31659149416146,1.147335779377987,0.20858787511705434,109.45716672888068,0.04285097122192383,0.1966744065284729,163.73660466061204,INCOMPLETE_DEPTH,pushup_depth_03.mp4,924
150.71488996798254,179.41542909272778,1.1681019196019207,0.21104171006476963,111.54633683190697,0.043423235416412354,0.19629284739494324,166.27840341584206,INCOMPLETE_DEPTH,pushup_depth_03.mp4,927
160.99460167254807,178.88328967061838,1.1827091941715697,0.21327001123712824,112.84573903760224,0.03232002258300781,0.19653809070587158,169.3876953259556,INCOMPLETE_DEPTH,pushup_depth_03.mp4,930
165.6401488873492,176.29130551292474,1.2363640719100166,0.22043203213574666,117.48699376588905,0.0327700674533844,0.19554629921913147,169.11950961377508,INCOMPLETE_DEPTH,pushup_depth_03.mp4,933
166.30089642517459,179.62642938118802,1.2246742922677696,0.2147204581387814,116.62761528499043,0.0314355194568634,0.19194459915161133,171.45568271780564,INCOMPLETE_DEPTH,pushup_depth_03.mp4,936
167.9805355875185,176.4694754030604,1.2191924113290562,0.21163430390335589,115.97653364301433,0.029787898063659668,0.19025149941444397,172.09369530693758,INCOMPLETE_DEPTH,pushup_depth_03.mp4,939
169.8556158726576,177.17262380120624,1.229265438429987,0.20918890295433973,116.93094727747341,0.026103228330612183,0.1865006983280182,167.92948293193004,INCOMPLETE_DEPTH,pushup_depth_03.mp4,942
171.99939538687477,174.88471607364193,1.2186365376142376,0.2066528046947277,115.71325486203935,0.02395668625831604,0.1861872673034668,165.49862579665117,INCOMPLETE_DEPTH,pushup_depth_03.mp4,945
171.47667892532766,173.39170211471338,1.21796147648598,0.2067111222192851,115.30500427198373,0.023464322090148926,0.1868741810321808,166.4234101654288,INCOMPLETE_DEPTH,pushup_depth_03.mp4,948
170.97150910457972,171.1100217989822,1.2147438173221559,0.20702045016928414,115.0900823586272,0.024043142795562744,0.187484472990036,172.59888612256472,INCOMPLETE_DEPTH,pushup_depth_03.mp4,951
169.54225092753933,169.38602234818538,1.2079824474064849,0.20727502198538514,114.39044713151773,0.025778204202651978,0.18877437710762024,175.6345206505492,INCOMPLETE_DEPTH,pushup_depth_03.mp4,954
165.45063700198224,171.47167331233135,1.2027392037765494,0.21115927968115158,114.09659006496884,0.030833393335342407,0.19275671243667603,178.65901211690115,INCOMPLETE_DEPTH,pushup_depth_03.mp4,957
161.93692574041728,174.41548286769654,1.2004567196748153,0.21195614492106668,114.44697628628,0.031941384077072144,0.1929512619972229,177.7384015411833,INCOMPLETE_DEPTH,pushup_depth_03.mp4,960
156.46307132884118,175.41155836700494,1.192943164357187,0.21046669611179727,114.15789118956437,0.03858870267868042,0.19203242659568787,178.93245851481845,INCOMPLETE_DEPTH,pushup_depth_03.mp4,963
151.1923076103424,177.3135771501764,1.1626599056690752,0.20641836993652496,111.43892163755706,0.04299411177635193,0.19213438034057617,174.25634983175567,INCOMPLETE_DEPTH,pushup_depth_03.mp4,966
136.3109786891291,177.97575491122407,1.1528654721612328,0.20709918910117128,110.8637923781328,0.05808907747268677,0.1935182809829712,167.741976872549,INCOMPLETE_DEPTH,pushup_depth_03.mp4,969
135.26912746688564,173.08973484626958,1.1635873680939097,0.20830554861936493,112.23005933213301,0.05895513296127319,0.19282111525535583,162.68975399052778,INCOMPLETE_DEPTH,pushup_depth_03.mp4,972
137.1468523234189,171.3763267735787,1.1726482100745617,0.20888827361580667,113.47987690896022,0.058101773262023926,0.19159060716629028,165.90122831436219,INCOMPLETE_DEPTH,pushup_depth_03.mp4,975
137.43169631492506,167.7957860039898,1.1874571596263113,0.21174850819318983,115.09688304690859,0.058292001485824585,0.1917557418346405,164.50664533231284,INCOMPLETE_DEPTH,pushup_depth_03.mp4,978
141.72675002352207,167.0621885319431,1.189184612613777,0.21173563164124273,115.16286127030344,0.05468818545341492,0.19164052605628967,160.91238425991793,INCOMPLETE_DEPTH,pushup_depth_03.mp4,981
145.29484708410777,168.05900831426482,1.1892058680870192,0.2116674803200084,115.02032034702931,0.05065262317657471,0.19180217385292053,160.2235946998377,INCOMPLETE_DEPTH,pushup_depth_03.mp4,984
145.15592668116412,168.01997053228197,1.1990114755197323,0.21341870892152898,115.85480218551363,0.0507887601852417,0.19205382466316223,159.34312982604143,INCOMPLETE_DEPTH,pushup_depth_03.mp4,987
151.95700528508428,167.41814680224823,1.2307201959068315,0.21828793771721355,118.46579393494343,0.04738438129425049,0.1918947398662567,157.77683346567977,INCOMPLETE_DEPTH,pushup_depth_03.mp4,990
154.24940133478128,168.03426328133946,1.2524606308538029,0.2212069495128681,120.16973703687648,0.045823127031326294,0.19123941659927368,156.42539771790553,INCOMPLETE_DEPTH,pushup_depth_03.mp4,993
158.84403866715778,169.94413483671124,1.2421897558177157,0.21530623035613491,119.5493743119279,0.038496434688568115,0.18729877471923828,153.70088816624067,INCOMPLETE_DEPTH,pushup_depth_03.mp4,996
163.14586186577245,173.38838077475185,1.2417760644571512,0.21157629356081717,119.43244752753722,0.03470146656036377,0.1842665672302246,149.9473345681822,INCOMPLETE_DEPTH,pushup_depth_03.mp4,999
165.8490421975811,174.09899713969494,1.2523603381791293,0.21269527674419378,120.14400339558837,0.030021488666534424,0.1839287281036377,152.30303441570612,INCOMPLETE_DEPTH,pushup_depth_03.mp4,1002
170.48645240124173,176.5278763751207,1.2559128093502991,0.212551948704709,119.96549286557135,0.02224743366241455,0.18413648009300232,154.5857023260365,INCOMPLETE_DEPTH,pushup_depth_03.mp4,1005
172.28829351793343,176.58385610880705,1.2793257141017855,0.21525454856983392,121.75104395973112,0.017977654933929443,0.18303686380386353,158.44325584526368,INCOMPLETE_DEPTH,pushup_depth_03.mp4,1008
173.36440650251677,179.05456525121264,1.2711426027244124,0.21385491495538309,120.6432532130184,0.01763865351676941,0.18398866057395935,159.1180731008297,INCOMPLETE_DEPTH,pushup_depth_03.mp4,1011
156.35259110986263,162.2695657823084,1.1566770635444128,0.20364324824831687,109.3033503120824,0.03929111361503601,0.19219359755516052,158.2246806256193,ELBOWS_FLARED,pushup_elbows_01.mp4,3
157.25833442543208,166.0404509971676,1.1765619505658047,0.20669289587344788,111.57775742884438,0.03896990418434143,0.1922062635421753,161.56950364125512,ELBOWS_FLARED,pushup_elbows_01.mp4,6
157.44478903457946,168.08389059233107,1.1917079637364267,0.2101908151726582,113.09193732108416,0.03992089629173279,0.1933479607105255,164.7109266507191,ELBOWS_FLARED,pushup_elbows_01.mp4,9
158.30040074645123,169.27921292051698,1.2017115420959303,0.21225410987942103,114.08260033188182,0.03866681456565857,0.19377729296684265,166.22570948344378,ELBOWS_FLARED,pushup_elbows_01.mp4,12
158.87980473625944,171.20721924550085,1.2161593890039908,0.21487050775572453,115.50486648162193,0.03804439306259155,0.1939290463924408,163.28902405731534,ELBOWS_FLARED,pushup_elbows_01.mp4,15
158.77014951515832,172.25948060262533,1.2187583723881645,0.21566958802123026,115.61656520364386,0.0365755558013916,0.19446882605552673,160.46540146959697,ELBOWS_FLARED,pushup_elbows_01.mp4,18
160.1117506833787,171.76887308041495,1.2175504743643875,0.2151862515522533,115.49393985378501,0.03686299920082092,0.19423168897628784,159.0272585700553,ELBOWS_FLARED,pushup_elbows_01.mp4,21
159.74570245196247,172.83816649951623,1.2199937567354666,0.21570927477344956,115.69327191975208,0.038445472717285156,0.19437956809997559,156.6835068160196,ELBOWS_FLARED,pushup_elbows_01.mp4,24
157.73079160222863,172.52638011383394,1.2032182012599684,0.21332447000490085,114.47367017369311,0.041082143783569336,0.194155752658844,158.78750934674324,ELBOWS_FLARED,pushup_elbows_01.mp4,27
153.55495367285715,173.63714411014342,1.1737671528428057,0.21009092574558189,112.26145502740182,0.04186296463012695,0.19443020224571228,163.31013561763203,ELBOWS_FLARED,pushup_elbows_01.mp4,30
150.23200303781675,172.4075898497242,1.1462095833464978,0.20717054636474783,109.64343649291482,0.046084582805633545,0.19511261582374573,167.02385194078101,ELBOWS_FLARED,pushup_elbows_01.mp4,33
141.19880394119815,171.51491431777944,1.1297866609043568,0.20609989988943944,107.88394827308021,0.05573418736457825,0.19614025950431824,168.80804785598758,ELBOWS_FLARED,pushup_elbows_01.mp4,36
135.55371811710629,170.4771542632545,1.0993434886914535,0.20461474422648043,104.32055005188171,0.060828983783721924,0.19825613498687744,157.95938777229037,ELBOWS_FLARED,pushup_elbows_01.mp4,39
121.12752909617758,168.66457977095158,1.0622776701626946,0.20487626092071182,99.32869135172471,0.06724768877029419,0.20216643810272217,152.4879894227875,ELBOWS_FLARED,pushup_elbows_01.mp4,42
124.68890805107934,171.52201306136658,1.0550211197652952,0.20481371402902346,98.47486349632986,0.07139119505882263,0.20257705450057983,151.58209202255193,ELBOWS_FLARED,pushup_elbows_01.mp4,45
128.7063003273123,169.92354923195163,1.036363026920396,0.20605277059568106,95.70880700176777,0.07667070627212524,0.20503070950508118,155.13941516041652,ELBOWS_FLARED,pushup_elbows_01.mp4,48
111.11360579639431,173.25893942532298,1.0306948764091697,0.2069201188804059,94.95377110162555,0.08449286222457886,0.20614713430404663,154.5458535669304,ELBOWS_FLARED,pushup_elbows_01.mp4,51
112.73515692679244,179.46054176816403,1.0357126717122427,0.2059160784145714,95.9079115924428,0.08536496758460999,0.20482227206230164,155.14968134700473,ELBOWS_FLARED,pushup_elbows_01.mp4,54
118.86172869588651,178.0939345586481,1.0342601934569213,0.20523514436593723,95.7830997534303,0.09027957916259766,0.20419049263000488,154.79227195852053,ELBOWS_FLARED,pushup_elbows_01.mp4,57
114.75481430120053,176.17826238201204,1.0367845411067433,0.2052638989176848,96.25607023692756,0.0881904661655426,0.20404139161109924,158.7978409660462,ELBOWS_FLARED,pushup_elbows_01.mp4,60
114.37797473266127,175.1172238307777,1.0452907093905321,0.2047229283394362,97.7048434768015,0.08734425902366638,0.20287448167800903,157.835161297129,ELBOWS_FLARED,pushup_elbows_01.mp4,63
113.76718477839873,175.13409431628278,1.0494819015336236,0.2027727227413149,98.4641443220133,0.08803027868270874,0.2005639374256134,157.0725781724568,ELBOWS_FLARED,pushup_elbows_01.mp4,66
107.66800241508328,179.2700255480503,1.0444218946606547,0.20291552027007795,97.55790867203682,0.08816379308700562,0.201152503490448,157.0555335617661,ELBOWS_FLARED,pushup_elbows_01.mp4,69
111.06994559076271,179.60858001174998,1.0478314138102984,0.20342176542072418,98.0503790086405,0.08768269419670105,0.20141690969467163,156.65216823184247,ELBOWS_FLARED,pushup_elbows_01.mp4,72
114.42591121604592,178.9387772051098,1.065362951240832,0.20488516992259137,100.65773108697809,0.08633944392204285,0.20135045051574707,154.5793252751116,ELBOWS_FLARED,pushup_elbows_01.mp4,75
115.49960278123852,179.62306389181828,1.0792036332149868,0.20641838860383085,102.46467221063584,0.0856860876083374,0.20155248045921326,150.73875649975434,ELBOWS_FLARED,pushup_elbows_01.mp4,78
142.42477232786328,179.3770446381609,1.0891358126449884,0.20388075761208935,103.90224838302679,0.06741335988044739,0.19790789484977722,148.5629354379122,ELBOWS_FLARED,pushup_elbows_01.mp4,81
150.23466221078073,178.63261294336516,1.1095972313896398,0.20592882879937516,106.2993781382636,0.06298014521598816,0.19765138626098633,146.62209149901875,ELBOWS_FLARED,pushup_elbows_01.mp4,84
139.12084913100742,178.46831426692194,1.1379181867189974,0.2071275134766743,109.50745929884201,0.055796921253204346,0.19523680210113525,145.1728261304571,ELBOWS_FLARED,pushup_elbows_01.mp4,87
144.5887507598043,179.3668769309538,1.1791717736548621,0.21162924274685968,113.77678825529635,0.046336203813552856,0.1936650276184082,150.095011050703,ELBOWS_FLARED,pushup_elbows_01.mp4,90
151.55382124858613,176.2366064521145,1.2185624352309221,0.2160467989372286,117.64828240237964,0.04557862877845764,0.19137459993362427,154.73584504523242,ELBOWS_FLARED,pushup_elbows_01.mp4,93
157.48879968511275,175.90191056116515,1.2489258567236483,0.21865212244735163,120.27376320231843,0.040997445583343506,0.18883082270622253,157.21068945969307,ELBOWS_FLARED,pushup_elbows_01.mp4,96
159.4238751191641,175.69608728484073,1.274337158830146,0.22306574891898595,121.93369927414055,0.03779846429824829,0.18930384516716003,159.36351847975635,ELBOWS_FLARED,pushup_elbows_01.mp4,99
159.44100158017537,175.39207190776602,1.2855233305715121,0.2236529527989405,122.89597308327689,0.03461587429046631,0.1877884864807129,158.66832996132655,ELBOWS_FLARED,pushup_elbows_01.mp4,102
163.78297673693,173.92739651892936,1.3152734909511548,0.2294675353715663,124.80845659347402,0.027848780155181885,0.18840378522872925,160.56730695219375,ELBOWS_FLARED,pushup_elbows_01.mp4,105
165.46548748775118,173.33414244262536,1.319011628735733,0.22775392638871278,125.43679690277305,0.02499350905418396,0.18555966019630432,158.64780445176888,ELBOWS_FLARED,pushup_elbows_01.mp4,108
162.65490988229865,173.0220516100006,1.3120552102050704,0.22560244362287715,125.2188129690762,0.027880996465682983,0.18430310487747192,159.3737995039609,ELBOWS_FLARED,pushup_elbows_01.mp4,111
159.68655731340314,174.41389780291013,1.2963932671089529,0.22495112941084544,123.89037898273979,0.03238001465797424,0.1867295205593109,164.2630407363426,ELBOWS_FLARED,pushup_elbows_01.mp4,114
158.5480014368158,176.3419094027982,1.2825946925426814,0.22311898055164844,122.82544036422776,0.03786247968673706,0.18748918175697327,167.6029710812276,ELBOWS_FLARED,pushup_elbows_01.mp4,117
154.14107543401562,178.71681629116418,1.2336289450481859,0.21492305495867436,119.16110309416551,0.041530996561050415,0.1876794993877411,168.8552650634539,ELBOWS_FLARED,pushup_elbows_01.mp4,120
151.12304982248548,178.2134946559478,1.1871306882735044,0.2090571356899478,114.91857278241318,0.043928444385528564,0.18959352374076843,167.5020220931136,ELBOWS_FLARED,pushup_elbows_01.mp4,123
144.5747582616419,176.86691212738359,1.1529633934728287,0.20956002833371368,111.02418081156195,0.049518436193466187,0.19560804963111877,168.13981997376916,ELBOWS_FLARED,pushup_elbows_01.mp4,126
150.5165832725589,175.47080581957425,1.118967511430815,0.20582340782635591,107.26955530559202,0.05991721153259277,0.19654369354248047,171.1299485553646,ELBOWS_FLARED,pushup_elbows_01.mp4,129
137.58552145292077,173.9915088711266,1.0892786609956335,0.20606684956479743,103.43911326102307,0.06993517279624939,0.20042365789413452,170.53406690530815,ELBOWS_FLARED,pushup_elbows_01.mp4,132
131.69398140437718,174.6929708277168,1.0662845411504804,0.20570054170788127,100.27126293550084,0.07963293790817261,0.20240378379821777,164.13829088766073,ELBOWS_FLARED,pushup_elbows_01.mp4,135
117.82134345152085,174.78312620934173,1.044892347844707,0.20721656003746952,97.17061374149777,0.08385470509529114,0.2055957317352295,165.90487858083776,ELBOWS_FLARED,pushup_elbows_01.mp4,138
115.25480251493502,177.38619916926683,1.0390656978299475,0.20639704485023658,96.43093962390937,0.08445778489112854,0.20509818196296692,165.2560177346428,ELBOWS_FLARED,pushup_elbows_01.mp4,141
112.61966525480665,178.06668657571325,1.035046968511246,0.20664124802026942,95.86290111390832,0.0877474844455719,0.20556023716926575,165.42171773536185,ELBOWS_FLARED,pushup_elbows_01.mp4,144
97.96477641773814,179.5591787981219,1.0363689760090768,0.20680036610508476,96.11789156258511,0.08735603094100952,0.20562246441841125,166.2594459507921,ELBOWS_FLARED,pushup_elbows_01.mp4,147
97.19812793090419,176.19221453301472,1.0464092364674222,0.2071460462831538,97.79629426276429,0.08601057529449463,0.20523113012313843,166.07620399022494,ELBOWS_FLARED,pushup_elbows_01.mp4,150
95.29957349150864,177.02989903920013,1.0441176901411422,0.20631197467328743,97.49935720192114,0.08497479557991028,0.20454707741737366,162.202413315506,ELBOWS_FLARED,pushup_elbows_01.mp4,153
102.30201275256239,177.8240213257689,1.0518919645097369,0.2055663881819213,98.76086683813818,0.08519455790519714,0.20316773653030396,159.76417781793566,ELBOWS_FLARED,pushup_elbows_01.mp4,156
107.86781312241398,177.93427669291697,1.0585391767756873,0.2059016734587192,99.74779607435099,0.08548647165298462,0.20292869210243225,159.560928939596,ELBOWS_FLARED,pushup_elbows_01.mp4,159
106.0679669357148,176.95915873033988,1.067833478419413,0.20695796899205332,101.11049382219704,0.0848836600780487,0.20307865738868713,158.43523697552914,ELBOWS_FLARED,pushup_elbows_01.mp4,162
114.31536926560601,178.04196526317511,1.0788305390484074,0.20831262241644793,102.51090807164923,0.08474487066268921,0.20336571335792542,155.72069599801824,ELBOWS_FLARED,pushup_elbows_01.mp4,165
132.1791633852992,179.57123749343268,1.0825049968868024,0.20739848205979367,102.90076575318116,0.0746450126171112,0.20216286182403564,154.94613058549106,ELBOWS_FLARED,pushup_elbows_01.mp4,168
146.3276496477852,179.44332897657353,1.097633979273082,0.20754984070558333,104.87258258403125,0.0689811110496521,0.20059603452682495,151.9568884006605,ELBOWS_FLARED,pushup_elbows_01.mp4,171
137.93114986192913,179.39387500208454,1.119468736587835,0.2078079870462897,107.55990301433175,0.06578695774078369,0.19812360405921936,150.87792417459792,ELBOWS_FLARED,pushup_elbows_01.mp4,174
140.98314537483822,179.08071716581992,1.1423788827509676,0.20798938690649954,110.15609274037604,0.05194884538650513,0.19525030255317688,146.72373417955973,ELBOWS_FLARED,pushup_elbows_01.mp4,177
144.7858398089014,178.93293716518514,1.174475742802735,0.21084443318606275,113.61477038964512,0.04348298907279968,0.1931864619255066,153.15160659919667,ELBOWS_FLARED,pushup_elbows_01.mp4,180
146.5321249529722,177.37252317204985,1.2107345206563733,0.21523820142296543,116.97657315098476,0.042691171169281006,0.1918162703514099,155.99316131888727,ELBOWS_FLARED,pushup_elbows_01.mp4,183
151.99878122659868,177.13664238128177,1.249534152084099,0.22166949960044846,119.89429430166949,0.038398176431655884,0.19217270612716675,157.80526978595182,ELBOWS_FLARED,pushup_elbows_01.mp4,186
157.58288783854422,175.76843225432103,1.278630145866514,0.22428399191604767,122.23615167660998,0.03367385268211365,0.18970876932144165,161.3306653344223,ELBOWS_FLARED,pushup_elbows_01.mp4,189
160.4159096064748,177.04933645425174,1.2921843106718487,0.22685744984186093,122.67987817165624,0.030191153287887573,0.19094255566596985,158.51455538832806,ELBOWS_FLARED,pushup_elbows_01.mp4,192
162.58754363738382,177.0098629258067,1.30893112467508,0.2291904737123051,123.69906477711027,0.027719885110855103,0.1906743347644806,159.34467929555643,ELBOWS_FLARED,pushup_elbows_01.mp4,195
163.33931992292415,178.29557955302184,1.3029917225280099,0.2262389509257553,123.46411985114835,0.02333146333694458,0.18873196840286255,159.23232856564022,ELBOWS_FLARED,pushup_elbows_01.mp4,198
163.21506930906742,178.54231756767814,1.3029040318470817,0.22805195456950034,123.2595524202905,0.024708926677703857,0.1906922459602356,161.83078315099743,ELBOWS_FLARED,pushup_elbows_01.mp4,201
162.169408580512,179.63649279439227,1.287419619554503,0.22606923192231965,122.16407015430366,0.02666860818862915,0.1913703978061676,165.74349376116373,ELBOWS_FLARED,pushup_elbows_01.mp4,204
160.77250137078912,179.61627359545972,1.2740012141860015,0.22320787228463473,121.43948204834017,0.02824386954307556,0.19043588638305664,166.02304378788278,ELBOWS_FLARED,pushup_elbows_01.mp4,207
155.28952060491707,178.60418919586087,1.2421815615686187,0.2198002754824423,119.36848362775703,0.03410640358924866,0.19154959917068481,171.3472780032297,ELBOWS_FLARED,pushup_elbows_01.mp4,210
152.0711499897175,178.30395812609447,1.1999885591834085,0.2158363798036718,115.44275506488403,0.0405411422252655,0.19490143656730652,171.87699471207105,ELBOWS_FLARED,pushup_elbows_01.mp4,213
149.7886845906512,178.1830353840711,1.1702933023429343,0.21112401369146422,112.96568988927076,0.042606860399246216,0.19438838958740234,172.38446339828658,ELBOWS_FLARED,pushup_elbows_01.mp4,216
143.0939913982532,177.78443524650274,1.1474520326939246,0.20814246196407196,110.69312488763286,0.052594155073165894,0.19471311569213867,174.25515624127175,ELBOWS_FLARED,pushup_elbows_01.mp4,219
138.67976744092698,175.55892764688727,1.1091890552209396,0.20587766699552817,106.17386458264029,0.06584039330482483,0.19772839546203613,171.1572126347284,ELBOWS_FLARED,pushup_elbows_01.mp4,222
131.19424961065192,175.32876628606545,1.0902490764684865,0.20623608659862466,103.71004419943434,0.07392856478691101,0.20035934448242188,169.84435788174946,ELBOWS_FLARED,pushup_elbows_01.mp4,225
129.15464878254704,176.18510093158292,1.0734110876188263,0.2065868235958403,101.37797840442859,0.077557772397995,0.20252639055252075,166.82259580797535,ELBOWS_FLARED,pushup_elbows_01.mp4,228
120.49838949344182,176.37718805902287,1.0520978495949544,0.2055044615781574,98.41311042846432,0.08266550302505493,0.20329278707504272,168.69739042851972,ELBOWS_FLARED,pushup_elbows_01.mp4,231
119.92817280325018,177.14122246660963,1.0446395885283442,0.20704389976685744,97.29829536957762,0.08601567149162292,0.205366313457489,170.08155644560824,ELBOWS_FLARED,pushup_elbows_01.mp4,234
111.30041588251831,179.07187722862108,1.0411874146091435,0.20784629744227823,96.81012260274252,0.08674779534339905,0.2063797116279602,170.35880820859924,ELBOWS_FLARED,pushup_elbows_01.mp4,237
105.58907866046378,179.4672275210311,1.0407820408195683,0.20808436473350772,96.75711035498826,0.09144526720046997,0.20663884282112122,167.68435497828912,ELBOWS_FLARED,pushup_elbows_01.mp4,240
88.75175195599893,176.91027644898605,1.0477050509972161,0.20752015216730352,97.9524287335219,0.0900111198425293,0.2055242955684662,166.3031107386622,ELBOWS_FLARED,pushup_elbows_01.mp4,243
85.52423808520324,174.25250795789498,1.049282205185761,0.20744687632657266,98.33036502801558,0.08714956045150757,0.20525792241096497,164.53079476614766,ELBOWS_FLARED,pushup_elbows_01.mp4,246
79.02963836316236,176.75455108442026,1.0378235859258247,0.20719897184913522,96.47316983884771,0.08466136455535889,0.2058779001235962,166.80690992990887,ELBOWS_FLARED,pushup_elbows_01.mp4,249
77.06251036923673,175.58695582817785,1.0454163821552507,0.20795143322570134,97.7402589436691,0.08183842897415161,0.20605656504631042,170.01134837134472,ELBOWS_FLARED,pushup_elbows_01.mp4,252
67.79957845161547,174.55011601894824,1.0511926272394145,0.20712307059443577,98.69945063466086,0.07728645205497742,0.20473995804786682,165.42549490657734,ELBOWS_FLARED,pushup_elbows_01.mp4,255
65.20762886367591,175.95404448723932,1.046185920982212,0.20701192184388537,97.86302106794727,0.07784324884414673,0.20506539940834045,165.6159797282743,ELBOWS_FLARED,pushup_elbows_01.mp4,258
67.56369822355501,177.54429206609885,1.0435818601748288,0.20697898308087098,97.42074205113259,0.07466787099838257,0.2052452564239502,167.19798433248613,ELBOWS_FLARED,pushup_elbows_01.mp4,261
68.75731880464149,176.0316482296156,1.0511330290010845,0.20740031290687802,98.66026660849447,0.07492789626121521,0.20503541827201843,167.78833464410855,ELBOWS_FLARED,pushup_elbows_01.mp4,264
67.95031757478147,173.79251421742538,1.058338735639183,0.207204344423586,99.87003697919482,0.07510954141616821,0.20413723587989807,166.34811800101448,ELBOWS_FLARED,pushup_elbows_01.mp4,267
71.47719949832711,172.73444126753202,1.0620559908450777,0.2079666083528197,100.42488025077905,0.07336461544036865,0.20453336834907532,167.2778926367018,ELBOWS_FLARED,pushup_elbows_01.mp4,270
90.92768837944737,173.32271673636922,1.0684470632997418,0.20897651476407525,101.2910063959656,0.07404747605323792,0.20493146777153015,165.33683282681585,ELBOWS_FLARED,pushup_elbows_01.mp4,273
101.56232290532763,176.92228294006526,1.0714860203183059,0.20915933034168507,101.57912435270073,0.07953190803527832,0.20490220189094543,165.5885215464412,ELBOWS_FLARED,pushup_elbows_01.mp4,276
115.39245566241195,179.3210012011809,1.078048266929374,0.20935195632284012,102.27097668240289,0.08029741048812866,0.2045685052871704,159.03226033302911,ELBOWS_FLARED,pushup_elbows_01.mp4,279
139.362033281276,177.59378673868483,1.1003105563585274,0.21015610825266512,105.28463726421138,0.07230949401855469,0.20272177457809448,155.3135743911335,ELBOWS_FLARED,pushup_elbows_01.mp4,282
143.9548819098405,177.04209484503443,1.1297460550945373,0.2119487832676283,108.8443765449494,0.06329873204231262,0.20058709383010864,155.28717234153333,ELBOWS_FLARED,pushup_elbows_01.mp4,285
140.35407345312007,176.0931191034572,1.1564376415202153,0.21418816087354836,111.94256853876658,0.05968832969665527,0.1986706256866455,156.4919175263166,ELBOWS_FLARED,pushup_elbows_01.mp4,288
141.17670343748122,176.33912870251697,1.1927671597141432,0.218750454175264,115.25429930443725,0.051285773515701294,0.19784095883369446,157.977470000758,ELBOWS_FLARED,pushup_elbows_01.mp4,291
148.94866238024443,175.25612670748347,1.2228495307994423,0.21991801432914498,118.13331698721319,0.04753774404525757,0.19393280148506165,162.1175970577443,ELBOWS_FLARED,pushup_elbows_01.mp4,294
155.35213397959265,171.2408501404575,1.2884410835380544,0.2288159361137597,123.39214747771234,0.041152000427246094,0.19104012846946716,162.49759247096682,ELBOWS_FLARED,pushup_elbows_01.mp4,297
158.18238302743455,170.62156238345676,1.3163174889873108,0.2319720412499205,125.2931949830793,0.03804287314414978,0.18933293223381042,159.0968332178376,ELBOWS_FLARED,pushup_elbows_01.mp4,300
158.03111991471138,172.17220886732179,1.3195087366004143,0.22995101724140984,125.53267077002381,0.03371131420135498,0.18712636828422546,157.82867885874256,ELBOWS_FLARED,pushup_elbows_01.mp4,303
159.6592418935451,173.87085277885544,1.3306128388884886,0.2334082761214194,125.45912589057173,0.03323400020599365,0.19011381268501282,158.61699367073535,ELBOWS_FLARED,pushup_elbows_01.mp4,306
162.0578787259697,174.8036928757748,1.3202194386627144,0.23063501636319794,124.87848381561847,0.028434544801712036,0.18920129537582397,158.80072738251178,ELBOWS_FLARED,pushup_elbows_01.mp4,309
162.2651890165069,174.78831849752996,1.3165407108444624,0.23132984944384086,124.51997917979017,0.028598278760910034,0.19059538841247559,161.10722591944682,ELBOWS_FLARED,pushup_elbows_01.mp4,312
161.2176987391332,174.01845332931754,1.3156780572174005,0.2307041429934667,124.73967161649121,0.03164571523666382,0.1895771026611328,167.30456919185738,ELBOWS_FLARED,pushup_elbows_01.mp4,315
159.6088146638038,174.2127541039651,1.304260113718815,0.22875571159602195,124.1240172265294,0.033637017011642456,0.189365953207016,167.17743711353017,ELBOWS_FLARED,pushup_elbows_01.mp4,318
156.47176545604452,173.42079129920094,1.2996082327065461,0.229608364990631,123.83972912210712,0.039719074964523315,0.19070863723754883,168.40369220799423,ELBOWS_FLARED,pushup_elbows_01.mp4,321
155.65237910626314,173.06285111886734,1.2868312843246703,0.22898214673016704,123.1147559515431,0.04545441269874573,0.19178685545921326,168.66487482226967,ELBOWS_FLARED,pushup_elbows_01.mp4,324
152.24348930464086,178.5406229985943,1.2024891094651642,0.21433425304482046,116.38984372809314,0.04473957419395447,0.19199639558792114,168.1525072024486,ELBOWS_FLARED,pushup_elbows_01.mp4,327
146.40822344836002,179.6460291366781,1.1750433822330728,0.2130513586462684,113.51010242627349,0.044168680906295776,0.19536417722702026,168.4540504683858,ELBOWS_FLARED,pushup_elbows_01.mp4,330
146.05274019603135,178.29046333537715,1.1364228983447933,0.20871690757326455,109.4612515470327,0.055225223302841187,0.19679111242294312,171.13707157151902,ELBOWS_FLARED,pushup_elbows_01.mp4,333
140.656297133985,179.1599168958805,1.1160691036628498,0.20957749420695312,106.95926336353051,0.06024092435836792,0.20046257972717285,169.630694505073,ELBOWS_FLARED,pushup_elbows_01.mp4,336
134.06341135815185,177.82082798496984,1.090914651870088,0.2080230452645045,103.79604225669014,0.07762843370437622,0.20202115178108215,167.9934222202083,ELBOWS_FLARED,pushup_elbows_01.mp4,339
122.38320917970059,177.97898536104407,1.0707299599275217,0.2074781157857105,101.07791066148998,0.0847952663898468,0.20361176133155823,167.47893645568712,ELBOWS_FLARED,pushup_elbows_01.mp4,342
118.12082931283247,179.02528029161064,1.05892400911512,0.20858773596454666,99.37716475433787,0.08948373794555664,0.2058001458644867,166.15696020205638,ELBOWS_FLARED,pushup_elbows_01.mp4,345
114.57296480874975,179.43088340556926,1.0536953502577562,0.20891867767892525,98.69768971794342,0.09215700626373291,0.20651587843894958,166.62149106403905,ELBOWS_FLARED,pushup_elbows_01.mp4,348
109.31592551346326,178.43156573947599,1.045996800675232,0.20919901710153016,97.57999718446543,0.09215259552001953,0.207370787858963,168.44024120510102,ELBOWS_FLARED,pushup_elbows_01.mp4,351
103.1716619646939,175.73042913873746,1.0529706344402732,0.2089212270388453,98.77042963019979,0.09066382050514221,0.20647811889648438,167.94295145090575,ELBOWS_FLARED,pushup_elbows_01.mp4,354
97.6082997370229,175.30343709322378,1.0536381682645632,0.20893455062673494,98.95169483426311,0.09071868658065796,0.20638945698738098,169.9169884699166,ELBOWS_FLARED,pushup_elbows_01.mp4,357
95.82875965256848,176.84538699105914,1.0498171939386922,0.2081316979231366,98.38945975001623,0.0908026397228241,0.2059043049812317,170.1876595053199,ELBOWS_FLARED,pushup_elbows_01.mp4,360
90.93469871809518,178.9234130712542,1.0420610517964357,0.20751406403201803,97.12866884762848,0.08731794357299805,0.2059098184108734,170.85466414589322,ELBOWS_FLARED,pushup_elbows_01.mp4,363
102.08612256701828,176.98929477575902,1.0536510689219625,0.208730294282758,98.90239613698347,0.0820106565952301,0.20621556043624878,169.068072633573,ELBOWS_FLARED,pushup_elbows_01.mp4,366
113.70022278657027,177.0475170389619,1.0564867182313196,0.20627059421724228,99.39642919683084,0.07952752709388733,0.20350265502929688,165.27806789889266,ELBOWS_FLARED,pushup_elbows_01.mp4,369
118.60300780072357,178.82136427005813,1.0537470810376819,0.20533000657888764,98.79203377942196,0.07976120710372925,0.20291706919670105,158.33438449690317,ELBOWS_FLARED,pushup_elbows_01.mp4,372
132.71218556359685,177.11441084587437,1.065348417169914,0.20629112827028445,100.3427415508003,0.07360440492630005,0.20293885469436646,154.9008656506469,ELBOWS_FLARED,pushup_elbows_01.mp4,375
140.14787764931242,177.21693870587367,1.0803163056541625,0.20605831833966434,102.44199547806306,0.06443902850151062,0.20121848583221436,152.5993210718548,ELBOWS_FLARED,pushup_elbows_01.mp4,378
148.82527547114546,178.73825171136596,1.1069924587529254,0.20726278439439522,106.04326761559234,0.0640970766544342,0.19918978214263916,153.44839352827816,ELBOWS_FLARED,pushup_elbows_01.mp4,381
142.71439685741018,179.5622946226772,1.141610265022829,0.21042676316160214,109.96686501113562,0.05500900745391846,0.19777682423591614,153.88025765101304,ELBOWS_FLARED,pushup_elbows_01.mp4,384
145.34095671840367,176.07143762215404,1.190371397717855,0.21641071015051153,114.9466065612772,0.04895976185798645,0.19621789455413818,160.04094811828082,ELBOWS_FLARED,pushup_elbows_01.mp4,387
154.83880579846735,172.57801096751254,1.2390722251536201,0.21856104183013403,119.99430274734927,0.04363203048706055,0.18928739428520203,159.9248868691747,ELBOWS_FLARED,pushup_elbows_01.mp4,390
159.147053272171,170.3944033058916,1.299656396561386,0.22909587387230523,124.20519262657243,0.035252511501312256,0.1894652545452118,162.47420070438704,ELBOWS_FLARED,pushup_elbows_01.mp4,393
163.8980193841411,170.0182933463756,1.321528386481622,0.2281109356726641,126.43414550287389,0.028789877891540527,0.18351998925209045,163.60929212761485,ELBOWS_FLARED,pushup_elbows_01.mp4,396
165.5440232994687,172.8133793407444,1.3166572810382353,0.23024429419564227,125.25560514083419,0.02664947509765625,0.18800997734069824,163.33613110476793,ELBOWS_FLARED,pushup_elbows_01.mp4,399
166.7134709168429,173.26586259493106,1.3255289976748847,0.2323008191311312,125.52443512527977,0.02552896738052368,0.18905800580978394,161.51440472586495,ELBOWS_FLARED,pushup_elbows_01.mp4,402
166.1029738990092,174.20346014120435,1.3162711382630685,0.23174722267051479,124.7723442494319,0.024919509887695312,0.19035890698432922,161.86232732672968,ELBOWS_FLARED,pushup_elbows_01.mp4,405
163.36268397358157,174.80674581539233,1.30976147089582,0.22985670353346507,124.38989154731293,0.028138846158981323,0.1896769106388092,161.4500890693997,ELBOWS_FLARED,pushup_elbows_01.mp4,408
161.08671260877034,174.56227467028478,1.30946879433308,0.2312776209000163,124.2214939228629,0.03240707516670227,0.1912326216697693,163.24686685131434,ELBOWS_FLARED,pushup_elbows_01.mp4,411
158.55168385258156,175.16551297069037,1.2953859341884375,0.2295074917288834,123.23122592132756,0.03477880358695984,0.1919715702533722,164.16928519178694,ELBOWS_FLARED,pushup_elbows_01.mp4,414
155.27801100794665,176.23648458483555,1.2752801164133736,0.22593209349665244,121.86509766257053,0.042164146900177,0.19187936186790466,164.15056560702175,ELBOWS_FLARED,pushup_elbows_01.mp4,417
150.88653976809817,179.26545422756286,1.2239637845745048,0.22015303927487528,117.60835546848556,0.045153409242630005,0.1950831115245819,165.50228797034228,ELBOWS_FLARED,pushup_elbows_01.mp4,420
145.5372357214821,179.24747110462127,1.1821627405471864,0.214041096187443,114.02422377034532,0.04566583037376404,0.19549763202667236,168.7618017430215,ELBOWS_FLARED,pushup_elbows_01.mp4,423
140.82107457425565,177.98674264577843,1.1466776736753859,0.2103522759267652,110.39434480847746,0.04859745502471924,0.1971653401851654,168.9688620401531,ELBOWS_FLARED,pushup_elbows_01.mp4,426
146.9730799865241,177.79731066164402,1.1201616718217375,0.20765154544784664,107.51988681944316,0.0656537413597107,0.1980181634426117,173.54981568136444,ELBOWS_FLARED,pushup_elbows_01.mp4,429
137.9312761942038,177.83927019168536,1.1021442092026763,0.20852007120026161,105.29195006875845,0.07708513736724854,0.20113658905029297,173.4636906185919,ELBOWS_FLARED,pushup_elbows_01.mp4,432
129.6552139872002,179.5036733470899,1.0889769039677473,0.20964153054266343,103.59836459642544,0.08656981587409973,0.20376423001289368,169.40280652658322,ELBOWS_FLARED,pushup_elbows_01.mp4,435
118.947685435071,177.8567919347479,1.0562382226497413,0.20896822087705552,98.933036074716,0.09128269553184509,0.20643329620361328,167.8660136292978,ELBOWS_FLARED,pushup_elbows_01.mp4,438
113.6686547838077,179.5169463450908,1.0454936211680934,0.2096544440640295,97.40260267165242,0.09177547693252563,0.20790687203407288,171.6026888268184,ELBOWS_FLARED,pushup_elbows_01.mp4,441
114.61385618354342,179.20732941458238,1.035621711440284,0.2090021485230586,95.90309433360278,0.09134796261787415,0.2078937590122223,170.00518167907566,ELBOWS_FLARED,pushup_elbows_01.mp4,444
109.3658342960118,178.093747198788,1.037445303780089,0.2098555795003029,96.24304393050897,0.09446761012077332,0.2086109220981598,170.97005201566316,ELBOWS_FLARED,pushup_elbows_01.mp4,447
102.55763169422319,177.37597943781665,1.03559615311912,0.20939181774620577,95.99965141161996,0.09478321671485901,0.20824477076530457,167.41229210573886,ELBOWS_FLARED,pushup_elbows_01.mp4,450
93.58389643067,178.11827245720016,1.0295848266157974,0.20876955490828075,95.04014987542959,0.08908694982528687,0.2079622447490692,166.46013079183766,ELBOWS_FLARED,pushup_elbows_01.mp4,453
74.19985016219947,176.82996726179408,1.0358189980954993,0.20881859102957445,96.07977418790996,0.08393475413322449,0.20764395594596863,166.42789256197588,ELBOWS_FLARED,pushup_elbows_01.mp4,456
80.15008137404396,176.4871524594678,1.0402682301575144,0.20908110803941068,96.78673959228897,0.08178561925888062,0.2076159119606018,165.7957554586871,ELBOWS_FLARED,pushup_elbows_01.mp4,459
79.40229584027536,175.57146573041976,1.0493788980811118,0.21080983304574993,98.16217499083474,0.08008033037185669,0.20867416262626648,164.85314221648068,ELBOWS_FLARED,pushup_elbows_01.mp4,462
87.38672472666968,176.72515331259925,1.051019868594285,0.2103293845151635,98.34796446002525,0.080258309841156,0.20810064673423767,162.87324130272754,ELBOWS_FLARED,pushup_elbows_01.mp4,465
97.91104793449709,177.8960598941436,1.0556634597645933,0.21068380866871877,98.95203040715455,0.08070281147956848,0.20811721682548523,159.16569511273013,ELBOWS_FLARED,pushup_elbows_01.mp4,468
111.7008515380248,179.62048993738435,1.0645048962871448,0.21130806558860227,100.07177167094136,0.08056673407554626,0.2080513834953308,154.14021077125437,ELBOWS_FLARED,pushup_elbows_01.mp4,471
138.3622665691063,179.61746767013568,1.083344281261512,0.21199600374233854,102.72507570074983,0.07468223571777344,0.20678851008415222,157.46374143985753,ELBOWS_FLARED,pushup_elbows_01.mp4,474
148.89611734154144,177.49724345072002,1.1163005419830867,0.2099968657166227,107.26558120722585,0.06659731268882751,0.20053333044052124,153.8133202316926,ELBOWS_FLARED,pushup_elbows_01.mp4,477
140.13264980362965,176.22545417094977,1.1369512995101838,0.21027524949864954,109.85673340613779,0.057520002126693726,0.1977720856666565,149.30797895084413,ELBOWS_FLARED,pushup_elbows_01.mp4,480
137.86241377734882,173.2351944941014,1.1806478991426632,0.2164280613222777,114.47828786795749,0.046048134565353394,0.1969732642173767,146.87107561697005,ELBOWS_FLARED,pushup_elbows_01.mp4,483
144.60860921478698,171.1655583108317,1.2137209874139996,0.22025809508651395,117.64975459330877,0.04343751072883606,0.19510239362716675,153.424823167121,ELBOWS_FLARED,pushup_elbows_01.mp4,486
155.4585898510301,167.6586135501695,1.272573934643981,0.22716209629682485,122.95009146602446,0.03634640574455261,0.1906183362007141,156.46249501896173,ELBOWS_FLARED,pushup_elbows_01.mp4,489
159.75808929449377,170.04110166837816,1.281054761570843,0.22963550162774415,123.26352747710841,0.03162109851837158,0.1920076608657837,160.89600398712784,ELBOWS_FLARED,pushup_elbows_01.mp4,492
161.91323092081834,168.1029520491789,1.321325496526926,0.23754071796182055,125.8927917393023,0.030056357383728027,0.19243115186691284,165.6864974726329,ELBOWS_FLARED,pushup_elbows_01.mp4,495
162.0321711631462,171.2917777249577,1.3246977588660438,0.24034210257068295,125.0522431495079,0.030438899993896484,0.19674691557884216,167.610129208257,ELBOWS_FLARED,pushup_elbows_01.mp4,498
160.5457007688581,172.26896438323072,1.3198893768706823,0.2380029806408353,124.82797682975797,0.02951633930206299,0.19536563754081726,166.9235145767834,ELBOWS_FLARED,pushup_elbows_01.mp4,501
161.5634458825661,172.55364893618764,1.3281577680717296,0.23858642212940237,125.27209938436215,0.028682202100753784,0.19478237628936768,166.42267097982892,ELBOWS_FLARED,pushup_elbows_01.mp4,504
162.01817214903627,173.2896202198033,1.3298755935802007,0.23627552177982938,125.7497549855963,0.026956528425216675,0.19175145030021667,164.67697119395103,ELBOWS_FLARED,pushup_elbows_01.mp4,507
161.52283706746317,175.01067643019528,1.3176749145128737,0.23529396741026085,124.60915007232566,0.02851736545562744,0.19365376234054565,163.35341744628425,ELBOWS_FLARED,pushup_elbows_01.mp4,510
162.07162127780416,174.6364666210455,1.3117677633069564,0.232848723003422,124.55825354574316,0.028761327266693115,0.1917586326599121,162.98310158215048,ELBOWS_FLARED,pushup_elbows_01.mp4,513
160.35577487037182,174.30697826657044,1.30456334451382,0.23189458845546906,124.07428576105335,0.03150445222854614,0.19207724928855896,163.55039207878033,ELBOWS_FLARED,pushup_elbows_01.mp4,516
159.68987338053032,173.70450849213026,1.3054078031197154,0.23223881625748335,124.1663879679263,0.0322226881980896,0.1921529471874237,163.24721002619805,ELBOWS_FLARED,pushup_elbows_01.mp4,519
158.30831503966115,173.1553237701187,1.303801032548647,0.23211599732502536,124.16506695808586,0.03496098518371582,0.19205433130264282,163.55988114610068,ELBOWS_FLARED,pushup_elbows_01.mp4,522
153.91900586063463,172.21582126172768,1.2931268273775085,0.2304765085808617,123.65132923156514,0.04171755909919739,0.19185075163841248,162.7967301452123,ELBOWS_FLARED,pushup_elbows_01.mp4,525
150.46911622837607,173.1242327878669,1.252758550662261,0.22293843337911476,120.85927223765984,0.04158097505569458,0.19137391448020935,161.6188992080487,ELBOWS_FLARED,pushup_elbows_01.mp4,528
145.7586834287698,177.50093985630966,1.1843872718712787,0.21431786790754923,114.62078845165912,0.041767388582229614,0.1948312520980835,163.95551489487087,ELBOWS_FLARED,pushup_elbows_01.mp4,531
135.80695946764976,178.09328081156102,1.1607242280625651,0.21030586091098202,112.35727725393643,0.05200442671775818,0.19449558854103088,160.48767414691412,ELBOWS_FLARED,pushup_elbows_01.mp4,534
143.2828193446522,178.82319266606083,1.136278364793777,0.2078190394589751,109.8230218793895,0.05682721734046936,0.19550341367721558,167.7666555843097,ELBOWS_FLARED,pushup_elbows_01.mp4,537
131.80073650432038,178.8278402842827,1.119197672744547,0.20686479006452038,107.85030328330512,0.06758749485015869,0.1969054639339447,171.60376674987336,ELBOWS_FLARED,pushup_elbows_01.mp4,540
128.61125952310385,178.87698369321896,1.1029632259349753,0.2081850908901548,105.71992811150047,0.08511430025100708,0.20039770007133484,172.50899839557115,ELBOWS_FLARED,pushup_elbows_01.mp4,543
119.9205589386552,177.21074944164903,1.0841636142783884,0.2100578982845727,103.21724296476314,0.08834108710289001,0.2044929563999176,174.81793695433814,ELBOWS_FLARED,pushup_elbows_01.mp4,546
118.51879795099941,177.75097696153514,1.0664660358600462,0.20868128920854748,100.76405972229408,0.08718216419219971,0.2050091028213501,168.6680807520312,ELBOWS_FLARED,pushup_elbows_01.mp4,549
118.00390358766481,177.2880849766579,1.05948091210536,0.21005828959810444,99.72021409432847,0.089262455701828,0.207042396068573,168.90242860279548,ELBOWS_FLARED,pushup_elbows_01.mp4,552
115.44805668006502,177.33388520516618,1.0520738489599335,0.20941288198739239,98.64767731228785,0.09108245372772217,0.2070319652557373,169.3085577625411,ELBOWS_FLARED,pushup_elbows_01.mp4,555
119.42324348427431,176.3492191373512,1.0596245597286502,0.20907907028396946,99.83922833341056,0.0891965925693512,0.20600345730781555,168.68586383024086,ELBOWS_FLARED,pushup_elbows_01.mp4,558
120.39783891510884,175.4915698583129,1.064424003964874,0.2090332080989711,100.58688044717243,0.08940604329109192,0.2054745852947235,168.42800727768937,ELBOWS_FLARED,pushup_elbows_01.mp4,561
125.81386838438954,173.37627506282428,1.0780368669426375,0.2094059172436454,102.63178514810342,0.08832773566246033,0.20433688163757324,168.6110188588684,ELBOWS_FLARED,pushup_elbows_01.mp4,564
127.44249942317903,175.685069735806,1.0707376519630343,0.20724279445735408,101.54366971625863,0.08445265889167786,0.2030503749847412,166.86265699781075,ELBOWS_FLARED,pushup_elbows_01.mp4,567
138.71732545062693,176.56748744650457,1.0859944694025514,0.20706776000620677,103.68142491010543,0.0747961699962616,0.20119181275367737,163.9287379956803,ELBOWS_FLARED,pushup_elbows_01.mp4,570
132.64381323589689,178.5521516112635,1.101019837732813,0.207404157660933,105.51509332114628,0.06364268064498901,0.19984561204910278,158.0025671843107,ELBOWS_FLARED,pushup_elbows_01.mp4,573
135.2677017941895,177.56072627366981,1.1248857071985907,0.2081735782973948,108.4195143535425,0.05678907036781311,0.19750747084617615,149.08174004546757,ELBOWS_FLARED,pushup_elbows_01.mp4,576
145.953955831886,176.57091443845798,1.1562422540159982,0.2108533597355242,111.87404741182415,0.045740753412246704,0.19567149877548218,146.1246721466948,ELBOWS_FLARED,pushup_elbows_01.mp4,579
146.77775957532305,174.59551536280438,1.188276465108669,0.21256628271049033,115.45295308461513,0.03822287917137146,0.19193223118782043,149.38783897798282,ELBOWS_FLARED,pushup_elbows_01.mp4,582
150.81914404547678,170.98997561496788,1.2361305377157272,0.21919670710240893,120.02631961761358,0.03552138805389404,0.18977665901184082,154.3763795822225,ELBOWS_FLARED,pushup_elbows_01.mp4,585
156.4394315757739,169.82283769573326,1.2705499166132102,0.22505256693661158,122.82447021528056,0.033078134059906006,0.18911609053611755,157.6831092713325,ELBOWS_FLARED,pushup_elbows_01.mp4,588
156.70903892646817,170.47894541996578,1.3103834487178436,0.23295692410600613,125.20033737594908,0.03407829999923706,0.19035470485687256,163.7468616416644,ELBOWS_FLARED,pushup_elbows_01.mp4,591
161.48232058742724,170.2812608913064,1.3274170210089373,0.2363721215062772,126.11001566741274,0.027507275342941284,0.19095763564109802,164.4684489770953,ELBOWS_FLARED,pushup_elbows_01.mp4,594
162.83896026594692,171.26704875292987,1.3188308413460985,0.23501912228099306,125.37043217596316,0.024538278579711914,0.19163674116134644,165.42318552284294,ELBOWS_FLARED,pushup_elbows_01.mp4,597
163.5384646762679,170.69281741132698,1.3414359014993829,0.24098669217777688,126.41349547974146,0.023687392473220825,0.19393062591552734,164.8885445479475,ELBOWS_FLARED,pushup_elbows_01.mp4,600
162.80051976733893,170.62647134785385,1.3396025157232705,0.2415213089386236,126.24981551457257,0.025195568799972534,0.19476968050003052,166.19892832490052,ELBOWS_FLARED,pushup_elbows_01.mp4,603
159.92032065248125,171.39289653864643,1.3274652997235958,0.2399517631473281,125.43871779670398,0.028842806816101074,0.19549325108528137,163.26326230278025,ELBOWS_FLARED,pushup_elbows_01.mp4,606
154.37567433054818,171.98886054396337,1.308284503390052,0.23578772508533047,124.35535627976152,0.03529214859008789,0.1946515142917633,163.15435814076378,ELBOWS_FLARED,pushup_elbows_01.mp4,609
151.11614158334064,173.04849017892835,1.2844926066777493,0.23148206274242775,122.72529701496973,0.038803309202194214,0.19473594427108765,162.2358695489348,ELBOWS_FLARED,pushup_elbows_01.mp4,612
148.93469218676228,175.89134093467388,1.2262805319867032,0.21906376541722825,118.56470008835427,0.03913953900337219,0.19239622354507446,162.92312512627254,ELBOWS_FLARED,pushup_elbows_01.mp4,615
143.80531224785588,176.10252951911883,1.179388022347585,0.21219804824060418,114.38716609684079,0.04298514127731323,0.19326305389404297,160.41674362064322,ELBOWS_FLARED,pushup_elbows_01.mp4,618
132.5424477357322,174.6851691924229,1.1675171264659787,0.21062733121494773,113.52608820282997,0.05677902698516846,0.1931179165840149,158.128259843342,ELBOWS_FLARED,pushup_elbows_01.mp4,621
138.67015383029172,174.80968930483985,1.1457286870038172,0.20875801382357176,111.27748986868998,0.06171634793281555,0.19452637434005737,160.9843577591001,ELBOWS_FLARED,pushup_elbows_01.mp4,624
144.9244216410615,174.118783839154,1.1339375601259507,0.20797933235611069,110.07981892670945,0.06691458821296692,0.19533610343933105,165.47732553230463,ELBOWS_FLARED,pushup_elbows_01.mp4,627
142.75090668722228,175.1098726019105,1.1135373375247937,0.20732278115555067,107.48673372665908,0.0750432014465332,0.19774073362350464,168.74904219093165,ELBOWS_FLARED,pushup_elbows_01.mp4,630
136.19776400921648,176.09272670527412,1.0946529358028505,0.20638511556220807,104.92080719858511,0.08225879073143005,0.19942566752433777,168.88922283917475,ELBOWS_FLARED,pushup_elbows_01.mp4,633
129.81242118140688,176.97984355076122,1.0767294171647195,0.2042310822710682,102.50396869705045,0.08307245373725891,0.19938644766807556,166.14596955750685,ELBOWS_FLARED,pushup_elbows_01.mp4,636
125.35092238565088,175.7574563826767,1.067511307954504,0.20393171833249304,101.20774575439233,0.08444276452064514,0.20004212856292725,166.57812435143268,ELBOWS_FLARED,pushup_elbows_01.mp4,639
122.63072785005937,173.47907436988203,1.072857263716778,0.20469507975995463,102.11530372921598,0.08506548404693604,0.2001354992389679,168.00577972816268,ELBOWS_FLARED,pushup_elbows_01.mp4,642
124.12860109603947,172.2852062385784,1.0709572145729185,0.2044530782771829,101.94956445739894,0.08524659276008606,0.20002219080924988,166.31727045362658,ELBOWS_FLARED,pushup_elbows_01.mp4,645
127.35587073891392,171.57290281693625,1.0768728929410627,0.205595294695548,102.80056047584655,0.08492213487625122,0.20048516988754272,165.1876106721633,ELBOWS_FLARED,pushup_elbows_01.mp4,648
124.32259956312308,170.98953490927306,1.088423742383034,0.20788575222732364,104.38573004044653,0.082378089427948,0.2013668715953827,165.1442494625099,ELBOWS_FLARED,pushup_elbows_01.mp4,651
126.15686349233513,172.38760305148526,1.0854962353879265,0.20682168355332392,103.93178149116915,0.08201092481613159,0.20073702931404114,163.97625510934407,ELBOWS_FLARED,pushup_elbows_01.mp4,654
135.4442781327654,172.1095902506176,1.1066534115234037,0.2085342070849014,106.70064181644503,0.08067727088928223,0.19973722100257874,159.09525215539458,ELBOWS_FLARED,pushup_elbows_01.mp4,657
141.61951144781406,172.60751272579145,1.122470639330419,0.20803674979279152,108.71212973321167,0.0709342360496521,0.19703933596611023,155.05151461154847,ELBOWS_FLARED,pushup_elbows_01.mp4,660
142.70610414839908,175.8646154619161,1.134009136111023,0.2064919074380766,110.08379350273718,0.06546425819396973,0.19393417239189148,154.26003505390523,ELBOWS_FLARED,pushup_elbows_01.mp4,663
141.21552437868937,175.97944781269476,1.151150490934206,0.20706010926032895,111.96827452553565,0.05335274338722229,0.19202420115470886,148.42828479012823,ELBOWS_FLARED,pushup_elbows_01.mp4,666
146.23436583065876,174.01463094937694,1.1929891427979293,0.21198417764458152,116.26173231535044,0.04300960898399353,0.19010144472122192,149.92149279232927,ELBOWS_FLARED,pushup_elbows_01.mp4,669
153.06425253825043,171.76845866005914,1.2201210826819193,0.2129767261603953,119.13117264639955,0.039429306983947754,0.18603405356407166,154.81387807497995,ELBOWS_FLARED,pushup_elbows_01.mp4,672
158.00667820099625,167.44187928263352,1.2908114804400657,0.22623193797845423,124.70528059298174,0.03779354691505432,0.185979425907135,158.34826316125793,ELBOWS_FLARED,pushup_elbows_01.mp4,675
158.2550406142388,169.94979950839777,1.2912032130427604,0.22748753776492697,124.13051440272632,0.03469330072402954,0.18830165266990662,163.96840096647873,ELBOWS_FLARED,pushup_elbows_01.mp4,678
153.924820333791,171.25320097849533,1.2985573468062792,0.23108518520252627,124.07300422839629,0.03441256284713745,0.19140970706939697,167.12351968525914,ELBOWS_FLARED,pushup_elbows_01.mp4,681
158.3386924107724,171.68781672080365,1.3040489559774877,0.23457496311488205,124.0005043591306,0.029731810092926025,0.19446653127670288,168.0911227940629,ELBOWS_FLARED,pushup_elbows_01.mp4,684
159.75023727774814,172.08823240106534,1.3070193023992676,0.23561085762050915,124.09645178799995,0.026921510696411133,0.19510439038276672,167.18514709167394,ELBOWS_FLARED,pushup_elbows_01.mp4,687
159.84856771618078,171.8588976157439,1.3056366117929672,0.2360574887239348,124.02890385039427,0.027749627828598022,0.19563013315200806,166.9201672363196,ELBOWS_FLARED,pushup_elbows_01.mp4,690
160.04143258799584,171.59675177552964,1.2996416424889294,0.23387713737193705,123.89135620019808,0.027156084775924683,0.1941368281841278,166.2776708152244,ELBOWS_FLARED,pushup_elbows_01.mp4,693
159.3482274409152,171.85199833384326,1.2863538239894825,0.23016791691571586,123.18387790825936,0.030063152313232422,0.1926281750202179,167.76362063246276,ELBOWS_FLARED,pushup_elbows_01.mp4,696
156.6908266541952,171.85224326610071,1.280541035524716,0.22941423187977486,122.79463410794868,0.03238630294799805,0.19284608960151672,167.42352807667828,ELBOWS_FLARED,pushup_elbows_01.mp4,699
150.8393917076557,175.15477184573908,1.2236657243881974,0.22036651303778845,118.35201442086934,0.033630311489105225,0.1939302384853363,167.18038600268233,ELBOWS_FLARED,pushup_elbows_01.mp4,702
147.14982216866932,176.22280568784603,1.1855337790623683,0.2154039537322526,114.84241387845368,0.039260923862457275,0.19546997547149658,162.94730100297429,ELBOWS_FLARED,pushup_elbows_01.mp4,705
143.28506541373866,176.1496010794164,1.1665129944562556,0.21144717039098976,113.22606080670495,0.04338747262954712,0.19430896639823914,162.04586495663526,ELBOWS_FLARED,pushup_elbows_01.mp4,708
132.0243222755364,176.59960189468984,1.1410767699196243,0.20842429946084798,110.59443935340803,0.056140780448913574,0.19510334730148315,164.2333671243188,ELBOWS_FLARED,pushup_elbows_01.mp4,711
145.45517941845972,177.53731098113704,1.1146091378559648,0.20460769387434263,107.57958114523365,0.06477022171020508,0.19505122303962708,165.5889531709268,ELBOWS_FLARED,pushup_elbows_01.mp4,714
141.25242997152435,179.35805062286647,1.088755552310147,0.20470507034228683,103.90391879493697,0.0736348032951355,0.19870662689208984,164.71469872302868,ELBOWS_FLARED,pushup_elbows_01.mp4,717
142.68133734494262,179.3722242710841,1.0743324394067175,0.20112871822443115,102.10069729579982,0.07725143432617188,0.19665932655334473,162.9510285144466,ELBOWS_FLARED,pushup_elbows_01.mp4,720
131.7222829677349,179.24367781757104,1.0564899937288226,0.20129668750283866,99.412922416996,0.08301958441734314,0.19858601689338684,165.66943658205807,ELBOWS_FLARED,pushup_elbows_01.mp4,723
129.17810157738705,179.3501068453956,1.0501617212627163,0.20176099623577728,98.45142013480549,0.0871337354183197,0.19956982135772705,165.10143562496938,ELBOWS_FLARED,pushup_elbows_01.mp4,726
128.57976397489256,177.59436756841825,1.0531036700206755,0.2046250944639446,98.84140925278778,0.08681079745292664,0.20219340920448303,163.6676470652901,ELBOWS_FLARED,pushup_elbows_01.mp4,729
126.88675076675166,175.3868278524953,1.064137195158073,0.20499979204899083,100.61127893560776,0.08469739556312561,0.2014937698841095,162.99483169744954,ELBOWS_FLARED,pushup_elbows_01.mp4,732
129.28464862213497,174.30547203125016,1.0777217020937109,0.2048601219039006,102.67255117650969,0.0814628005027771,0.19986918568611145,161.60678176806053,ELBOWS_FLARED,pushup_elbows_01.mp4,735
134.22773151155513,173.97797279107925,1.0823657905309607,0.203843358212535,103.42064762735627,0.07889527082443237,0.1982763111591339,161.2433827634326,ELBOWS_FLARED,pushup_elbows_01.mp4,738
145.71103354872216,173.59634656263324,1.0956888234807112,0.20416910698059804,105.27849587958107,0.06533196568489075,0.19695231318473816,158.5878514269642,ELBOWS_FLARED,pushup_elbows_01.mp4,741
141.34127548448828,174.54966087742366,1.1131426002435265,0.20506146431808137,107.39919208300402,0.05996054410934448,0.19567784667015076,155.04684304723085,ELBOWS_FLARED,pushup_elbows_01.mp4,744
147.95374284108786,173.12431772104634,1.1404280435293321,0.20509712741617467,110.95678383365055,0.057132989168167114,0.19152867794036865,151.79467137026552,ELBOWS_FLARED,pushup_elbows_01.mp4,747
147.59429535679956,171.69180073229697,1.178310400438186,0.20834239691611975,115.20072158225607,0.04971039295196533,0.1885107159614563,147.33283127395674,ELBOWS_FLARED,pushup_elbows_01.mp4,750
149.10557772456306,168.98784276340083,1.2104519631362787,0.21149089188197628,118.78616507591991,0.04527345299720764,0.18535283207893372,152.06812406830906,ELBOWS_FLARED,pushup_elbows_01.mp4,753
155.26555898481624,164.14630208040447,1.2921637571150055,0.22558825536313826,125.50793446941906,0.03455957770347595,0.18363261222839355,156.4308011654271,ELBOWS_FLARED,pushup_elbows_01.mp4,756
161.05309858870206,166.9906090293546,1.3055288708259365,0.2287622574917661,125.89790192466582,0.029852688312530518,0.18530762195587158,162.0134313199172,ELBOWS_FLARED,pushup_elbows_01.mp4,759
166.26134958959923,167.99600000527252,1.3196197204235456,0.23062873574238793,126.62957541300023,0.02219107747077942,0.18507733941078186,167.03471361100915,ELBOWS_FLARED,pushup_elbows_01.mp4,762
164.17197018230456,169.96308263840933,1.3279538344887563,0.23392643543671213,126.27631855872768,0.02541261911392212,0.18858081102371216,169.88921954246499,ELBOWS_FLARED,pushup_elbows_01.mp4,765
163.49891972725086,170.47222569010606,1.332405711600899,0.2354588060045521,126.36063212472413,0.02422875165939331,0.18961092829704285,169.3483173369676,ELBOWS_FLARED,pushup_elbows_01.mp4,768
163.5971785586277,171.4800573585139,1.3183988926607617,0.23493705138076829,125.22563934482345,0.02497124671936035,0.1919129192829132,168.9391288497081,ELBOWS_FLARED,pushup_elbows_01.mp4,771
163.03264852395432,171.38739226770403,1.3156081408454605,0.23555058146440475,125.00653649736248,0.026591867208480835,0.19293230772018433,168.04253480816917,ELBOWS_FLARED,pushup_elbows_01.mp4,774
158.54075726157419,169.94516149665586,1.315039105701369,0.2359667404122147,125.23059356012863,0.030740469694137573,0.19274228811264038,167.53098770726626,ELBOWS_FLARED,pushup_elbows_01.mp4,777
154.5157115692535,170.53726849280608,1.3032769172711278,0.23325254680643773,124.5397209239501,0.03624904155731201,0.19213399291038513,165.59205326559604,ELBOWS_FLARED,pushup_elbows_01.mp4,780
150.62951015740762,169.29247669374305,1.3045309435383086,0.2335357858875035,124.91094834613389,0.03971722722053528,0.1915052831172943,166.53021796666678,ELBOWS_FLARED,pushup_elbows_01.mp4,783
144.20520978545943,172.6352507752689,1.2332042309399558,0.22010293248294188,119.61905672414792,0.04554837942123413,0.1913394033908844,159.8903077254307,ELBOWS_FLARED,pushup_elbows_01.mp4,786
135.77637052897296,173.04007915846552,1.188006236714103,0.2149991227735706,115.37788790045212,0.053631752729415894,0.19424983859062195,156.48114684729455,ELBOWS_FLARED,pushup_elbows_01.mp4,789
134.30791552781704,171.95226298485466,1.1670563279859067,0.21203456175507818,113.65465975266662,0.056630343198776245,0.1942177414894104,155.3352692472026,ELBOWS_FLARED,pushup_elbows_01.mp4,792
146.54254768786083,172.14282260054662,1.1445349801246136,0.20777776106896403,111.45127173565,0.059229373931884766,0.1933833360671997,158.3943450193041,ELBOWS_FLARED,pushup_elbows_01.mp4,795
144.3993703768408,173.5511602624744,1.123264128248366,0.20655806743401536,108.78119299248229,0.06581476330757141,0.19555878639221191,160.87231723530874,ELBOWS_FLARED,pushup_elbows_01.mp4,798
143.46936886963104,173.76495021237494,1.102377851099059,0.20367267371556888,106.28418786120896,0.07504498958587646,0.19550105929374695,163.7438106576137,ELBOWS_FLARED,pushup_elbows_01.mp4,801
137.75939806738393,172.50092096620637,1.0964334238062963,0.20459786062796145,105.55549301590052,0.07922431826591492,0.19710293412208557,166.07463904003978,ELBOWS_FLARED,pushup_elbows_01.mp4,804
130.19030317003362,174.10466447137244,1.077633155123699,0.2043126330283201,102.8082019768407,0.08360409736633301,0.19922834634780884,166.91584551580138,ELBOWS_FLARED,pushup_elbows_01.mp4,807
129.28774778050396,171.82603074180614,1.0796872353753768,0.20491441812821817,103.13119304842631,0.08295667171478271,0.1995558738708496,162.27096083458346,ELBOWS_FLARED,pushup_elbows_01.mp4,810
127.76498711963347,172.4593647122336,1.0768571162782745,0.20468535066636065,102.70234614406401,0.0880621075630188,0.1996752917766571,161.7381630089683,ELBOWS_FLARED,pushup_elbows_01.mp4,813
130.01899107414846,171.88934854133515,1.083287785248098,0.20421520483721348,103.6701438455311,0.085455983877182,0.19842970371246338,160.12243072151995,ELBOWS_FLARED,pushup_elbows_01.mp4,816
136.14967056496565,171.10778906393983,1.0923815808136301,0.20501391020706536,104.95674194528448,0.08031919598579407,0.1980675458908081,159.98641333956698,ELBOWS_FLARED,pushup_elbows_01.mp4,819
139.76758545161567,174.58402997148,1.0848703067061622,0.2024176624631566,103.86004942024842,0.07642367482185364,0.19652342796325684,160.627665880387,ELBOWS_FLARED,pushup_elbows_01.mp4,822
142.38112915236434,174.5716342476942,1.0950737042522583,0.20252241208531105,105.26863765080842,0.06123840808868408,0.19537299871444702,158.00049210313176,ELBOWS_FLARED,pushup_elbows_01.mp4,825
142.0289063250542,173.7477631262149,1.119568684055827,0.2036045714017711,108.48500475225256,0.05383932590484619,0.19309887290000916,154.2264254589863,ELBOWS_FLARED,pushup_elbows_01.mp4,828
150.3189729881275,175.57827932042355,1.1328488894815083,0.20338438345998572,110.18853876720597,0.05329859256744385,0.19088760018348694,155.88023709845368,ELBOWS_FLARED,pushup_elbows_01.mp4,831
145.08944449834883,176.467844927088,1.1639847080175971,0.2069071542796817,113.42567539769617,0.04249778389930725,0.18985143303871155,152.15375184317415,ELBOWS_FLARED,pushup_elbows_01.mp4,834
145.2351114768812,174.40727973981447,1.2019227663193115,0.21200769132923128,117.24422921378975,0.03707548975944519,0.18848589062690735,153.04060574328722,ELBOWS_FLARED,pushup_elbows_01.mp4,837
157.22057802745925,171.22915269761572,1.260812285250668,0.2224525947602008,122.11458889571723,0.02937692403793335,0.18841102719306946,153.6552039354282,ELBOWS_FLARED,pushup_elbows_01.mp4,840
163.3637811056422,171.66242816989194,1.2895346056675105,0.22392097538340427,124.29922241252726,0.023356974124908447,0.18497860431671143,158.12105948233452,ELBOWS_FLARED,pushup_elbows_01.mp4,843
162.164234485938,177.95746139466988,1.2800531423204675,0.22601406089822107,121.9178442591506,0.02352002263069153,0.1918390393257141,164.76139744424756,ELBOWS_FLARED,pushup_elbows_01.mp4,846
162.6058859403759,176.10238437485728,1.2571219852556148,0.2221868292504543,119.29265030207107,0.021798700094223022,0.19377350807189941,162.11524343182253,ELBOWS_FLARED,pushup_elbows_01.mp4,849
164.07995310432383,171.57723440415802,1.2320067970410915,0.21829868796425977,116.82134868154976,0.02001732587814331,0.19481134414672852,161.69780229693723,ELBOWS_FLARED,pushup_elbows_01.mp4,852
165.36619131853197,168.5828824799909,1.2112757971322878,0.21254048409898096,114.8094805072627,0.01771456003189087,0.19292277097702026,159.71715772441897,ELBOWS_FLARED,pushup_elbows_01.mp4,855
164.24567141990343,162.83222454466397,1.1808121488955385,0.20777052148337288,111.58481860287652,0.015487194061279297,0.19319894909858704,161.64826640589507,ELBOWS_FLARED,pushup_elbows_01.mp4,858
168.49285508790067,154.82598383695273,1.1433854424013536,0.1978019020026344,106.71645098708714,0.003565073013305664,0.18944191932678223,163.50315718216214,ELBOWS_FLARED,pushup_elbows_02.mp4,3
168.06968148767257,156.5157427296875,1.1579366078573745,0.19944525235696073,108.39992623467076,0.0038112401962280273,0.18924784660339355,166.78256860423318,ELBOWS_FLARED,pushup_elbows_02.mp4,6
167.98457774883605,157.84369952682047,1.1581961011942365,0.19903436366862343,108.66318221479972,0.0031658709049224854,0.18856728076934814,166.61081873370338,ELBOWS_FLARED,pushup_elbows_02.mp4,9
169.05280631892944,158.4035114115921,1.161376770206509,0.19955280353293237,109.10027254375217,0.0019252598285675049,0.18856576085090637,167.80650795375263,ELBOWS_FLARED,pushup_elbows_02.mp4,12
168.50854949295785,158.79180206610476,1.1558091165694637,0.19911295168811394,108.74175803108855,0.002362191677093506,0.18855416774749756,167.30753188417248,ELBOWS_FLARED,pushup_elbows_02.mp4,15
165.87527732989216,164.10265045924052,1.1809871736097013,0.20301495688817228,111.78469717041988,0.004937291145324707,0.18851515650749207,167.911127879094,ELBOWS_FLARED,pushup_elbows_02.mp4,18
163.41198900264612,164.93170343567806,1.1857381200759092,0.20602625202730748,112.23483676299821,0.009374409914016724,0.19070473313331604,165.95203435955025,ELBOWS_FLARED,pushup_elbows_02.mp4,21
159.35467601440607,166.74499537885066,1.1752854207975214,0.206863340644091,111.42841100090716,0.014861255884170532,0.19256243109703064,167.27454520043688,ELBOWS_FLARED,pushup_elbows_02.mp4,24
155.872854492629,165.83696053177988,1.141236365539296,0.2008121482757763,108.4946033995026,0.01662185788154602,0.1904398500919342,165.91049248743093,ELBOWS_FLARED,pushup_elbows_02.mp4,27
152.4753556591874,168.36574032144614,1.1391928776312428,0.2004428729178374,108.66082693925283,0.019416719675064087,0.1899043619632721,169.78282703205912,ELBOWS_FLARED,pushup_elbows_02.mp4,30
149.11718037362283,171.15450419878167,1.1322092015833423,0.19841525439357224,108.34176750988227,0.028578579425811768,0.18833398818969727,161.36397847057904,ELBOWS_FLARED,pushup_elbows_02.mp4,33
146.1763251910349,176.2723529301488,1.1287736747062496,0.1989285820928052,108.045336444488,0.034615546464920044,0.1891426146030426,149.69259293244332,ELBOWS_FLARED,pushup_elbows_02.mp4,36
141.90282062258018,179.0285459922309,1.1195882973722537,0.1973292907820462,107.28801215101268,0.03632158041000366,0.1884136199951172,146.41281033371519,ELBOWS_FLARED,pushup_elbows_02.mp4,39
133.73564239741577,174.92094529314016,1.1176504921426125,0.19831969056855717,107.3768437523201,0.04131108522415161,0.18926766514778137,152.8894144438377,ELBOWS_FLARED,pushup_elbows_02.mp4,42
130.3267961720424,175.54980098855015,1.1055231913431283,0.19919888116057438,105.8544723272286,0.05382835865020752,0.19162032008171082,156.79510832867842,ELBOWS_FLARED,pushup_elbows_02.mp4,45
127.25530848085324,175.362205228695,1.0970234261722813,0.1996071109717193,104.79556213733692,0.06401529908180237,0.1929880976676941,159.6883492294647,ELBOWS_FLARED,pushup_elbows_02.mp4,48
128.2340233146106,172.7904277690133,1.090403329433223,0.20010137031679598,103.96346811576412,0.06899955868721008,0.194187730550766,157.31831979843167,ELBOWS_FLARED,pushup_elbows_02.mp4,51
130.84965899192866,172.07298560048133,1.0839451418220114,0.19902672601730648,103.168279601031,0.07299858331680298,0.19379281997680664,156.94992152079433,ELBOWS_FLARED,pushup_elbows_02.mp4,54
129.21767057636268,172.08999424612648,1.0780186139568013,0.19633159616767354,102.53659233082767,0.07901009917259216,0.19165009260177612,152.8542745023775,ELBOWS_FLARED,pushup_elbows_02.mp4,57
126.30748234265788,167.5223211093017,1.0956931153884673,0.19775920453800733,105.414694439924,0.0798061192035675,0.1906445324420929,152.88151398759504,ELBOWS_FLARED,pushup_elbows_02.mp4,60
125.57419501517211,166.85483036056624,1.0955107747676127,0.19652346299513698,105.48608086817131,0.07690733671188354,0.18938800692558289,152.86302249901274,ELBOWS_FLARED,pushup_elbows_02.mp4,63
124.68147526161025,168.6027567508254,1.0873570975294014,0.19567823730199108,104.2707648393288,0.08199355006217957,0.18963930010795593,154.16203204115348,ELBOWS_FLARED,pushup_elbows_02.mp4,66
125.89673511788817,170.70110910196226,1.0805232597288355,0.19475051923205636,103.22263253903333,0.0807962417602539,0.18958687782287598,153.815198189835,ELBOWS_FLARED,pushup_elbows_02.mp4,69
124.9320697744538,169.81809767883036,1.0818144495341624,0.19552433335646327,103.42141969242535,0.08036589622497559,0.1901838481426239,156.35193394561114,ELBOWS_FLARED,pushup_elbows_02.mp4,72
128.4870621944665,170.66630264967438,1.0821173252418133,0.19565904946132157,103.395374187005,0.07910966873168945,0.19033551216125488,153.22428343329386,ELBOWS_FLARED,pushup_elbows_02.mp4,75
131.21143346566072,170.698225448753,1.0865338555240824,0.19624815087203076,103.97550645894509,0.07527732849121094,0.1904384195804596,152.5917219245628,ELBOWS_FLARED,pushup_elbows_02.mp4,78
135.6726276095072,171.98158431267692,1.1056254548438673,0.1985772543157761,106.33428105915795,0.0719747245311737,0.19056129455566406,149.09847952615954,ELBOWS_FLARED,pushup_elbows_02.mp4,81
140.73365636670533,171.9890411309509,1.1220351417154777,0.19928251836135555,108.59088886838944,0.051560670137405396,0.1888827085494995,149.7427771198126,ELBOWS_FLARED,pushup_elbows_02.mp4,84
139.42557667275864,171.29357449578086,1.143372077019542,0.19914812640670407,111.29723554861694,0.03717091679573059,0.1855466365814209,144.57450620021805,ELBOWS_FLARED,pushup_elbows_02.mp4,87
147.61566083158357,167.79530540591819,1.1755546020571355,0.20283817929920417,114.95230227686565,0.025535374879837036,0.18390315771102905,140.31456223264334,ELBOWS_FLARED,pushup_elbows_02.mp4,90
140.73228060297365,165.3391224305593,1.2013668556013453,0.2057489047190963,117.72078430079162,0.026543498039245605,0.18213161826133728,141.06887379821404,ELBOWS_FLARED,pushup_elbows_02.mp4,93
152.4134540222038,163.18528593478462,1.2452727180431828,0.2119781058352567,121.5821242749962,0.020018577575683594,0.18057888746261597,146.8919295521011,ELBOWS_FLARED,pushup_elbows_02.mp4,96
154.90377515016695,160.66705241231645,1.2826379683724178,0.2157806190526097,124.92241835403838,0.017380833625793457,0.1769205629825592,152.68672500417193,ELBOWS_FLARED,pushup_elbows_02.mp4,99
161.4842393939577,165.23583903743477,1.27801457563063,0.21191970213684375,124.8058839648106,0.010506391525268555,0.1740013062953949,162.05771810992997,ELBOWS_FLARED,pushup_elbows_02.mp4,102
169.95814596254866,166.52935743896555,1.2746217279241916,0.2081367197922185,125.02250283679409,0.00782310962677002,0.17044469714164734,165.77729836601986,ELBOWS_FLARED,pushup_elbows_02.mp4,105
167.27088739774123,165.78452474437267,1.2835193167615628,0.20822205237869923,125.83155497207399,0.008359909057617188,0.16881003975868225,166.95912494755106,ELBOWS_FLARED,pushup_elbows_02.mp4,108
165.16745624190048,168.37158546610036,1.2779806966038512,0.20683214155898502,125.03062860004862,0.00990760326385498,0.1693595051765442,165.75633751628413,ELBOWS_FLARED,pushup_elbows_02.mp4,111
167.0714859189754,169.49067144156763,1.274397771131073,0.2071548725980629,124.49330464523467,0.0095442533493042,0.1707315742969513,166.20181465698462,ELBOWS_FLARED,pushup_elbows_02.mp4,114
169.64707867781874,170.0676429941072,1.26997742713942,0.20603656758742855,124.12105767876746,0.009976565837860107,0.1705644428730011,165.46075894508982,ELBOWS_FLARED,pushup_elbows_02.mp4,117
164.96779263432634,170.92212388595448,1.2628879634266585,0.20516633140156426,123.46036062295146,0.011860370635986328,0.17115995287895203,166.12584814589772,ELBOWS_FLARED,pushup_elbows_02.mp4,120
159.58222075379265,170.73425505992438,1.2614885851711644,0.20499031101901197,123.3980963638875,0.013346880674362183,0.17113584280014038,164.00725056636992,ELBOWS_FLARED,pushup_elbows_02.mp4,123
155.19994374045652,170.864425637704,1.258055999627796,0.20470014485884158,123.08337728663346,0.013997197151184082,0.1715100109577179,163.58552266800933,ELBOWS_FLARED,pushup_elbows_02.mp4,126
142.5730344924536,169.9170698699349,1.2441875908260218,0.2027510974282279,122.07494133576903,0.027285397052764893,0.1717986762523651,157.51941007385452,ELBOWS_FLARED,pushup_elbows_02.mp4,129
156.71067793465852,171.46784713883767,1.19248955246298,0.19524571844552746,117.19030480661414,0.03138384222984314,0.17366749048233032,149.81667423366446,ELBOWS_FLARED,pushup_elbows_02.mp4,132
152.4848150639638,170.59236417499937,1.175066708123218,0.1943237954930208,115.57246399811153,0.038086920976638794,0.17528578639030457,147.94532299689055,ELBOWS_FLARED,pushup_elbows_02.mp4,135
144.5688247928304,169.2106388271577,1.156365009442936,0.1941705313023282,113.44444986050043,0.03607678413391113,0.17813929915428162,144.89625124423057,ELBOWS_FLARED,pushup_elbows_02.mp4,138
144.80406000241373,169.0330397775087,1.1317209310072378,0.19412569702970692,110.46579990270439,0.04824557900428772,0.18187138438224792,149.19254172555497,ELBOWS_FLARED,pushup_elbows_02.mp4,141
144.68067538899425,167.53382765335417,1.1245329748586546,0.19405975703479447,109.72814428610437,0.05892649292945862,0.18266817927360535,153.42016851872629,ELBOWS_FLARED,pushup_elbows_02.mp4,144
141.65398126258168,169.13753313233576,1.1051743290162421,0.19295835292452254,107.08725676674698,0.06808412075042725,0.18443995714187622,155.88039344150144,ELBOWS_FLARED,pushup_elbows_02.mp4,147
139.84920338533797,168.52497221346158,1.0977027834422135,0.19131335412815037,106.24461446822045,0.07319682836532593,0.18367457389831543,156.5423162059221,ELBOWS_FLARED,pushup_elbows_02.mp4,150
136.06433346029627,167.16946240826445,1.0903024217067891,0.19083527232971978,105.37961210378023,0.07611149549484253,0.18400070071220398,156.3442355398309,ELBOWS_FLARED,pushup_elbows_02.mp4,153
132.81859794036845,166.8510674441671,1.0827906866158528,0.19021668340933873,104.2753428112214,0.07762271165847778,0.18434253334999084,153.57189073928365,ELBOWS_FLARED,pushup_elbows_02.mp4,156
131.3835342270842,163.98427873203084,1.087441959526466,0.19069623783711775,104.99246120436148,0.0793115496635437,0.18420422077178955,148.7329303820203,ELBOWS_FLARED,pushup_elbows_02.mp4,159
131.35006588111926,164.1249394037885,1.0886123454111198,0.19057619915052035,105.16250561984319,0.07891929149627686,0.18394112586975098,149.03873402370775,ELBOWS_FLARED,pushup_elbows_02.mp4,162
131.7018825610364,165.30273814017787,1.0855131188721263,0.18938000438721397,104.71363007107544,0.07871779799461365,0.18316906690597534,149.14921753345095,ELBOWS_FLARED,pushup_elbows_02.mp4,165
136.06312748110594,164.45054180512685,1.0940561983711659,0.1904598145139729,105.96290678574238,0.07733449339866638,0.1831148862838745,148.99479486016915,ELBOWS_FLARED,pushup_elbows_02.mp4,168
134.50352996918042,166.8445034892905,1.093379278120957,0.1910773593550759,105.6300473195385,0.07482922077178955,0.1840108335018158,146.60771329561095,ELBOWS_FLARED,pushup_elbows_02.mp4,171
133.78043842540032,167.71718214754566,1.1024535382417968,0.19249322599937435,106.84022099163657,0.06183516979217529,0.184237539768219,147.6039916125255,ELBOWS_FLARED,pushup_elbows_02.mp4,174
143.84687173842394,169.1361145200379,1.1258154742596729,0.1934526272594459,109.85375289321136,0.04785013198852539,0.1819530725479126,143.68866156331484,ELBOWS_FLARED,pushup_elbows_02.mp4,177
149.57264531681747,170.73075164607818,1.1425094446582338,0.19515271530301626,111.60129017350482,0.04433014988899231,0.18144533038139343,138.90091567277733,ELBOWS_FLARED,pushup_elbows_02.mp4,180
144.7297796757619,169.13707069615245,1.1748113095496016,0.20094245956016568,114.87348648428113,0.02961668372154236,0.18230083584785461,133.63193402245852,ELBOWS_FLARED,pushup_elbows_02.mp4,183
147.98958117301615,168.22243717676022,1.1915663498422733,0.20201029786835845,116.70449350624939,0.03143155574798584,0.1804608404636383,133.39510861306846,ELBOWS_FLARED,pushup_elbows_02.mp4,186
146.52337274385425,164.99690157172492,1.2279482567445894,0.20548340136798246,120.50175704631398,0.025194495916366577,0.17704430222511292,136.128679791609,ELBOWS_FLARED,pushup_elbows_02.mp4,189
150.8513595121625,165.29753760268775,1.2589791305323066,0.20855430441736145,123.25728588628705,0.012989223003387451,0.1743929386138916,148.3685365658193,ELBOWS_FLARED,pushup_elbows_02.mp4,192
154.9964243854969,166.21362384478846,1.2755555330832582,0.20952341077322129,124.46111233404054,0.00994822382926941,0.1727503538131714,155.31468207950348,ELBOWS_FLARED,pushup_elbows_02.mp4,195
166.96594491561837,170.9524452407367,1.2751833758062334,0.20873566962867565,123.88088575449835,0.0009795427322387695,0.1732882559299469,157.04448205620798,ELBOWS_FLARED,pushup_elbows_02.mp4,198
164.40325174077765,171.14914352723258,1.281785247783,0.20910953256029202,124.48875881356324,0.004696547985076904,0.17235198616981506,157.1198113867726,ELBOWS_FLARED,pushup_elbows_02.mp4,201
163.7571052696066,172.26146238317804,1.271363101041154,0.20733441017254042,123.58303255877178,0.005830854177474976,0.17272353172302246,157.308016258604,ELBOWS_FLARED,pushup_elbows_02.mp4,204
161.8382875962596,172.361025716539,1.2720922188244732,0.20697092832073744,123.63111747637295,0.007379502058029175,0.17232456803321838,159.09648337460928,ELBOWS_FLARED,pushup_elbows_02.mp4,207
158.16707364448425,174.86514549486083,1.2518380839068879,0.20589339990914507,121.45545718561611,0.011693090200424194,0.17563337087631226,158.51396652114428,ELBOWS_FLARED,pushup_elbows_02.mp4,210
156.2668768894264,175.42388365692887,1.2444905513535458,0.2058802091742637,120.69556747591355,0.014932751655578613,0.17703166604042053,158.64537021212766,ELBOWS_FLARED,pushup_elbows_02.mp4,213
152.24849966732413,175.12466068438343,1.2458509785413279,0.20661499915362733,120.82445329988492,0.017902880907058716,0.17742577195167542,160.0168342734157,ELBOWS_FLARED,pushup_elbows_02.mp4,216
148.7680723362973,177.74490599703324,1.2056480856336582,0.20035100789461183,117.34283144770686,0.020164906978607178,0.1779642403125763,161.2692347850966,ELBOWS_FLARED,pushup_elbows_02.mp4,219
145.22949600518,179.21594225970634,1.1637315425494397,0.19543114824127733,113.13522361370977,0.025701254606246948,0.1797129213809967,155.9354664836101,ELBOWS_FLARED,pushup_elbows_02.mp4,222
139.31774467209374,177.83395860375293,1.1426872537058073,0.19641493936616222,110.79696697924031,0.03186026215553284,0.18361607193946838,158.79505644309256,ELBOWS_FLARED,pushup_elbows_02.mp4,225
149.4708469315634,179.26790712763687,1.1066347953866147,0.19333052991526342,106.41269687191318,0.046907246112823486,0.18545174598693848,161.76776036470585,ELBOWS_FLARED,pushup_elbows_02.mp4,228
144.8054451306653,178.61956895793264,1.1011290746953353,0.19573503107000106,105.51147949751308,0.05845290422439575,0.18860501050949097,162.40335212748602,ELBOWS_FLARED,pushup_elbows_02.mp4,231
148.7130416632425,178.68096004176903,1.0878867262446092,0.19412329094248,103.85198818238534,0.06334251165390015,0.18847709894180298,162.19069198429057,ELBOWS_FLARED,pushup_elbows_02.mp4,234
142.8566133691202,176.88895875308984,1.0831486002013742,0.19290621992638818,103.43174668231458,0.07412779331207275,0.18762916326522827,161.71878658802837,ELBOWS_FLARED,pushup_elbows_02.mp4,237
134.72197485592014,174.38489047298432,1.0847570449605324,0.19415643521511147,103.79168768715734,0.0776263177394867,0.18855810165405273,161.1465956198727,ELBOWS_FLARED,pushup_elbows_02.mp4,240
132.86202004283754,173.6138902562374,1.078710040128043,0.19221501839321328,103.13849819015932,0.08188721537590027,0.1871829628944397,157.27271139380176,ELBOWS_FLARED,pushup_elbows_02.mp4,243
128.98159727665922,172.22072389395052,1.0735710865208,0.1932540526271729,102.38900244236602,0.0794445276260376,0.18875336647033691,154.43576257588515,ELBOWS_FLARED,pushup_elbows_02.mp4,246
123.70303182364376,174.65638276117926,1.060724107999929,0.1913243898507575,100.43408191441544,0.08230701088905334,0.18816030025482178,151.75681144055022,ELBOWS_FLARED,pushup_elbows_02.mp4,249
127.70173616418379,176.02612748848173,1.0559026900656892,0.19035741912008716,99.677172371579,0.07923227548599243,0.1876484453678131,149.81121758690114,ELBOWS_FLARED,pushup_elbows_02.mp4,252
128.60719306444952,175.90459368630903,1.0601274947015304,0.19071476643627736,100.3207513662216,0.07908734679222107,0.18762871623039246,150.6321458462728,ELBOWS_FLARED,pushup_elbows_02.mp4,255
130.77210111686128,174.83856482773538,1.0678115181032364,0.19226842010323464,101.47061466234385,0.08086833357810974,0.18842780590057373,151.89353044708545,ELBOWS_FLARED,pushup_elbows_02.mp4,258
130.3039964625112,177.6402877043806,1.0579979961614079,0.1915699654843264,99.81894599926684,0.08059424161911011,0.18876346945762634,147.53247948355553,ELBOWS_FLARED,pushup_elbows_02.mp4,261
140.682182939636,179.52344185695796,1.0696317782401266,0.1928968896986102,101.37572469624824,0.0698232650756836,0.1891070008277893,149.04458458297185,ELBOWS_FLARED,pushup_elbows_02.mp4,264
141.7534118091623,178.47576381842407,1.0905796390880447,0.19321911045343207,104.26888853026097,0.05929523706436157,0.18725761771202087,146.0856745839508,ELBOWS_FLARED,pushup_elbows_02.mp4,267
146.31171440186083,178.34571496608174,1.1039770517409113,0.1932330026205463,106.18814180384176,0.053158193826675415,0.18557077646255493,152.45342027412312,ELBOWS_FLARED,pushup_elbows_02.mp4,270
130.71256671423046,177.56607002357728,1.1293670936865086,0.1953262045950193,109.30333426748838,0.045671820640563965,0.18434414267539978,150.2365196843786,ELBOWS_FLARED,pushup_elbows_02.mp4,273
138.53445057202737,174.8063725584568,1.1681891376791818,0.1979456373167859,113.84972644415312,0.03200191259384155,0.18104109168052673,145.39365444097646,ELBOWS_FLARED,pushup_elbows_02.mp4,276
146.30501468922552,170.54612842364602,1.217090716031808,0.20270551029635123,118.77683368707469,0.026095271110534668,0.17766901850700378,143.92834268402456,ELBOWS_FLARED,pushup_elbows_02.mp4,279
147.0099438526103,172.28601093194132,1.2223813752662918,0.20048468321460117,119.48959663488971,0.024396300315856934,0.17450812458992004,150.20239502083675,ELBOWS_FLARED,pushup_elbows_02.mp4,282
150.224976176238,174.88860442095344,1.229154780588788,0.19973300559413784,119.99053840615335,0.023614615201950073,0.1729874610900879,152.69626569807357,ELBOWS_FLARED,pushup_elbows_02.mp4,285
155.001344950411,175.97780471041978,1.2415457523027251,0.20244112900566003,120.59360289600197,0.024644136428833008,0.17425808310508728,154.1346767396415,ELBOWS_FLARED,pushup_elbows_02.mp4,288
154.46427230883455,177.3895312688597,1.237674572443524,0.20028674529513674,120.40088220651658,0.023228228092193604,0.17274552583694458,156.7987381557499,ELBOWS_FLARED,pushup_elbows_02.mp4,291
155.1855665982488,176.328751706617,1.2520094816255647,0.20237158174536884,121.63024836004811,0.022215336561203003,0.172306090593338,158.83974766445348,ELBOWS_FLARED,pushup_elbows_02.mp4,294
154.2320558503129,177.77828298474788,1.2447527711417734,0.20180993520855156,120.79034390438642,0.02219429612159729,0.17336100339889526,158.82649770271297,ELBOWS_FLARED,pushup_elbows_02.mp4,297
154.05544069417982,177.85068919199588,1.2378087578888903,0.20092880108127126,120.33007634261634,0.02181294560432434,0.1734248399734497,159.75821538802091,ELBOWS_FLARED,pushup_elbows_02.mp4,300
152.96869019810143,178.82596453786854,1.2262677536243405,0.2003845000673165,119.13166709287287,0.022715777158737183,0.1750338077545166,162.41013730161902,ELBOWS_FLARED,pushup_elbows_02.mp4,303
148.18827184321685,176.70639562208478,1.2213563236958624,0.20035240843764227,119.07182099276798,0.023095905780792236,0.17510756850242615,164.99381726926862,ELBOWS_FLARED,pushup_elbows_02.mp4,306
148.78981046523532,178.35923524622766,1.1779403480866601,0.19384517412040925,114.99860906849014,0.03218469023704529,0.1756834089756012,162.97545621271559,ELBOWS_FLARED,pushup_elbows_02.mp4,309
155.92127596469598,178.25832075748605,1.1572125231535761,0.19109828347198915,113.0644279502306,0.039546430110931396,0.17582115530967712,165.00087982191604,ELBOWS_FLARED,pushup_elbows_02.mp4,312
152.31367433899973,177.584049442092,1.135073009303822,0.1895969632869334,110.63956876019562,0.04073876142501831,0.17742660641670227,162.62238505334176,ELBOWS_FLARED,pushup_elbows_02.mp4,315
147.97092061677267,178.09501985193012,1.1048729601607326,0.1892334103849871,106.53577564028457,0.048837244510650635,0.18140628933906555,158.33460021837564,ELBOWS_FLARED,pushup_elbows_02.mp4,318
146.44438729580574,178.16889256965536,1.0934963780490896,0.18919251415064578,105.01922793415021,0.0550653338432312,0.18272879719734192,157.44218443512707,ELBOWS_FLARED,pushup_elbows_02.mp4,321
148.47588800768492,174.04821267022245,1.0961746669085979,0.1924868431628197,105.51657633616709,0.06208193302154541,0.1854705512523651,160.63396293904304,ELBOWS_FLARED,pushup_elbows_02.mp4,324
142.72669530723527,175.2423765225468,1.0714402429798617,0.1894416232880486,102.05230196013208,0.07271236181259155,0.18526539206504822,158.33368796036336,ELBOWS_FLARED,pushup_elbows_02.mp4,327
133.48110883459205,173.48776848205523,1.0747851801494852,0.18990923491910355,102.65184917213664,0.07756823301315308,0.18529754877090454,157.96046898241605,ELBOWS_FLARED,pushup_elbows_02.mp4,330
128.61697227910273,169.590626020305,1.0788409249123647,0.19196674838758523,103.4130417739625,0.07776832580566406,0.18672993779182434,155.45457013644273,ELBOWS_FLARED,pushup_elbows_02.mp4,333
124.44838036792939,170.45557597914595,1.0711960080797647,0.19189021777862986,102.17999000316928,0.0779409110546112,0.1875702440738678,151.07452247211975,ELBOWS_FLARED,pushup_elbows_02.mp4,336
123.96545009666599,170.8548618448296,1.0726408096648474,0.19290747800366237,102.40177141961411,0.07885634899139404,0.18840563297271729,152.96499395140918,ELBOWS_FLARED,pushup_elbows_02.mp4,339
124.75205164566452,170.47492242869302,1.0734719278706712,0.19252606465379274,102.54080175433742,0.07822844386100769,0.18793222308158875,152.6982603746566,ELBOWS_FLARED,pushup_elbows_02.mp4,342
128.22590090780955,168.68380870618594,1.0828324002930414,0.1929184196410817,104.01517488599623,0.07724243402481079,0.1871749460697174,151.56935609305626,ELBOWS_FLARED,pushup_elbows_02.mp4,345
130.27394901459593,167.52987972784328,1.0866570706835266,0.19338381704195545,104.53300862673274,0.07785665988922119,0.18719550967216492,155.6468494974927,ELBOWS_FLARED,pushup_elbows_02.mp4,348
130.79487585935428,171.27205683261937,1.0743924268319305,0.19165887466732043,102.54790418975969,0.07781624794006348,0.18708056211471558,152.82990320921343,ELBOWS_FLARED,pushup_elbows_02.mp4,351
139.2758254342347,170.83183297925805,1.0894857207244906,0.19350789165709567,104.59273414294665,0.0724962055683136,0.18726488947868347,149.1117875947491,ELBOWS_FLARED,pushup_elbows_02.mp4,354
134.8595517461152,170.6706863679932,1.1053385486547134,0.195513856081201,106.61912578585118,0.056425660848617554,0.18734583258628845,148.35215909223416,ELBOWS_FLARED,pushup_elbows_02.mp4,357
140.350571611832,171.54536502487804,1.119724843841303,0.19540119565978883,108.54822933846604,0.04929819703102112,0.18525025248527527,143.1787695138573,ELBOWS_FLARED,pushup_elbows_02.mp4,360
136.47383467961103,172.19033922827708,1.1325826844258062,0.19390101637940135,110.19290394862401,0.04066652059555054,0.18198177218437195,133.53562141088955,ELBOWS_FLARED,pushup_elbows_02.mp4,363
140.70706624785635,170.03537912061546,1.170699391187163,0.19857854241558248,114.3652309140913,0.031543076038360596,0.18089011311531067,127.66431399108318,ELBOWS_FLARED,pushup_elbows_02.mp4,366
149.21897881467862,167.85207116515033,1.1998735640765317,0.20170700049736978,117.2855381803281,0.02195209264755249,0.17926129698753357,131.6503394048996,ELBOWS_FLARED,pushup_elbows_02.mp4,369
152.67866842872135,167.43211648654943,1.2194912711688815,0.20188248135687706,119.34535625175252,0.01956048607826233,0.17597448825836182,134.59780866101892,ELBOWS_FLARED,pushup_elbows_02.mp4,372
157.9386685927373,166.51561309134127,1.259995182770914,0.20682803690124682,122.99152332569126,0.013632386922836304,0.17347371578216553,139.83235870140734,ELBOWS_FLARED,pushup_elbows_02.mp4,375
161.1216683527116,165.81209110122393,1.2937899546242604,0.20970693284581163,125.86228831860247,0.007917582988739014,0.169948011636734,145.05821288925017,ELBOWS_FLARED,pushup_elbows_02.mp4,378
160.65523176670789,169.00090242144694,1.2716052957492694,0.2047217686617304,124.13823000400855,0.010709553956985474,0.16944155097007751,150.37983461778833,ELBOWS_FLARED,pushup_elbows_02.mp4,381
161.3711760144336,171.78502890876248,1.2798864730434578,0.20674407084454627,124.14262176571923,0.008924335241317749,0.1711064875125885,152.88788925603413,ELBOWS_FLARED,pushup_elbows_02.mp4,384
159.526348064461,172.28938402794446,1.2819747274404496,0.207550926258678,124.25849000046264,0.010138660669326782,0.1715383231639862,155.40697886075063,ELBOWS_FLARED,pushup_elbows_02.mp4,387
158.37282166172682,171.2949263855732,1.2841132783526907,0.2070109354816666,124.74365227652652,0.010831683874130249,0.17009902000427246,155.51461839405752,ELBOWS_FLARED,pushup_elbows_02.mp4,390
156.43671586259057,170.22919745031115,1.2922942430583686,0.20771163694495154,125.55628303131323,0.015285909175872803,0.16897854208946228,155.63002094492634,ELBOWS_FLARED,pushup_elbows_02.mp4,393
152.3681956748973,171.1904772600457,1.2923816916426893,0.2088726421078124,125.37728759534376,0.016791075468063354,0.17030173540115356,158.5903489913683,ELBOWS_FLARED,pushup_elbows_02.mp4,396
151.73640281768445,171.07969734254146,1.2801008107045995,0.2048483059964765,124.90124128353692,0.0169086754322052,0.16800019145011902,156.16581509600627,ELBOWS_FLARED,pushup_elbows_02.mp4,399
150.99536288584542,170.63320756018717,1.2773106474435625,0.20635733846709467,124.49298247934041,0.019765496253967285,0.17007490992546082,156.9154249281061,ELBOWS_FLARED,pushup_elbows_02.mp4,402
144.90835423406273,172.31872540723012,1.2438014620608544,0.20301525134714513,121.59168581605118,0.02538946270942688,0.17292577028274536,154.30913950133296,ELBOWS_FLARED,pushup_elbows_02.mp4,405
143.39134593351437,174.5981589248474,1.1993650767835016,0.19762721998280033,117.28471180716024,0.025691300630569458,0.17563676834106445,151.35763275009913,ELBOWS_FLARED,pushup_elbows_02.mp4,408
154.16984383310916,176.4765192856849,1.155846799774428,0.19273026848823438,112.77192403227454,0.03451663255691528,0.17770588397979736,147.96291887811273,ELBOWS_FLARED,pushup_elbows_02.mp4,411
146.2630580717968,178.53316429656846,1.1208093269857502,0.18999386425649403,108.50786700426366,0.03405848145484924,0.1801663339138031,150.9528276180043,ELBOWS_FLARED,pushup_elbows_02.mp4,414
140.38096279936275,179.0434159974151,1.0988403014607582,0.19264484137340815,105.38421308531706,0.04225504398345947,0.1857413649559021,154.35904156552849,ELBOWS_FLARED,pushup_elbows_02.mp4,417
139.7893015448913,177.90052509543014,1.0876046785834521,0.19116183655434868,104.09672095914219,0.05962076783180237,0.18540456891059875,155.41753931493992,ELBOWS_FLARED,pushup_elbows_02.mp4,420
137.46489259788004,177.00693273482887,1.0786482094240104,0.1905730863199161,102.99421514528093,0.06839978694915771,0.18569251894950867,158.77282075169322,ELBOWS_FLARED,pushup_elbows_02.mp4,423
138.46923775440538,175.697083999108,1.0757995573245627,0.19092853653632372,102.61798359737453,0.0726061463356018,0.18631678819656372,159.6740794293036,ELBOWS_FLARED,pushup_elbows_02.mp4,426
138.27766740985808,173.4075573863987,1.07500457229207,0.19155179888152032,102.64098072758638,0.0730280876159668,0.18690818548202515,160.39977820704283,ELBOWS_FLARED,pushup_elbows_02.mp4,429
134.87496838077516,171.79651004135542,1.0768401981598836,0.19223175724006938,103.0466693836409,0.07436761260032654,0.18726906180381775,156.63879087912682,ELBOWS_FLARED,pushup_elbows_02.mp4,432
131.95949623636182,169.98425230867673,1.0837770888930518,0.1924776279792593,104.20521093614299,0.07305696606636047,0.18659162521362305,154.10738123748888,ELBOWS_FLARED,pushup_elbows_02.mp4,435
132.48388587454656,170.7584206971543,1.0794844972513598,0.19100130038457103,103.60812484960123,0.07568183541297913,0.18563887476921082,154.55536602268032,ELBOWS_FLARED,pushup_elbows_02.mp4,438
132.59698251441762,172.04619913293365,1.0771493727027253,0.19068080088192807,103.1699263014495,0.07529282569885254,0.185665100812912,153.45428917356602,ELBOWS_FLARED,pushup_elbows_02.mp4,441
134.3605463103615,171.3628967726065,1.080802245980667,0.1921835735836123,103.54791370295447,0.07523757219314575,0.186835378408432,148.50554966825243,ELBOWS_FLARED,pushup_elbows_02.mp4,444
137.95784697076647,174.76573274284092,1.0718614200596681,0.19150225859554346,102.03954323570882,0.07071539759635925,0.1872895061969757,146.7292884302579,ELBOWS_FLARED,pushup_elbows_02.mp4,447
137.7448521590574,175.22906815756645,1.0798137323475192,0.1920329131389541,103.05289588079093,0.06415390968322754,0.18707063794136047,139.96126160881107,ELBOWS_FLARED,pushup_elbows_02.mp4,450
146.43020306576264,173.500144191839,1.1067270795697886,0.19106366784538445,106.97100769131372,0.04576921463012695,0.18274244666099548,138.7275402536658,ELBOWS_FLARED,pushup_elbows_02.mp4,453
139.3730869855054,172.42118650258703,1.139055042232042,0.19476370777894503,110.97435374240463,0.0330052375793457,0.18185743689537048,137.89248422643578,ELBOWS_FLARED,pushup_elbows_02.mp4,456
140.22929485141444,167.4661920039293,1.1952566532138258,0.2032936153957201,116.95237891625169,0.028970718383789062,0.18121027946472168,132.69434249911077,ELBOWS_FLARED,pushup_elbows_02.mp4,459
144.48853656628987,165.13739460726276,1.2236036896127986,0.20615242706023845,119.75416314048675,0.0238170325756073,0.17897102236747742,131.9491693973866,ELBOWS_FLARED,pushup_elbows_02.mp4,462
155.39405842337348,163.96645314803666,1.2733109429991294,0.21119686789096143,124.2834946951519,0.01649358868598938,0.17449980974197388,140.9318188968589,ELBOWS_FLARED,pushup_elbows_02.mp4,465
156.88350842433698,166.68998893112635,1.2924359035742055,0.21217640514744565,125.6259861936968,0.012692123651504517,0.17246058583259583,154.7782584814524,ELBOWS_FLARED,pushup_elbows_02.mp4,468
156.2033157255668,172.29476105896435,1.2522373355802359,0.20533764746484778,122.00273326626595,0.011904001235961914,0.1741276979446411,156.50198172442853,ELBOWS_FLARED,pushup_elbows_02.mp4,471
159.9739670430171,175.28763190002635,1.2465135226292958,0.20444385343062182,120.98315839633732,0.008354991674423218,0.1752704381942749,156.86396413498682,ELBOWS_FLARED,pushup_elbows_02.mp4,474
164.49517838655473,175.6836221814529,1.2518915517157476,0.20565951637809513,121.21670085036297,0.005330085754394531,0.1758795976638794,156.17916451245557,ELBOWS_FLARED,pushup_elbows_02.mp4,477
161.10002191339927,175.89231358537566,1.2424593583603405,0.20408066606476663,120.5427343620855,0.0086439847946167,0.17576155066490173,156.4471530588669,ELBOWS_FLARED,pushup_elbows_02.mp4,480
159.5374577534632,174.9348840850049,1.2459882596228111,0.20359074854880121,121.20089233843728,0.008747071027755737,0.17413946986198425,160.20731939899417,ELBOWS_FLARED,pushup_elbows_02.mp4,483
154.57492315851695,176.00540490881872,1.2376985237669975,0.20259951412105878,120.46700629689947,0.013735592365264893,0.1746218502521515,162.447102513476,ELBOWS_FLARED,pushup_elbows_02.mp4,486
151.7487530590409,176.87233655303493,1.2186226731483127,0.19931285197178797,118.95373204865817,0.013609856367111206,0.1743982434272766,158.5712870930853,ELBOWS_FLARED,pushup_elbows_02.mp4,489
142.7761664080342,179.608992211111,1.1728050622266313,0.19236280449334245,114.60654149486673,0.01917460560798645,0.17489215731620789,156.09303265946775,ELBOWS_FLARED,pushup_elbows_02.mp4,492
139.10154764560625,179.58424550478034,1.156572683097459,0.1908679140269869,112.91813121629426,0.023671716451644897,0.17579957842826843,158.34975488604812,ELBOWS_FLARED,pushup_elbows_02.mp4,495
136.5046955573356,178.95650047798787,1.1359490103831706,0.19027026586012505,110.67302473359968,0.027262598276138306,0.1780174970626831,160.48867877959628,ELBOWS_FLARED,pushup_elbows_02.mp4,498
139.90774114429692,179.5850705173047,1.112645102185363,0.1897975083322825,107.59312458581194,0.030001908540725708,0.18091914057731628,160.02657773546204,ELBOWS_FLARED,pushup_elbows_02.mp4,501
141.21200690144502,179.29515979092713,1.0946473143893425,0.18863344441794871,105.22788574450384,0.04898717999458313,0.18200957775115967,159.28163141371908,ELBOWS_FLARED,pushup_elbows_02.mp4,504
134.41901886039227,177.58501095918743,1.0917072929320095,0.19088254123689427,104.817668734373,0.05897092819213867,0.1845339834690094,160.38117772543094,ELBOWS_FLARED,pushup_elbows_02.mp4,507
134.42061196351327,177.2045308982258,1.0763805495818919,0.19054432657227716,102.71387147023962,0.06143873929977417,0.1858719289302826,160.09040953189663,ELBOWS_FLARED,pushup_elbows_02.mp4,510
137.1708859652897,176.26997846170966,1.072246733947027,0.18992705243755173,102.25928169607779,0.07388225197792053,0.18559563159942627,157.0439116970576,ELBOWS_FLARED,pushup_elbows_02.mp4,513
138.57765321664772,171.4634604260015,1.085873321707574,0.19137291619107677,104.5845189762933,0.07664704322814941,0.18520569801330566,156.94771730372753,ELBOWS_FLARED,pushup_elbows_02.mp4,516
138.25327308299148,170.86019363690602,1.0867012790834252,0.19056349566826,104.79384910560869,0.07677793502807617,0.18424579501152039,155.6188080064434,ELBOWS_FLARED,pushup_elbows_02.mp4,519
139.31963512953348,170.41700221570403,1.0915343815341028,0.1899725494743986,105.6009855711516,0.07517129182815552,0.18297281861305237,156.27870551235793,ELBOWS_FLARED,pushup_elbows_02.mp4,522
138.0896417785889,170.3792133011332,1.0911038617726374,0.18969243691693558,105.47782766761657,0.07410776615142822,0.18281227350234985,153.85369344672958,ELBOWS_FLARED,pushup_elbows_02.mp4,525
137.99764090881007,168.59851435041207,1.0938735801822035,0.1909680015632652,105.74950401597168,0.07269641757011414,0.18379783630371094,145.94143557594356,ELBOWS_FLARED,pushup_elbows_02.mp4,528
137.750728749471,173.04321925379875,1.0813367935670983,0.18985311860992934,103.61305260747012,0.07201936841011047,0.18451908230781555,145.31699010867922,ELBOWS_FLARED,pushup_elbows_02.mp4,531
140.40692587488093,175.14472484358703,1.0825398430403204,0.18989115201676834,103.63375534804483,0.06522446870803833,0.18453988432884216,144.32248980251651,ELBOWS_FLARED,pushup_elbows_02.mp4,534
144.0827668167483,177.0133958893865,1.1015374703454643,0.19053770788970154,106.26102961257574,0.052543580532073975,0.1829146146774292,147.9939220519916,ELBOWS_FLARED,pushup_elbows_02.mp4,537
149.42269696390042,176.5322531838142,1.1263604266966982,0.19135363391905857,109.61154267402897,0.043687909841537476,0.18025198578834534,149.4458877005924,ELBOWS_FLARED,pushup_elbows_02.mp4,540
139.99114169257,174.83675526010305,1.1663777517485077,0.19676461711478013,113.82536715751216,0.026618927717208862,0.17999473214149475,138.80943055579448,ELBOWS_FLARED,pushup_elbows_02.mp4,543
149.60314295234275,173.32137595983957,1.1844594054485866,0.19799790449186883,115.86355993806858,0.020160764455795288,0.17816340923309326,134.18372539286895,ELBOWS_FLARED,pushup_elbows_02.mp4,546
153.81262800324387,171.1060388787382,1.221533301768667,0.2008605658547205,119.84577723455965,0.0124053955078125,0.17421719431877136,141.96969112064932,ELBOWS_FLARED,pushup_elbows_02.mp4,549
152.7425006707278,174.99451725687723,1.2088211746461823,0.19578507992035257,118.58039118981232,0.012332350015640259,0.17192542552947998,147.6727719499996,ELBOWS_FLARED,pushup_elbows_02.mp4,552
154.1298028241877,176.7821774331153,1.2206192204961417,0.19841775559150074,119.09187040812974,0.0129108726978302,0.17338290810585022,153.27548556658863,ELBOWS_FLARED,pushup_elbows_02.mp4,555
154.68130937393448,177.79241645514327,1.2195589340694226,0.1983956592481839,118.93462995097849,0.012355655431747437,0.17362770438194275,156.6634289486331,ELBOWS_FLARED,pushup_elbows_02.mp4,558
154.5484320645881,179.45837269900636,1.2059971484451117,0.19576411287076112,117.59054261542379,0.01248401403427124,0.17349940538406372,158.18811492391438,ELBOWS_FLARED,pushup_elbows_02.mp4,561
154.29914292901609,178.19020194528287,1.1940934575531175,0.19398661409129409,116.41970653958847,0.013647407293319702,0.1737242043018341,160.3841060338672,ELBOWS_FLARED,pushup_elbows_02.mp4,564
154.1147207939225,179.49285736520665,1.1952228973158894,0.1948083408425095,116.5678374833302,0.01343587040901184,0.17423540353775024,161.39671213877295,ELBOWS_FLARED,pushup_elbows_02.mp4,567
153.7976561084708,179.61874545838833,1.191785665606165,0.19407698063603412,116.28993593008168,0.012732386589050293,0.17400029301643372,162.40950627360192,ELBOWS_FLARED,pushup_elbows_02.mp4,570
151.59798013334367,178.65080263121686,1.1905968007068748,0.19511238588043667,116.26146821404662,0.014925748109817505,0.17497152090072632,162.86517569216096,ELBOWS_FLARED,pushup_elbows_02.mp4,573
148.3545355177611,176.43296077576292,1.1741154347877834,0.1942547702628023,114.74367924191513,0.016869574785232544,0.17641818523406982,161.14747047386138,ELBOWS_FLARED,pushup_elbows_02.mp4,576
144.28906682948042,176.91283394899867,1.1457282316172164,0.1921486899484888,111.66633752392141,0.020047396421432495,0.17857185006141663,162.4412923887642,ELBOWS_FLARED,pushup_elbows_02.mp4,579
157.80048194022208,176.26662220881877,1.127730230240297,0.1938808084135363,109.3829913396167,0.028571486473083496,0.18289071321487427,163.19435616741976,ELBOWS_FLARED,pushup_elbows_02.mp4,582
156.37463204508737,176.79623809651986,1.1051612680432938,0.19126207783810711,106.59706236006896,0.0488867461681366,0.1832927167415619,162.86590274671178,ELBOWS_FLARED,pushup_elbows_02.mp4,585
148.16877050650106,175.91671138701972,1.100773720369196,0.1903010498898663,106.16887403124021,0.06017133593559265,0.1827729046344757,161.3977719613494,ELBOWS_FLARED,pushup_elbows_02.mp4,588
137.99419876131628,175.3686330436447,1.0896011244146027,0.1913995329367397,104.59795091619618,0.06475746631622314,0.1852201521396637,160.17885947576082,ELBOWS_FLARED,pushup_elbows_02.mp4,591
137.71720381714056,173.3589968991369,1.0853691314186076,0.1912504534107483,104.19851288777907,0.07200437784194946,0.18540745973587036,159.14530540738903,ELBOWS_FLARED,pushup_elbows_02.mp4,594
134.83016588148286,171.76381600259145,1.085593830717928,0.19155262930022704,104.46442327721284,0.07719066739082336,0.18548032641410828,156.9355551203042,ELBOWS_FLARED,pushup_elbows_02.mp4,597
135.85056387437103,168.5084339180406,1.0919812769382287,0.19203596013503887,105.63898359367008,0.07583382725715637,0.18492591381072998,155.84500806208163,ELBOWS_FLARED,pushup_elbows_02.mp4,600
134.9138630929585,167.4364485313513,1.0911489896499589,0.191427284426161,105.52347299881687,0.07599490880966187,0.18444344401359558,154.65370376554904,ELBOWS_FLARED,pushup_elbows_02.mp4,603
137.91202471910833,167.74616549647467,1.0937528650136976,0.19152553396060026,105.8452309930258,0.07316938042640686,0.18424731492996216,153.28024027110985,ELBOWS_FLARED,pushup_elbows_02.mp4,606
138.4013156211596,169.29654503843122,1.087524744785726,0.18927296095762455,104.97223768325202,0.07271477580070496,0.18284666538238525,150.99125384372564,ELBOWS_FLARED,pushup_elbows_02.mp4,609
138.14240325174148,170.69658322256885,1.0870044996256931,0.1899804253341772,104.7309976080946,0.07302296161651611,0.18373516201972961,149.75637716384458,ELBOWS_FLARED,pushup_elbows_02.mp4,612
136.48667239884173,179.3767303368089,1.0584978916911365,0.18794687002444727,99.9461318043995,0.07422405481338501,0.1851218342781067,145.29158002426388,ELBOWS_FLARED,pushup_elbows_02.mp4,615
137.225216030278,178.89519806018689,1.0612293588144053,0.1878970500737287,100.24116818902887,0.06613409519195557,0.18490317463874817,140.25533253234832,ELBOWS_FLARED,pushup_elbows_02.mp4,618
148.41827041689675,179.3089582340013,1.0722176074738912,0.18822840884134887,101.73665149702202,0.041606634855270386,0.18429267406463623,137.53584630578285,ELBOWS_FLARED,pushup_elbows_02.mp4,621
153.27163689928167,177.53409192914773,1.1002027352625698,0.18938941043900578,105.78509723207202,0.03307834267616272,0.18224653601646423,137.40124321715496,ELBOWS_FLARED,pushup_elbows_02.mp4,624
140.38087327579981,175.23918924389875,1.1570550375456277,0.1967442570614799,112.62370983170167,0.028158336877822876,0.18160340189933777,143.35869574468376,ELBOWS_FLARED,pushup_elbows_02.mp4,627
136.95410959202678,174.3603705902819,1.1868130685892235,0.20014297512669466,115.74507691829585,0.0279691219329834,0.18027380108833313,148.3364589013012,ELBOWS_FLARED,pushup_elbows_02.mp4,630
155.58359973891888,176.4765507358276,1.2070953201115453,0.20095253535971366,117.53429179924267,0.01620897650718689,0.17818909883499146,154.473077054732,ELBOWS_FLARED,pushup_elbows_02.mp4,633
155.9919875392958,177.6345990180686,1.221390596800844,0.19963260022327126,118.94397799281242,0.01770886778831482,0.1746944785118103,156.44125019818384,ELBOWS_FLARED,pushup_elbows_02.mp4,636
156.01436025366723,178.8094364159069,1.2104359744988031,0.19655940909538708,117.84118102547396,0.015688270330429077,0.17380431294441223,161.58661723251242,ELBOWS_FLARED,pushup_elbows_02.mp4,639
154.06405504444825,176.40848379354892,1.2025734735606215,0.19535059940418603,116.72846274612785,0.015864580869674683,0.17447474598884583,164.50138226778586,ELBOWS_FLARED,pushup_elbows_02.mp4,642
153.5066708928671,177.40629787072947,1.2058566903657593,0.19651179157286017,117.07173944387343,0.01771444082260132,0.17497912049293518,164.8754584042722,ELBOWS_FLARED,pushup_elbows_02.mp4,645
151.56827267793724,177.3847047826371,1.195387244978822,0.19515521705902578,116.11234307055717,0.018923163414001465,0.1752341091632843,166.19012361607238,ELBOWS_FLARED,pushup_elbows_02.mp4,648
155.95405738421675,177.71778722052835,1.188337877121152,0.19445379147975544,115.50908230224582,0.02140858769416809,0.17549580335617065,166.5372621953309,ELBOWS_FLARED,pushup_elbows_02.mp4,651
148.5069890468087,177.39200597203333,1.1817736223559292,0.19382966454289083,114.80506772847292,0.020338445901870728,0.17594507336616516,165.18336832056477,ELBOWS_FLARED,pushup_elbows_02.mp4,654
146.48503904159128,179.5161400354807,1.1823568341144144,0.19451470577880045,115.15757249060344,0.018540531396865845,0.1760614514350891,166.72383699627343,ELBOWS_FLARED,pushup_elbows_02.mp4,657
145.88129313848393,177.5289689519865,1.1776707909008697,0.196024959155941,114.85134178312084,0.01842421293258667,0.17787134647369385,168.55282857172364,ELBOWS_FLARED,pushup_elbows_02.mp4,660
141.5437810728436,177.93830455357383,1.142925523065782,0.19201557250603343,111.26429045170588,0.02036207914352417,0.1789412498474121,166.41941046148105,ELBOWS_FLARED,pushup_elbows_02.mp4,663
158.3331029454099,178.58814020379378,1.1152353919161653,0.18977887340270047,107.98023045445638,0.024478822946548462,0.18050965666770935,164.2974369550445,ELBOWS_FLARED,pushup_elbows_02.mp4,666
149.68360765655243,177.28106018733013,1.104034203524862,0.19330847890682668,106.36490442265492,0.04100680351257324,0.18547609448432922,162.2505561817122,ELBOWS_FLARED,pushup_elbows_02.mp4,669
145.65104484443856,174.5035968140215,1.107444502864786,0.19347480748065451,107.09678670753063,0.057504355907440186,0.1849241554737091,158.5037422245956,ELBOWS_FLARED,pushup_elbows_02.mp4,672
141.01929520117778,172.1453764004717,1.105467420648504,0.19278806748169053,107.18066774189056,0.06804662942886353,0.18418458104133606,157.90117108564942,ELBOWS_FLARED,pushup_elbows_02.mp4,675
140.56826824974138,169.94928651877444,1.1069610980810771,0.19307906564633395,107.58585515066007,0.07636484503746033,0.18405461311340332,159.84922488508585,ELBOWS_FLARED,pushup_elbows_02.mp4,678
137.0606680033337,168.00840687877042,1.1049737007393456,0.19262209108720388,107.53788664113983,0.07460644841194153,0.18366765975952148,161.41667161001374,ELBOWS_FLARED,pushup_elbows_02.mp4,681
137.39597908050686,165.2612551183202,1.108331306363797,0.19354953260548774,108.10615239301522,0.0713813304901123,0.18396440148353577,157.15433991353987,ELBOWS_FLARED,pushup_elbows_02.mp4,684
135.70860012305252,164.36474031120633,1.1112816909185015,0.1943278044069601,108.48858337773298,0.07289406657218933,0.1842968761920929,152.98266425598902,ELBOWS_FLARED,pushup_elbows_02.mp4,687
137.95385185981206,162.69891359862845,1.1140528997549042,0.19469385296320127,108.9601354185841,0.07319691777229309,0.18412959575653076,147.09765955658114,ELBOWS_FLARED,pushup_elbows_02.mp4,690
139.00116157121678,163.04692201872427,1.1164128799343052,0.19383331840188756,109.26741487489387,0.07141944766044617,0.18297532200813293,142.25925467098128,ELBOWS_FLARED,pushup_elbows_02.mp4,693
133.96096852308045,161.6045052952037,1.1266629192636035,0.1953722876219229,110.59459119150732,0.06659966707229614,0.18288525938987732,141.35951571556862,ELBOWS_FLARED,pushup_elbows_02.mp4,696
138.06209242276176,162.82625888426998,1.1412157010666781,0.1974336559748382,112.17070434890849,0.04782211780548096,0.18283459544181824,138.4357115536371,ELBOWS_FLARED,pushup_elbows_02.mp4,699
144.02947052760976,167.77271522491185,1.143496990643239,0.1975941599152031,111.86418766782174,0.036435604095458984,0.18337956070899963,132.6186408736967,ELBOWS_FLARED,pushup_elbows_02.mp4,702
149.57038754494488,169.4115034285718,1.155297843984251,0.19664157751219732,113.19675695679791,0.03615686297416687,0.18074291944503784,129.11007337474499,ELBOWS_FLARED,pushup_elbows_02.mp4,705
129.11153422891513,167.39690256908762,1.1922788669119495,0.20133444637408288,117.11701846660667,0.03465649485588074,0.1792009174823761,127.92807902612586,ELBOWS_FLARED,pushup_elbows_02.mp4,708
141.30749432706864,171.07598581110355,1.1926656389561592,0.19744539448985465,117.02294937756133,0.021887898445129395,0.17588689923286438,137.15546680484948,ELBOWS_FLARED,pushup_elbows_02.mp4,711
153.20587299846662,176.71037300296192,1.1908531171353736,0.19524617700293473,116.14720169365188,0.01686912775039673,0.17526346445083618,143.3179383421136,ELBOWS_FLARED,pushup_elbows_02.mp4,714
166.9927304404486,144.7363760947389,1.0864740100829005,0.17670433979438943,102.49748251048837,0.0038074254989624023,0.17251694202423096,148.2305535945291,ELBOWS_FLARED,pushup_elbows_03.mp4,3
167.12898946801246,153.71644353935386,1.1069046052180729,0.18173733795184846,104.89690837103927,0.00328710675239563,0.1756284534931183,150.22469926697877,ELBOWS_FLARED,pushup_elbows_03.mp4,6
169.46565751593386,157.7069708712916,1.1146282354444768,0.1830276967121992,105.91737895073759,0.00607571005821228,0.17600929737091064,153.2140795679304,ELBOWS_FLARED,pushup_elbows_03.mp4,9
173.1074288578894,159.07723507858557,1.0994155134034922,0.18163284414206704,104.31051794436051,0.009547650814056396,0.17599621415138245,156.6581575540062,ELBOWS_FLARED,pushup_elbows_03.mp4,12
174.0809813203443,163.88545581476745,1.0973955139567129,0.17981043883926223,104.59410059077462,0.008520185947418213,0.17400822043418884,158.60809290033333,ELBOWS_FLARED,pushup_elbows_03.mp4,15
172.43873803851244,169.79484414466071,1.082480457342964,0.1778491883324282,102.80919100243315,0.006535947322845459,0.1734226942062378,152.66500496125568,ELBOWS_FLARED,pushup_elbows_03.mp4,18
155.1292527500678,172.81517866405804,1.048761140907813,0.1765550170859333,98.06414359437314,0.013472974300384521,0.17480897903442383,157.63129729550855,ELBOWS_FLARED,pushup_elbows_03.mp4,21
149.2294732556155,174.9465478023632,1.0290828703434003,0.17865048032759662,94.93975540855338,0.0170782208442688,0.17798686027526855,153.86386948738493,ELBOWS_FLARED,pushup_elbows_03.mp4,24
123.69860070552186,178.18002403133042,1.031808708567673,0.18340826466172447,95.35338469276229,0.023652732372283936,0.18260818719863892,157.79393780339225,ELBOWS_FLARED,pushup_elbows_03.mp4,27
95.67185348758613,177.8119241086636,1.0392247774786214,0.18905980983541942,96.46531554912022,0.03168049454689026,0.18785730004310608,164.0021270970473,ELBOWS_FLARED,pushup_elbows_03.mp4,30
64.74113931537306,175.67764099140481,1.0287126789881322,0.18413097376670529,95.00456881602929,0.03895074129104614,0.18342894315719604,155.2840099722202,ELBOWS_FLARED,pushup_elbows_03.mp4,33
60.25862205598663,171.76507157899695,1.0322099836275256,0.18254832202774757,95.74603216953327,0.04835057258605957,0.18163099884986877,153.36203967761958,ELBOWS_FLARED,pushup_elbows_03.mp4,36
77.2935793686515,172.59538224530897,1.021702328627304,0.1834097004519326,93.91997731961978,0.04869392514228821,0.18298056721687317,150.43462211847634,ELBOWS_FLARED,pushup_elbows_03.mp4,39
78.13551973797541,172.62670369638832,1.0134153203053389,0.18316523254967146,92.46255015285708,0.04906868934631348,0.18299606442451477,150.94163640148557,ELBOWS_FLARED,pushup_elbows_03.mp4,42
76.41178173284567,170.23304273306695,1.014441285856354,0.18265480574364004,92.68740830321117,0.047275543212890625,0.18245390057563782,147.00806425335944,ELBOWS_FLARED,pushup_elbows_03.mp4,45
85.52398942219527,167.94431921142728,1.0252776862328659,0.18389964631917427,94.61970781306196,0.046748220920562744,0.1833021342754364,146.69228146674132,ELBOWS_FLARED,pushup_elbows_03.mp4,48
104.71154875385096,170.0649598279526,1.0246139054599865,0.1857710483381153,94.41202676733026,0.041699349880218506,0.18522047996520996,146.24743340332662,ELBOWS_FLARED,pushup_elbows_03.mp4,51
66.30370412340068,171.3113640318412,1.023894586691259,0.18469641071925638,94.28152308376922,0.0672425627708435,0.18418091535568237,146.70581903867645,ELBOWS_FLARED,pushup_elbows_03.mp4,54
94.30330302990596,171.20112765731523,1.0341817333444248,0.18562489274439886,95.92959528612124,0.07142677903175354,0.1846316158771515,141.34191140401606,ELBOWS_FLARED,pushup_elbows_03.mp4,57
122.62980399359216,171.76337647338335,1.049626829758837,0.18123588032080054,98.59155298734393,0.052349984645843506,0.1792019009590149,143.57348696237938,ELBOWS_FLARED,pushup_elbows_03.mp4,60
146.69471719542045,171.9140017114951,1.076296586046131,0.18117081406847618,102.65054812083098,0.024100899696350098,0.17677220702171326,144.4733579430633,ELBOWS_FLARED,pushup_elbows_03.mp4,63
156.8868809206929,169.25657895214917,1.1098798962621799,0.1867371784248566,107.11214834430642,0.013538450002670288,0.17846953868865967,144.8090734121349,ELBOWS_FLARED,pushup_elbows_03.mp4,66
159.06786756035476,169.8554074024828,1.155076766930569,0.19262287540008385,112.59834303938374,0.011178553104400635,0.17783194780349731,157.01017507414628,ELBOWS_FLARED,pushup_elbows_03.mp4,69
163.08896382204986,167.47039230781638,1.2009754866811817,0.20101850201855254,117.11811770195415,0.009048014879226685,0.17891794443130493,158.38245584825177,ELBOWS_FLARED,pushup_elbows_03.mp4,72
165.2917668289858,164.27385586992816,1.2368042105337258,0.2026683868002088,120.95877338989735,0.004749923944473267,0.17379269003868103,157.25431716634017,ELBOWS_FLARED,pushup_elbows_03.mp4,75
164.68319884436877,167.67307482454567,1.2397895539483628,0.20656980196562544,120.43604968727644,0.004547566175460815,0.17810049653053284,159.2702166811163,ELBOWS_FLARED,pushup_elbows_03.mp4,78
164.54142252619172,166.80618477262246,1.2448668001320846,0.20708448244415947,121.0330523652311,0.0049800872802734375,0.17744138836860657,160.41425771933635,ELBOWS_FLARED,pushup_elbows_03.mp4,81
165.83091253919144,164.0400273419939,1.2745845386634092,0.21140122540984554,123.6172635960448,0.002192169427871704,0.1760416328907013,160.4568356543791,ELBOWS_FLARED,pushup_elbows_03.mp4,84
166.78192866408963,165.0259537177565,1.2597358300817076,0.21051928449550739,122.22693238827075,0.0023750364780426025,0.1780838668346405,160.31519762020466,ELBOWS_FLARED,pushup_elbows_03.mp4,87
166.29983786292908,163.55134986783037,1.2501981783214724,0.20789772236399823,122.03106085378373,0.0021847188472747803,0.17624419927597046,164.00128195547185,ELBOWS_FLARED,pushup_elbows_03.mp4,90
165.06901725260605,160.0245771575402,1.2556742890758898,0.20784080169966104,123.1664908344638,0.0033032000064849854,0.17397671937942505,163.27480430471883,ELBOWS_FLARED,pushup_elbows_03.mp4,93
164.9416604801432,158.51089402040554,1.2371756579599302,0.2054092418671892,121.97460398494809,0.002843499183654785,0.174241840839386,164.9439095567545,ELBOWS_FLARED,pushup_elbows_03.mp4,96
163.68612975860276,161.53786600992728,1.184418117195301,0.1960239263631467,117.17020277970725,0.0025206804275512695,0.17439112067222595,165.79221106563406,ELBOWS_FLARED,pushup_elbows_03.mp4,99
149.47900643234766,165.07432564293111,1.1447605783786259,0.1921584118470046,112.2962738438224,0.015043437480926514,0.17779001593589783,158.49442612055967,ELBOWS_FLARED,pushup_elbows_03.mp4,102
130.62359248573551,166.12144995066987,1.1181269586833444,0.19006206138862522,108.81798182378627,0.04128575325012207,0.17990177869796753,154.24069682942385,ELBOWS_FLARED,pushup_elbows_03.mp4,105
104.691980937707,167.55536547194205,1.0899455814660204,0.18791963268147355,104.87169640450307,0.04600319266319275,0.18162420392036438,151.89417686830123,ELBOWS_FLARED,pushup_elbows_03.mp4,108
78.04771824288129,168.79437209775622,1.0692185243315515,0.18592822169755094,101.81822561070355,0.049144893884658813,0.18198654055595398,151.88459081752535,ELBOWS_FLARED,pushup_elbows_03.mp4,111
66.6556590856899,168.71453872808584,1.0522809767757901,0.1838657677147965,99.21692948255074,0.05587393045425415,0.18149161338806152,150.73422401140934,ELBOWS_FLARED,pushup_elbows_03.mp4,114
57.17029219563643,167.6653692553342,1.0469266642387334,0.18406495742751222,98.37282368052318,0.053649574518203735,0.18210288882255554,151.1118074476509,ELBOWS_FLARED,pushup_elbows_03.mp4,117
63.28127859136142,165.7160640092096,1.0328485849418632,0.1805804023274824,96.13053818350126,0.052108585834503174,0.17954757809638977,147.31103902837316,ELBOWS_FLARED,pushup_elbows_03.mp4,120
87.1926205460102,163.4457219035097,1.0383467846590584,0.18340522755370478,97.06862724855577,0.04502639174461365,0.18201109766960144,147.68133367167215,ELBOWS_FLARED,pushup_elbows_03.mp4,123
97.3480496086435,163.22261565363917,1.0395670700638746,0.18368382572414657,97.29012750078292,0.05073615908622742,0.18219882249832153,147.50322495549685,ELBOWS_FLARED,pushup_elbows_03.mp4,126
106.73868970156758,161.07320338672852,1.0493827236157272,0.18469003527943267,98.97570783707329,0.046683311462402344,0.18242818117141724,148.84337601969835,ELBOWS_FLARED,pushup_elbows_03.mp4,129
96.1959921729199,159.55805157754457,1.058396660975351,0.18487315291300874,100.49737681012685,0.044309645891189575,0.18177863955497742,153.6339405857139,ELBOWS_FLARED,pushup_elbows_03.mp4,132
58.63095185785042,163.05784608020582,1.0601501477494122,0.1876544119435222,100.40834316060233,0.044777095317840576,0.18456625938415527,157.42921709871928,ELBOWS_FLARED,pushup_elbows_03.mp4,135
90.10416083682945,166.7942767762519,1.0649846247783794,0.1854507985397007,101.07498420762961,0.05625215172767639,0.18199670314788818,157.53182245441434,ELBOWS_FLARED,pushup_elbows_03.mp4,138
128.41403132171192,167.24579779619506,1.0757590312108303,0.18361816457160846,102.82350087094574,0.04546192288398743,0.1790379285812378,159.07775517543757,ELBOWS_FLARED,pushup_elbows_03.mp4,141
158.06509204590355,168.70239263364684,1.1060859390274875,0.18687676258878655,107.0983046516074,0.011968046426773071,0.1786162257194519,162.70693189427826,ELBOWS_FLARED,pushup_elbows_03.mp4,144
161.78837039978106,168.2308752285166,1.1318707497015355,0.1913973228266023,110.13031250854844,0.006862431764602661,0.17970404028892517,158.33547488967275,ELBOWS_FLARED,pushup_elbows_03.mp4,147
161.637571478713,166.63247179444622,1.165467384822017,0.19507021924590895,114.13341240324854,0.008054882287979126,0.1780184507369995,161.75205716772,ELBOWS_FLARED,pushup_elbows_03.mp4,150
162.30186399035983,162.55074752426734,1.2086394586414237,0.20066833931661526,118.48847897393124,0.007990807294845581,0.17636743187904358,155.21914743403752,ELBOWS_FLARED,pushup_elbows_03.mp4,153
164.8680322403886,160.0654141057573,1.241082632525543,0.20366741715671138,121.63486645619996,0.002976715564727783,0.17340081930160522,156.38297437137552,ELBOWS_FLARED,pushup_elbows_03.mp4,156
166.73257097192962,160.58162307699104,1.2631708991416724,0.20955166293994745,123.04508612048413,0.0007592439651489258,0.1756514012813568,162.24954747864643,ELBOWS_FLARED,pushup_elbows_03.mp4,159
168.6121401458052,158.7562015748922,1.3086620385984353,0.2160791613461853,126.50417038458382,0.0061428844928741455,0.17368295788764954,162.45428962693182,ELBOWS_FLARED,pushup_elbows_03.mp4,162
168.93479160620464,162.4633885101367,1.278788439824195,0.2123074129625506,123.94715029691311,0.005157351493835449,0.17611649632453918,163.56076564921824,ELBOWS_FLARED,pushup_elbows_03.mp4,165
169.21019189436683,164.2191234856063,1.268595409526134,0.21004274531796358,123.42527519214644,0.005630522966384888,0.17529907822608948,167.74396477475292,ELBOWS_FLARED,pushup_elbows_03.mp4,168
169.11671924801507,164.49885265442015,1.264725178823485,0.20969611010076167,123.09414534874027,0.0049626827239990234,0.17567449808120728,165.7847470843198,ELBOWS_FLARED,pushup_elbows_03.mp4,171
169.35915505057358,162.50617373165102,1.2795430796107534,0.21199208144205683,124.45899424651577,0.004926949739456177,0.17479023337364197,165.37155664123114,ELBOWS_FLARED,pushup_elbows_03.mp4,174
169.90969556528438,160.95573509627886,1.292560984244035,0.2135644564688048,125.78010125301265,0.005653053522109985,0.17325356602668762,164.13825366230526,ELBOWS_FLARED,pushup_elbows_03.mp4,177
170.1518090610869,160.75974354117395,1.2907997103768403,0.21305368516914025,125.81709125853429,0.005957841873168945,0.17275872826576233,164.1451567288326,ELBOWS_FLARED,pushup_elbows_03.mp4,180
170.32833284313702,160.5840445561749,1.2850180280337271,0.21190958805346652,125.48799923862838,0.006088137626647949,0.17254051566123962,163.99839667023284,ELBOWS_FLARED,pushup_elbows_03.mp4,183
170.0660437494529,160.4258447412881,1.275500410203042,0.21066947323682694,124.85219556810024,0.005591452121734619,0.1728774905204773,163.65351951633357,ELBOWS_FLARED,pushup_elbows_03.mp4,186
169.68939771089936,158.56384884468085,1.2672054626682197,0.20828200875672467,124.35741560090851,0.0052915215492248535,0.17193984985351562,156.27354646167058,ELBOWS_FLARED,pushup_elbows_03.mp4,189
168.44278829588592,156.84422205044388,1.2586711735877454,0.20518429968022925,123.95099237486536,0.002883821725845337,0.17019981145858765,150.1831211280203,ELBOWS_FLARED,pushup_elbows_03.mp4,192
167.79503086356468,158.3083664729243,1.2322961454674823,0.20113959023262198,121.64979677090979,0.0018224120140075684,0.17122110724449158,152.16317123017058,ELBOWS_FLARED,pushup_elbows_03.mp4,195
166.76644514725746,160.2707435928237,1.1873091657142627,0.19186834330243802,117.57651718121897,0.0003784000873565674,0.1700684130191803,149.78102085737999,ELBOWS_FLARED,pushup_elbows_03.mp4,198
155.003251374801,163.33854216865168,1.1368939984587594,0.18393976785378244,111.90738691510127,0.008061796426773071,0.17065563797950745,150.99698098511016,ELBOWS_FLARED,pushup_elbows_03.mp4,201
124.2652649927327,165.09695058137262,1.117246212918889,0.18795317816246856,108.70044704706791,0.020847707986831665,0.1780296266078949,149.82581509592998,ELBOWS_FLARED,pushup_elbows_03.mp4,204
92.32901482859977,168.9704835521537,1.0827849899307342,0.18566547670757463,103.76504468491198,0.023983418941497803,0.1803325116634369,147.10041746136983,ELBOWS_FLARED,pushup_elbows_03.mp4,207
57.95181305061933,171.3149140145637,1.0453671103615214,0.18248557114429984,97.98914004120572,0.03318887948989868,0.18071424961090088,148.53970826583043,ELBOWS_FLARED,pushup_elbows_03.mp4,210
65.61258403229145,169.68870355796096,1.038965772973082,0.18134726568466536,97.01449121836995,0.037242591381073,0.1799897849559784,149.6607209450933,ELBOWS_FLARED,pushup_elbows_03.mp4,213
57.458587283509914,172.13733061187696,1.021016196660488,0.18099591431396456,93.86442601355552,0.042782366275787354,0.18058434128761292,151.2538557723832,ELBOWS_FLARED,pushup_elbows_03.mp4,216
70.22722194244037,168.56098330407033,1.018220579290597,0.1811524032194929,93.41057830734445,0.041775286197662354,0.18083152174949646,148.15913365244026,ELBOWS_FLARED,pushup_elbows_03.mp4,219
74.23679954215136,166.47897593037862,1.0304697677545225,0.18504828754569755,95.52086967994592,0.039292216300964355,0.1841897964477539,149.01000720418082,ELBOWS_FLARED,pushup_elbows_03.mp4,222
66.76984573787531,165.99054572467318,1.0288234378958518,0.1840076193082792,95.28182757536624,0.04254668951034546,0.18322622776031494,149.4452888963423,ELBOWS_FLARED,pushup_elbows_03.mp4,225
66.08061915975252,164.69074467076746,1.0354835515856398,0.18469788038970925,96.4677589178714,0.041994065046310425,0.18352222442626953,149.06899250972336,ELBOWS_FLARED,pushup_elbows_03.mp4,228
94.74322863981878,162.17923214681048,1.0429985047782886,0.18368442507110588,97.83050795575183,0.03136950731277466,0.1819714605808258,147.26331712297966,ELBOWS_FLARED,pushup_elbows_03.mp4,231
101.4139104508483,161.29501956467098,1.0493942014007276,0.18456593482477102,98.88374339987338,0.023825258016586304,0.18235158920288086,145.97563132468014,ELBOWS_FLARED,pushup_elbows_03.mp4,234
97.55245322589367,164.05890000961165,1.0481892398570094,0.18244439702588958,98.73069568963308,0.06436866521835327,0.18033012747764587,147.1052021984884,ELBOWS_FLARED,pushup_elbows_03.mp4,237
121.85675201255813,166.38911796435852,1.0573880825458024,0.17796587687228113,100.40664703792395,0.07261347770690918,0.17503809928894043,147.31637388853784,ELBOWS_FLARED,pushup_elbows_03.mp4,240
142.53284987783144,168.82949169301884,1.0690147524777989,0.1761340491692018,102.2966298360702,0.05584120750427246,0.1720927357673645,141.29946700893237,ELBOWS_FLARED,pushup_elbows_03.mp4,243
150.03124249185646,173.4851252846691,1.0765397422171252,0.17921344542281523,102.95735790537003,0.020863890647888184,0.1746496558189392,154.6774338965283,ELBOWS_FLARED,pushup_elbows_03.mp4,246
156.98616048023203,168.92388291856452,1.124876741425499,0.1859639716399111,109.49830925967704,0.010967731475830078,0.17529800534248352,151.4074074111758,ELBOWS_FLARED,pushup_elbows_03.mp4,249
167.37281540847405,164.62277669723468,1.1555694155010123,0.19183635022052756,113.06281005090669,0.001470029354095459,0.17650234699249268,147.68680696990313,ELBOWS_FLARED,pushup_elbows_03.mp4,252
167.96184544741303,157.6838247853582,1.2179529293082818,0.20139928976731264,119.74204540940181,0.0009177625179290771,0.17486566305160522,145.00215083213024,ELBOWS_FLARED,pushup_elbows_03.mp4,255
169.26480751705088,153.29594212064805,1.2742488420617983,0.21092927001364603,124.91842564539415,0.004330962896347046,0.17295122146606445,151.00437806901996,ELBOWS_FLARED,pushup_elbows_03.mp4,258
170.54817132558517,152.48263307947357,1.2918371668364135,0.2124413398350431,126.71168092530311,0.00880974531173706,0.1702999472618103,155.31343721473857,ELBOWS_FLARED,pushup_elbows_03.mp4,261
170.50816725286063,151.8777662802023,1.317871941637715,0.21665181658616867,128.771839121835,0.010141998529434204,0.16890665888786316,165.1973535467694,ELBOWS_FLARED,pushup_elbows_03.mp4,264
168.7757284645539,153.5178612081671,1.2972211879485864,0.21364618304371566,127.16084225278496,0.00813862681388855,0.1702592372894287,169.6902529048721,ELBOWS_FLARED,pushup_elbows_03.mp4,267
168.6799453877666,153.6973439516526,1.2903038194870184,0.21324017180578128,126.55478972578196,0.007558315992355347,0.17128878831863403,169.07911085496823,ELBOWS_FLARED,pushup_elbows_03.mp4,270
168.83286502509833,152.8739758108977,1.3024716157211171,0.21752684414125414,127.59705761051487,0.008348941802978516,0.17234638333320618,173.22169574935708,ELBOWS_FLARED,pushup_elbows_03.mp4,273
168.30607239919385,153.376645990295,1.2991767240828995,0.21809309372535282,127.24115462398825,0.006897002458572388,0.17361831665039062,173.1115521963725,ELBOWS_FLARED,pushup_elbows_03.mp4,276
167.67229448944215,152.19782612954648,1.2943870344411919,0.21344695858949164,127.76173093266571,0.005652636289596558,0.16873878240585327,162.5288399330336,ELBOWS_FLARED,pushup_elbows_03.mp4,279
159.31929094820404,149.47737297062608,1.2819842085269062,0.20875254779085756,127.26412888595421,0.003655552864074707,0.16613167524337769,155.60266606690962,ELBOWS_FLARED,pushup_elbows_03.mp4,282
159.11033080525476,151.7533339770514,1.2415183827194172,0.20147237244230706,123.91787654205656,0.0039052963256835938,0.1671857237815857,150.57269840100608,ELBOWS_FLARED,pushup_elbows_03.mp4,285
158.95024639442613,152.62869039500163,1.2117263811406696,0.1974278379636026,121.10497810682803,0.003812164068222046,0.16903898119926453,153.1575014543724,ELBOWS_FLARED,pushup_elbows_03.mp4,288
152.06974554521742,151.60664051083282,1.1740141442427925,0.19247763335047918,117.09916830761298,0.008017748594284058,0.17134499549865723,146.03765735907513,ELBOWS_FLARED,pushup_elbows_03.mp4,291
136.09364539203463,155.07801887301832,1.1546533606657532,0.1911025165591022,114.6608994205487,0.01836264133453369,0.17367073893547058,154.49024735932065,ELBOWS_FLARED,pushup_elbows_03.mp4,294
73.43104307165133,158.20723795652123,1.120824706577915,0.18642414666549798,110.10061281454755,0.043425172567367554,0.17506790161132812,148.34984231312916,ELBOWS_FLARED,pushup_elbows_03.mp4,297
57.30591857329296,162.3216358815496,1.0839352856958382,0.1800356083348443,104.88781559088565,0.0412137508392334,0.17399126291275024,150.3572602226177,ELBOWS_FLARED,pushup_elbows_03.mp4,300
39.25630625739933,166.36375871212977,1.0534132138538865,0.17904482930895194,99.77717296485363,0.036198437213897705,0.17644402384757996,149.61601439222235,ELBOWS_FLARED,pushup_elbows_03.mp4,303
30.070696323710663,166.35813183680295,1.0356271428290746,0.17826705227238318,96.68440964529476,0.03912019729614258,0.17705512046813965,148.96305999213226,ELBOWS_FLARED,pushup_elbows_03.mp4,306
30.942518920019154,163.15145131683244,1.0356443180842483,0.1776941722672314,96.81334719716125,0.03532111644744873,0.17643913626670837,152.1871854112914,ELBOWS_FLARED,pushup_elbows_03.mp4,309
34.968377020301574,161.88201274566106,1.0359294538762371,0.17570673010501053,96.97152201917949,0.03699401021003723,0.17440751194953918,151.10558571382268,ELBOWS_FLARED,pushup_elbows_03.mp4,312
36.948210105597425,161.30756241559553,1.030514220758815,0.17521220615505756,95.98364445480358,0.03796184062957764,0.17425748705863953,150.14791547541876,ELBOWS_FLARED,pushup_elbows_03.mp4,315
36.685081674088174,158.19117484746465,1.0414406748092495,0.17751468026437742,97.98702387740563,0.03485292196273804,0.17579251527786255,152.38992278489133,ELBOWS_FLARED,pushup_elbows_03.mp4,318
40.10091484907189,158.4737563122593,1.041039266248267,0.1758125832196672,97.97080134356717,0.03698471188545227,0.17411383986473083,155.27434976956988,ELBOWS_FLARED,pushup_elbows_03.mp4,321
48.27022641652412,157.06322867971423,1.0477128984468087,0.1791492600645963,99.02669754961916,0.04109892249107361,0.17693030834197998,161.17195879315204,ELBOWS_FLARED,pushup_elbows_03.mp4,324
55.818837606063774,155.15268414749485,1.0539659594538948,0.17949390604807752,100.13563297972833,0.04513537883758545,0.176692396402359,160.23157162005015,ELBOWS_FLARED,pushup_elbows_03.mp4,327
77.22838636068,152.75759900652443,1.067899044244411,0.17872821127432154,102.66922629134086,0.06569352746009827,0.17437613010406494,159.55620240044522,ELBOWS_FLARED,pushup_elbows_03.mp4,330
119.41889323614718,159.93719198383647,1.0754240287160863,0.17900274676202554,103.70670744712285,0.03973540663719177,0.1739044189453125,161.55021730747856,ELBOWS_FLARED,pushup_elbows_03.mp4,333
145.14134522242662,168.6144464723461,1.0740615393974626,0.18051573985014693,102.86673920300669,0.017583608627319336,0.17598259449005127,157.33710154941133,ELBOWS_FLARED,pushup_elbows_03.mp4,336
148.42022005881,169.75367424513428,1.1048547039707695,0.18578395778153126,107.06204766124891,0.016593873500823975,0.1776062548160553,157.2522689005298,ELBOWS_FLARED,pushup_elbows_03.mp4,339
165.31271901569355,167.9984539740363,1.1327783130130147,0.1893762686590891,110.5851745325125,0.003201723098754883,0.177283376455307,159.87882848999973,ELBOWS_FLARED,pushup_elbows_03.mp4,342
162.75630721826164,161.85295491210553,1.181304792703097,0.1969736962430776,116.0882686823142,0.0046749114990234375,0.1769033968448639,170.71446314907067,ELBOWS_FLARED,pushup_elbows_03.mp4,345
163.20392145515189,156.92540360306273,1.2387233960496775,0.20869795368042596,121.43238956048889,0.00363314151763916,0.17806962132453918,168.1074288354415,ELBOWS_FLARED,pushup_elbows_03.mp4,348
165.70658739852612,150.67729454608235,1.2827235094981078,0.21439171363809464,125.57024864787361,0.0023437440395355225,0.17438268661499023,164.91996334770445,ELBOWS_FLARED,pushup_elbows_03.mp4,351
167.58629468562904,153.34953595921124,1.2977733875481594,0.21540110292479592,126.93434771394881,0.007348865270614624,0.17217087745666504,170.96138613385565,ELBOWS_FLARED,pushup_elbows_03.mp4,354
167.03838880130633,157.36979519070215,1.2749975730214202,0.2110137506180743,124.7837776302083,0.005780577659606934,0.17330390214920044,175.8561265260715,ELBOWS_FLARED,pushup_elbows_03.mp4,357
166.26536117289845,159.33860307134074,1.2624961395571603,0.2092569351429144,123.62664922766426,0.0039431750774383545,0.1742369830608368,174.9763011766437,ELBOWS_FLARED,pushup_elbows_03.mp4,360
166.080316024179,158.60529258046827,1.2602893757751137,0.20937023229417,123.44699328264747,0.002980172634124756,0.17469406127929688,173.5530586113335,ELBOWS_FLARED,pushup_elbows_03.mp4,363
165.2162932623047,159.54186892781385,1.2488055862789706,0.2061210685788667,122.87541373479347,0.0012227296829223633,0.17310786247253418,168.48524837353514,ELBOWS_FLARED,pushup_elbows_03.mp4,366
164.12427917970132,157.91696632867647,1.2466169633205078,0.20503693089973363,123.05477208244855,0.00019788742065429688,0.17184805870056152,161.64919457698747,ELBOWS_FLARED,pushup_elbows_03.mp4,369
162.55277252365903,156.2714925190444,1.2295604549179784,0.19821972439503177,122.33723432758421,0.0024091005325317383,0.16747531294822693,154.0010626544253,ELBOWS_FLARED,pushup_elbows_03.mp4,372
162.26382951403846,153.48508639474787,1.228907222815156,0.19690916650948703,123.03772296290222,0.002086728811264038,0.16506773233413696,150.67701467922421,ELBOWS_FLARED,pushup_elbows_03.mp4,375
160.02190873381778,153.49953887107338,1.1983355082417793,0.19316232527522523,120.15462545564856,0.0037370026111602783,0.1670193076133728,152.0495405880189,ELBOWS_FLARED,pushup_elbows_03.mp4,378
155.87963188002374,154.92802959722198,1.1773568723530587,0.1901794489679867,117.93268431645575,0.00668296217918396,0.16802078485488892,153.88392508792882,ELBOWS_FLARED,pushup_elbows_03.mp4,381
147.73603862233668,157.02508413504148,1.151484383756741,0.18495636819333897,115.09948142295026,0.012644767761230469,0.1674894392490387,155.48488119763434,ELBOWS_FLARED,pushup_elbows_03.mp4,384
107.43817424419406,156.27164648589434,1.1309360461930524,0.1846325478819177,112.11285688579449,0.018355727195739746,0.17105022072792053,150.29163319976598,ELBOWS_FLARED,pushup_elbows_03.mp4,387
66.5434819638581,160.17887571516778,1.0922037176879433,0.1788468634586917,106.49285912611127,0.034451812505722046,0.17148739099502563,149.91940069453,ELBOWS_FLARED,pushup_elbows_03.mp4,390
44.357655610736344,164.34307338991312,1.0630174079291186,0.18026804646608285,101.46298203394704,0.031406790018081665,0.17667189240455627,151.4418982720808,ELBOWS_FLARED,pushup_elbows_03.mp4,393
41.96036314767393,161.1353445271507,1.0501912358979142,0.1784704824839951,99.38190178131786,0.037023067474365234,0.17608293890953064,147.06461768899527,ELBOWS_FLARED,pushup_elbows_03.mp4,396
41.337752703726046,157.8437983434862,1.0541266218501637,0.17722280317084163,100.2704959795627,0.036582380533218384,0.17438283562660217,147.2743420840662,ELBOWS_FLARED,pushup_elbows_03.mp4,399
37.25573873871844,157.58149484342908,1.0501903653177012,0.1778138689166711,99.57284682655514,0.03624850511550903,0.1753375232219696,148.44189847425494,ELBOWS_FLARED,pushup_elbows_03.mp4,402
38.57472340587953,156.84875335409924,1.051719802447451,0.1800103236037032,99.76678290638709,0.040078938007354736,0.17740103602409363,150.81634057005348,ELBOWS_FLARED,pushup_elbows_03.mp4,405
39.33403272457577,157.93483256091412,1.0489795052167943,0.18028283219724656,99.22040782107622,0.04083225131034851,0.17795318365097046,149.59334840921287,ELBOWS_FLARED,pushup_elbows_03.mp4,408
45.73049880440815,158.64489038774286,1.048945585108689,0.18079597134635164,99.1652934750542,0.04254370927810669,0.17848747968673706,150.50968529549712,ELBOWS_FLARED,pushup_elbows_03.mp4,411
71.43389366651004,159.3651416619838,1.052044879494978,0.18161550949479507,99.61749166126017,0.0416693389415741,0.1790626347064972,154.98111371893273,ELBOWS_FLARED,pushup_elbows_03.mp4,414
84.00972256495766,169.00802186071903,1.0278234764840106,0.18197882444176175,95.09634659688933,0.04167050123214722,0.18125933408737183,159.66226738222173,ELBOWS_FLARED,pushup_elbows_03.mp4,417
102.30770091442281,173.1652430151696,1.027602073522845,0.1824903711287225,94.94527144665497,0.04460003972053528,0.18181097507476807,160.2006357759935,ELBOWS_FLARED,pushup_elbows_03.mp4,420
133.82709613691006,176.82416551255935,1.0429431483386764,0.1832153897554645,97.33047783206287,0.024910032749176025,0.18171775341033936,157.66620173625856,ELBOWS_FLARED,pushup_elbows_03.mp4,423
145.4696246486266,174.02660402491753,1.0710621184946876,0.18771564868815252,101.48631722887137,0.01882031559944153,0.18395572900772095,165.49888571467733,ELBOWS_FLARED,pushup_elbows_03.mp4,426
158.58308548512963,168.79656848415738,1.1199049189200143,0.18917289800000142,108.47573087143873,0.008366137742996216,0.17942148447036743,161.1159674377363,ELBOWS_FLARED,pushup_elbows_03.mp4,429
162.97388598205958,164.95599325618466,1.157896581965204,0.1963465202738437,112.76264568267507,0.006422549486160278,0.181052565574646,156.700339233352,ELBOWS_FLARED,pushup_elbows_03.mp4,432
165.86694598612453,158.51573595248257,1.2113732874644954,0.20307175124786733,118.64699870265258,0.001273810863494873,0.17821112275123596,153.74182934699743,ELBOWS_FLARED,pushup_elbows_03.mp4,435
167.67556646484792,153.1119919864069,1.2695219347573903,0.20772203619012228,124.65137893491233,0.0047416090965271,0.17087379097938538,151.6157349105045,ELBOWS_FLARED,pushup_elbows_03.mp4,438
167.09357921290527,154.82358423923898,1.2786232078876953,0.20949612736745618,125.40594930516521,0.004446357488632202,0.17074939608573914,161.16418852812902,ELBOWS_FLARED,pushup_elbows_03.mp4,441
168.493244991981,161.22861119590385,1.2772406300848507,0.21200970747174033,124.4156407082987,0.007604062557220459,0.1748954951763153,168.5238789018624,ELBOWS_FLARED,pushup_elbows_03.mp4,444
161.91121344240608,161.58425815062822,1.2615571379907957,0.2089975012763449,123.34050325522648,3.147125244140625e-05,0.1745968759059906,172.59697422713703,ELBOWS_FLARED,pushup_elbows_03.mp4,447
161.86789857630205,162.34354770813275,1.2596278268923435,0.20822579178628006,123.352084789554,0.00029283761978149414,0.17392903566360474,174.1141926272946,ELBOWS_FLARED,pushup_elbows_03.mp4,450
162.16814214323898,162.1928775710323,1.2634497873994264,0.20819633138317314,123.8374466832602,0.0012908875942230225,0.17292845249176025,176.04585719385207,ELBOWS_FLARED,pushup_elbows_03.mp4,453
162.47698973463494,163.18927894762314,1.2481571748913254,0.20647221357571185,122.39232319166798,0.001562744379043579,0.17434167861938477,171.6009115918018,ELBOWS_FLARED,pushup_elbows_03.mp4,456
167.09788281884497,162.48626546816593,1.2446790629813882,0.203294897878335,122.55993134123553,0.006340354681015015,0.17133939266204834,166.4883034173434,ELBOWS_FLARED,pushup_elbows_03.mp4,459
166.46801685325403,161.60792395893995,1.2365388433318096,0.20306396244336192,121.89727199589548,0.0040919482707977295,0.17239737510681152,162.80483962543056,ELBOWS_FLARED,pushup_elbows_03.mp4,462
164.65826808330914,160.2104374287066,1.2016395246786924,0.19755434456397708,119.26972407263709,0.0018209218978881836,0.1723293960094452,162.2035260323912,ELBOWS_FLARED,pushup_elbows_03.mp4,465
151.77200520409542,162.1869240933685,1.158368874833303,0.19101656693118033,114.66925368591704,0.00986170768737793,0.17358100414276123,160.41729180305876,ELBOWS_FLARED,pushup_elbows_03.mp4,468
114.05509913405491,167.4160057045561,1.1206083827465427,0.18765300199955745,109.52621005581061,0.037049949169158936,0.17685964703559875,158.66966505510393,ELBOWS_FLARED,pushup_elbows_03.mp4,471
93.36444413367931,170.99075942729573,1.0863281948333807,0.18455042881020045,104.57852531199153,0.034472525119781494,0.17860791087150574,158.1112356165234,ELBOWS_FLARED,pushup_elbows_03.mp4,474
70.60614912401208,172.42421573509338,1.0565510351296674,0.18158370372552207,99.94556223857526,0.0326363742351532,0.17885461449623108,154.06750217531058,ELBOWS_FLARED,pushup_elbows_03.mp4,477
52.924208835916595,168.1347029791689,1.0501125379461869,0.18436256897284758,98.87618631841613,0.03143203258514404,0.18215441703796387,152.71204324795156,ELBOWS_FLARED,pushup_elbows_03.mp4,480
62.99138483389964,167.15104189402288,1.0370602045541322,0.18382889639874486,96.7102851709361,0.031052470207214355,0.1825694739818573,152.37884027676304,ELBOWS_FLARED,pushup_elbows_03.mp4,483
65.21356635345217,165.4636718700543,1.0398020513524,0.1851852636379599,97.18840191727712,0.03471797704696655,0.18372955918312073,153.92213149116333,ELBOWS_FLARED,pushup_elbows_03.mp4,486
62.01105792315666,163.2757439920752,1.0403091561773474,0.1839332123187651,97.39265552250875,0.03258976340293884,0.18240413069725037,156.3429995185472,ELBOWS_FLARED,pushup_elbows_03.mp4,489
71.10972849282588,163.55382774998407,1.0427592915746178,0.18360440249993823,97.81704535878397,0.03501933813095093,0.1818980574607849,153.53512005569937,ELBOWS_FLARED,pushup_elbows_03.mp4,492
86.5247530325497,162.98393485443594,1.0479298887049302,0.18510487166127565,98.64639226493671,0.032143622636795044,0.18300092220306396,152.68661673185497,ELBOWS_FLARED,pushup_elbows_03.mp4,495
79.64683380345993,161.2766415412424,1.0532999244488452,0.18444664730011442,99.59802701741455,0.036819249391555786,0.1818644404411316,158.67701535385234,ELBOWS_FLARED,pushup_elbows_03.mp4,498
62.838809884999435,164.83247933232744,1.0503909372371936,0.18413981110835784,99.01127370320827,0.04358363151550293,0.1818668246269226,164.55261335787557,ELBOWS_FLARED,pushup_elbows_03.mp4,501
80.80118838423313,168.40028109459467,1.0608042268722362,0.18573133458117652,100.41983768368934,0.042159050703048706,0.18266808986663818,160.56184911291032,ELBOWS_FLARED,pushup_elbows_03.mp4,504
118.72810032524079,169.95706816178284,1.073266188552585,0.18730574280296092,102.11663305535333,0.03127548098564148,0.18313255906105042,156.5384875141094,ELBOWS_FLARED,pushup_elbows_03.mp4,507
152.2354098553742,171.61168619196974,1.0956692421089516,0.18799231475059908,105.1438295767472,0.01392701268196106,0.18146321177482605,163.5989877964265,ELBOWS_FLARED,pushup_elbows_03.mp4,510
160.20465300174348,168.94864089708275,1.1293945678196127,0.1942729730068373,109.29802169997927,0.008747845888137817,0.18335607647895813,161.27864582889578,ELBOWS_FLARED,pushup_elbows_03.mp4,513
161.38125610183118,166.38850722046638,1.1717199070078383,0.2004105717499235,114.0506479916229,0.0077953338623046875,0.18301022052764893,160.95193992597532,ELBOWS_FLARED,pushup_elbows_03.mp4,516
166.22548496171282,162.41337025880537,1.2176895807611334,0.2008127976545854,119.32689274657868,0.00044402480125427246,0.1750737726688385,157.143443734701,ELBOWS_FLARED,pushup_elbows_03.mp4,519
165.533594282514,163.13309041699796,1.2450736436490242,0.20427375755554028,121.69526129006323,0.00036591291427612305,0.17380401492118835,155.81371576971162,ELBOWS_FLARED,pushup_elbows_03.mp4,522
167.75349944964435,162.42103048980366,1.2602000714245105,0.20794487671978878,122.71511480195622,0.0030350983142852783,0.17495474219322205,157.62498649320403,ELBOWS_FLARED,pushup_elbows_03.mp4,525
170.09841337029556,162.2823450731097,1.2625922137109673,0.20859472393112827,123.00894581266338,0.0070424675941467285,0.1749209761619568,159.4526687094343,ELBOWS_FLARED,pushup_elbows_03.mp4,528
171.2527325591165,161.42370118749594,1.2710963964706166,0.21025412762521922,123.58389717523931,0.008631527423858643,0.17515414953231812,158.42177826119766,ELBOWS_FLARED,pushup_elbows_03.mp4,531
170.14342106768012,163.42884557249423,1.2401205829822752,0.20548508366251833,121.00011628491337,0.006432056427001953,0.17613178491592407,159.86953299977714,ELBOWS_FLARED,pushup_elbows_03.mp4,534
169.26601951930868,162.56307182385584,1.2377488386429036,0.20468709649821237,121.07388033284663,0.005489051342010498,0.1753118932247162,162.11189302315185,ELBOWS_FLARED,pushup_elbows_03.mp4,537
167.537025105017,160.83953409859828,1.2421622965033834,0.20596233031669373,121.76459399649195,0.0024238228797912598,0.1751096546649933,162.3788713723134,ELBOWS_FLARED,pushup_elbows_03.mp4,540
167.0938171843042,162.72493344917615,1.206536344000564,0.199886022205892,118.71355819479625,0.001971989870071411,0.17530390620231628,164.38085442016575,ELBOWS_FLARED,pushup_elbows_03.mp4,543
163.093167164212,163.84309313270413,1.165291594984027,0.19474292445897504,114.52444470582486,0.0017929673194885254,0.17717215418815613,162.76704978945003,ELBOWS_FLARED,pushup_elbows_03.mp4,546
139.75258893026972,166.5916795613176,1.122274706560439,0.18821281494113828,109.48434064223615,0.025250494480133057,0.17743319272994995,162.41430886109876,ELBOWS_FLARED,pushup_elbows_03.mp4,549
115.30543768053977,169.32266198197357,1.0947207877223994,0.1894085211421176,105.33674689881904,0.048249632120132446,0.18266257643699646,159.4220277564793,ELBOWS_FLARED,pushup_elbows_03.mp4,552
102.77917606929819,169.7832886369295,1.0760772940692465,0.18708794456615027,102.76633046270666,0.044301837682724,0.18246251344680786,160.9461122407769,ELBOWS_FLARED,pushup_elbows_03.mp4,555
109.33626703116805,167.04736357453655,1.0645509246348377,0.18713064155559447,101.16710429030454,0.0626325011253357,0.1835872232913971,160.54393049626185,ELBOWS_FLARED,pushup_elbows_03.mp4,558
91.14490299017338,166.41818944699492,1.0506808587583916,0.18603121736942047,99.0203953255479,0.05692073702812195,0.18373024463653564,158.43428393140317,ELBOWS_FLARED,pushup_elbows_03.mp4,561
71.7634575641121,162.37958797141246,1.0539954156595086,0.18517086753682396,99.76533826735317,0.05365097522735596,0.1824875771999359,156.3865298047125,ELBOWS_FLARED,pushup_elbows_03.mp4,564
68.51415984977639,159.5332509506762,1.0499758544451512,0.18586471076903835,99.14654669640827,0.05408632755279541,0.18350118398666382,154.14230245476642,ELBOWS_FLARED,pushup_elbows_03.mp4,567
79.8719920122401,157.58354769613243,1.046840901417369,0.18322666821101294,98.74753179421343,0.04898318648338318,0.181095153093338,151.55756260393463,ELBOWS_FLARED,pushup_elbows_03.mp4,570
89.13056592459367,154.67961712140894,1.0616785408576346,0.18426440851564244,101.2792238537908,0.04780334234237671,0.18070507049560547,149.44940180029843,ELBOWS_FLARED,pushup_elbows_03.mp4,573
92.68651242474547,156.27379986808845,1.0637131931174186,0.18422722351830598,101.6030204917073,0.04876163601875305,0.1804620623588562,150.973206835834,ELBOWS_FLARED,pushup_elbows_03.mp4,576
100.60538496344257,155.73484927087512,1.070992389990493,0.18541979460579883,102.76203286978021,0.05626615881919861,0.1808386743068695,152.08332526820044,ELBOWS_FLARED,pushup_elbows_03.mp4,579
107.72615145856624,157.99034631906164,1.0798865024353432,0.18356516024228392,104.17798409640537,0.0663720965385437,0.17797306180000305,152.01996973103402,ELBOWS_FLARED,pushup_elbows_03.mp4,582
133.326218363701,159.76064465608877,1.0985560347844958,0.18533785292061228,106.84361179190174,0.028083592653274536,0.1773858368396759,150.26570887080197,ELBOWS_FLARED,pushup_elbows_03.mp4,585
150.45138730652212,163.2178682144496,1.1153813073067456,0.18754515095625968,108.7504317357327,0.01562473177909851,0.17759060859680176,159.31949676171672,ELBOWS_FLARED,pushup_elbows_03.mp4,588
157.51458985563988,160.9563648099202,1.159187266944223,0.19433613985314233,114.0602341491483,0.010533273220062256,0.17744988203048706,158.7012708292042,ELBOWS_FLARED,pushup_elbows_03.mp4,591
159.73673459006653,158.2821546743775,1.193837294000215,0.1997785450546453,117.63817996415723,0.00851258635520935,0.17698031663894653,158.64035564767175,ELBOWS_FLARED,pushup_elbows_03.mp4,594
161.971040891515,157.89118859760913,1.218726464192611,0.19953594131616417,120.36037945496692,0.004200786352157593,0.1721692979335785,152.62773185547275,ELBOWS_FLARED,pushup_elbows_03.mp4,597
164.06476617272313,155.45637689838787,1.260409936480469,0.20468826359306852,124.38444184646175,0.00012245774269104004,0.16891857981681824,153.91546778956408,ELBOWS_FLARED,pushup_elbows_03.mp4,600
164.666355467891,157.9585488172216,1.2581132150879866,0.2048858138866034,124.0461006375342,0.0012053251266479492,0.1697620153427124,159.49476417885847,ELBOWS_FLARED,pushup_elbows_03.mp4,603
165.77119206831506,160.13322852505195,1.2630886483239177,0.20672549207962918,123.96649373237948,0.003215581178665161,0.1714470088481903,161.27071690738208,ELBOWS_FLARED,pushup_elbows_03.mp4,606
166.07026745218832,161.2566911342743,1.2500831727045487,0.20499017667151198,122.90375203464488,0.003588080406188965,0.17210301756858826,164.30214085782805,ELBOWS_FLARED,pushup_elbows_03.mp4,609
165.43418201868403,160.71055780302964,1.25369475916729,0.20631511451142184,123.26326249115644,0.002033740282058716,0.17250868678092957,166.68126832103357,ELBOWS_FLARED,pushup_elbows_03.mp4,612
164.65035419167606,162.5089246153802,1.2402133150100159,0.20399988653237008,122.09508072014874,0.0014916658401489258,0.17281875014305115,165.62937922380766,ELBOWS_FLARED,pushup_elbows_03.mp4,615
164.27189331931194,159.55757775349423,1.2473685445034302,0.20611597184415578,123.08483792634293,0.00151863694190979,0.1726934313774109,165.13562852493962,ELBOWS_FLARED,pushup_elbows_03.mp4,618
163.8589799461165,159.15320189351573,1.2448666386876641,0.20411960944249607,123.1468166755699,0.00041961669921875,0.1709001064300537,163.45745111340057,ELBOWS_FLARED,pushup_elbows_03.mp4,621
163.86514766568837,159.95515909700114,1.2048646088366166,0.19684320280455259,119.83201427334188,0.0005382895469665527,0.17075619101524353,163.6957424670018,ELBOWS_FLARED,pushup_elbows_03.mp4,624
154.49017779854267,157.8947002504186,1.1817278476933315,0.19495647998142715,117.3226752441651,0.00826883316040039,0.17320391535758972,160.16897867768873,ELBOWS_FLARED,pushup_elbows_03.mp4,627
116.49476998491139,157.36157996334197,1.1505749421778206,0.19191468370118148,113.61999000093188,0.023161470890045166,0.17583489418029785,158.52328364384428,ELBOWS_FLARED,pushup_elbows_03.mp4,630
89.67208121984328,159.02319461276917,1.128139819815565,0.1897203924352661,110.76798414819133,0.03578278422355652,0.17739176750183105,154.09317008761,ELBOWS_FLARED,pushup_elbows_03.mp4,633
64.823815097417,161.2349330271751,1.1041216887113061,0.18565589755032103,107.58002542857885,0.03720194101333618,0.17698407173156738,151.38730794978733,ELBOWS_FLARED,pushup_elbows_03.mp4,636
37.32579023750443,163.94515805302208,1.0721272426367534,0.18478525993333994,102.59806097579319,0.03131973743438721,0.1803359091281891,150.20431838843777,ELBOWS_FLARED,pushup_elbows_03.mp4,639
37.550954195391284,165.9728117239633,1.047452370549499,0.18211742678713022,98.65538231964402,0.045192331075668335,0.18004313111305237,146.39459137236858,ELBOWS_FLARED,pushup_elbows_03.mp4,642
39.08629958373847,163.80150348599707,1.046179799876324,0.18146019902061916,98.55965149465189,0.04355025291442871,0.1794387698173523,148.5699823545313,ELBOWS_FLARED,pushup_elbows_03.mp4,645
68.64127859488006,162.0860467532453,1.0453172940824036,0.18100580783135806,98.49604167012835,0.04526627063751221,0.1790192425251007,152.746603916539,ELBOWS_FLARED,pushup_elbows_03.mp4,648
72.56806396520022,159.76656967716758,1.0574326441238857,0.18362104397328347,100.50795488425227,0.045477211475372314,0.18054130673408508,152.7386626744765,ELBOWS_FLARED,pushup_elbows_03.mp4,651
91.16820853967512,160.33298764076022,1.049696317677096,0.1829991835824093,99.16070582234283,0.04125627875328064,0.18066489696502686,150.6981713529456,ELBOWS_FLARED,pushup_elbows_03.mp4,654
101.89909350431277,159.7005885194228,1.0567938987698207,0.18389099683167676,100.33369585347587,0.03675788640975952,0.18090790510177612,150.12145143541935,ELBOWS_FLARED,pushup_elbows_03.mp4,657
98.36268279951697,160.0798854862886,1.059398507474221,0.18348235679040645,100.79265475953333,0.04426255822181702,0.18023642897605896,150.9846978914904,ELBOWS_FLARED,pushup_elbows_03.mp4,660
77.76987670313537,162.81996671585486,1.0558833053993415,0.18297219309356252,100.10411594000881,0.058429062366485596,0.18013408780097961,148.65542240625533,ELBOWS_FLARED,pushup_elbows_03.mp4,663
95.32589060315775,170.13981887866825,1.0514553235871642,0.18302326298748767,98.98779346785572,0.053723156452178955,0.18077579140663147,151.6402537187617,ELBOWS_FLARED,pushup_elbows_03.mp4,666
125.1513069378325,171.2446434785561,1.0687270635996236,0.18506347537583984,101.53809779182639,0.045002132654190063,0.18132328987121582,148.34776270279076,ELBOWS_FLARED,pushup_elbows_03.mp4,669
148.9673033232785,175.20385638492797,1.0754109958514497,0.18410875222634102,102.37384183009763,0.01956114172935486,0.17983147501945496,149.81621165427143,ELBOWS_FLARED,pushup_elbows_03.mp4,672
161.36479434838705,174.27920080465339,1.1082038905461031,0.18939918072553408,106.59061738870025,0.0072154700756073,0.18151351809501648,154.00552669910147,ELBOWS_FLARED,pushup_elbows_03.mp4,675
163.44234356839385,171.1772779215969,1.1296320665666992,0.18982169227810675,109.2047519566859,0.004646986722946167,0.17925679683685303,148.5524800333901,ELBOWS_FLARED,pushup_elbows_03.mp4,678
167.0476706534998,171.61475437277136,1.1552634070634342,0.19631854564095555,111.49433994396844,0.00023129582405090332,0.18266388773918152,143.09377002737497,ELBOWS_FLARED,pushup_elbows_03.mp4,681
164.7766723459634,135.33559222220762,1.1362633420341235,0.18026845249151519,105.44018183866359,0.03375881910324097,0.17376163601875305,172.00388405480481,GOOD_FORM,pushup_good_01.mp4,3
166.36650581723575,143.5374598979757,1.133406958347436,0.18066885516646777,105.13894819435481,0.03310704231262207,0.17439809441566467,179.25105295929555,GOOD_FORM,pushup_good_01.mp4,6
166.7355759964146,143.90429273615743,1.130961647872472,0.18149696191038303,104.82087867367396,0.031001895666122437,0.1754579246044159,179.09080823660395,GOOD_FORM,pushup_good_01.mp4,9
169.32686647827185,143.56448911385854,1.1303895194180458,0.1790858923999064,104.95636711063449,0.031650036573410034,0.17301824688911438,178.28154617045232,GOOD_FORM,pushup_good_01.mp4,12
170.18088245578818,143.61729017779922,1.12558520574708,0.1789820905534238,104.43557848954897,0.028885722160339355,0.17333072423934937,177.46984630383838,GOOD_FORM,pushup_good_01.mp4,15
169.76613687932291,143.65504179187752,1.1242062293120532,0.17689807349626463,104.46979173908981,0.026346683502197266,0.17128613591194153,178.4735817851092,GOOD_FORM,pushup_good_01.mp4,18
168.14164569670803,99.96373141909864,1.118889064465338,0.17534678596978145,104.03042218791644,0.02520310878753662,0.17011508345603943,166.3977752531486,GOOD_FORM,pushup_good_01.mp4,21
166.70952180031702,103.82346324464159,1.111833203245,0.1726482648789143,103.4514288781373,0.02359256148338318,0.16791152954101562,157.6667514455052,GOOD_FORM,pushup_good_01.mp4,24
165.86999169490122,135.68411208010423,1.0985993352668557,0.17102857264384463,102.02929986477598,0.020636051893234253,0.16727253794670105,177.08180580262692,GOOD_FORM,pushup_good_01.mp4,27
166.10861360808727,135.01292181163228,1.0943343797092164,0.1711894951706853,101.50499291435104,0.018753230571746826,0.16774943470954895,173.0341176813143,GOOD_FORM,pushup_good_01.mp4,30
166.5761696802341,136.87380412556527,1.0849000525323131,0.16967276148558494,100.41720564009881,0.01668640971183777,0.16687574982643127,177.65300761973674,GOOD_FORM,pushup_good_01.mp4,33
166.4531461193975,137.75106885662828,1.0841838788571518,0.16961348709063367,100.32903627803343,0.016427606344223022,0.16686445474624634,174.0932924704526,GOOD_FORM,pushup_good_01.mp4,36
166.78139744799125,135.14851285443245,1.0746272967029231,0.17009806559480645,99.1172602648918,0.016128987073898315,0.16794881224632263,175.19516035401531,GOOD_FORM,pushup_good_01.mp4,39
166.56131139711673,136.4566381314699,1.074245426655837,0.16984564188384196,99.09147238852142,0.016135841608047485,0.16771167516708374,172.85603400036806,GOOD_FORM,pushup_good_01.mp4,42
166.7468299893009,136.56818592064897,1.0752796400467017,0.17170954128820146,99.11318120298952,0.015772223472595215,0.1695418655872345,172.57067446143495,GOOD_FORM,pushup_good_01.mp4,45
166.78664284822196,135.8245191837927,1.0721874376554554,0.17172311559044784,98.76227466583161,0.016042470932006836,0.1697186827659607,172.81195041289442,GOOD_FORM,pushup_good_01.mp4,48
166.72477219780728,135.93810448375493,1.0724006553433854,0.17187253027663932,98.77895346447255,0.016300827264785767,0.16985872387886047,171.22673529172388,GOOD_FORM,pushup_good_01.mp4,51
166.7128725670001,136.3942902631469,1.0748662330298095,0.1719886388778592,99.05550996704079,0.016609549522399902,0.16984477639198303,170.1717058278592,GOOD_FORM,pushup_good_01.mp4,54
168.36020384635276,137.51515805378233,1.0800895379505426,0.17280781520860683,99.66430843754948,0.01495477557182312,0.17035508155822754,170.53162565980213,GOOD_FORM,pushup_good_01.mp4,57
168.00804973216097,135.65207458532723,1.0845150313366896,0.17288844983997556,100.20875266311029,0.016163736581802368,0.17015105485916138,177.41385908353743,GOOD_FORM,pushup_good_01.mp4,60
167.77644084858545,135.83567374573175,1.0897128486517216,0.17372883597747302,100.79004131699344,0.016979873180389404,0.17065691947937012,179.04370583156646,GOOD_FORM,pushup_good_01.mp4,63
169.63280724104538,138.3001763033089,1.091571994946309,0.17335312932079974,101.03483710968507,0.014519602060317993,0.1701476275920868,174.0688267805578,GOOD_FORM,pushup_good_01.mp4,66
169.48719272935966,139.9476851054653,1.0950630311713756,0.17359216262586924,101.44439246454915,0.014772385358810425,0.1701403558254242,171.02353210913893,GOOD_FORM,pushup_good_01.mp4,69
169.1267250201862,141.25261068620247,1.0990236257000172,0.17379658712286786,101.91329398090939,0.015244930982589722,0.17005276679992676,170.3221863653805,GOOD_FORM,pushup_good_01.mp4,72
168.9649400443888,141.77323808737515,1.1021986502117798,0.17404651560483766,102.2911467063142,0.015458345413208008,0.17005664110183716,170.47064183478173,GOOD_FORM,pushup_good_01.mp4,75
168.56636493958788,141.73833055666054,1.1027170548976122,0.1740110154700696,102.3565674394556,0.01598447561264038,0.1699795424938202,170.6187498256146,GOOD_FORM,pushup_good_01.mp4,78
168.76272324859258,142.57277823139896,1.1082471018791078,0.17448858555296287,102.99526362677831,0.015664100646972656,0.17001917958259583,170.29330410031199,GOOD_FORM,pushup_good_01.mp4,81
168.70473203789646,141.23526212137253,1.110439041676352,0.17460504986103545,103.20933539237657,0.01559537649154663,0.16998475790023804,173.43487470341927,GOOD_FORM,pushup_good_01.mp4,84
168.59508336982006,141.56910722629948,1.1116121073739609,0.17483921827300028,103.34156810591817,0.0157414972782135,0.17012006044387817,172.69281802563282,GOOD_FORM,pushup_good_01.mp4,87
168.6213651571287,141.3524471757248,1.1114359341861437,0.17584299010239604,103.24177377928704,0.01574757695198059,0.17116716504096985,172.2683682830212,GOOD_FORM,pushup_good_01.mp4,90
168.7185233065757,140.94727480851014,1.1102113866888375,0.17702205210873262,103.017883494675,0.015452027320861816,0.1724720299243927,171.51441559588758,GOOD_FORM,pushup_good_01.mp4,93
168.81282112065261,140.70261088477199,1.1079133522046796,0.17676495405418324,102.79155719114085,0.014942049980163574,0.17237749695777893,171.89355942158994,GOOD_FORM,pushup_good_01.mp4,96
169.30586435002513,140.52237337491923,1.1060252488336626,0.176437025379895,102.6089202808963,0.014192372560501099,0.1721813678741455,171.88987627723287,GOOD_FORM,pushup_good_01.mp4,99
169.426576333158,140.45048421431812,1.1053557769200992,0.17583657012926251,102.57787882692728,0.013809055089950562,0.17161616683006287,171.88274690550756,GOOD_FORM,pushup_good_01.mp4,102
169.81072070189953,140.24801380971994,1.1050477536749994,0.17556690040591766,102.56002790625516,0.012851864099502563,0.17136487364768982,171.88136111727968,GOOD_FORM,pushup_good_01.mp4,105
170.07666392413196,140.29128255314666,1.1058539286005955,0.17627157793459342,102.60649703849481,0.011846393346786499,0.1720215380191803,172.3703590587716,GOOD_FORM,pushup_good_01.mp4,108
169.88851142952592,140.5829125940519,1.1025843920371534,0.1751228630468321,102.28401798049876,0.011721581220626831,0.17111295461654663,170.35845729899614,GOOD_FORM,pushup_good_01.mp4,111
170.18931890129357,140.57332401462992,1.1026022200781735,0.1752328813779053,102.23703895521149,0.01106986403465271,0.17125096917152405,170.7640380311085,GOOD_FORM,pushup_good_01.mp4,114
170.2633990625039,137.50752609258961,1.0989400887712466,0.174039905318957,101.85138264145662,0.010661393404006958,0.17032957077026367,177.20976317197622,GOOD_FORM,pushup_good_01.mp4,117
169.85512459603808,138.29041399851778,1.0989765960415006,0.17378682863550513,101.87213397873482,0.010938018560409546,0.17006894946098328,176.77337251266715,GOOD_FORM,pushup_good_01.mp4,120
169.69611807609635,138.6254198529091,1.0990035087788803,0.17488296868227554,101.79417884515772,0.0108528733253479,0.17119044065475464,175.898182933343,GOOD_FORM,pushup_good_01.mp4,123
169.6368005777675,139.25786586906167,1.0996500098342434,0.17554780041162135,101.83195195767975,0.010937422513961792,0.17181754112243652,176.24212933375998,GOOD_FORM,pushup_good_01.mp4,126
169.57085005843405,140.12888717754925,1.1031398161754227,0.17634568798906186,102.2150117702296,0.010961562395095825,0.1723528504371643,176.12701969949248,GOOD_FORM,pushup_good_01.mp4,129
169.45586350854975,141.08609400903634,1.1106004890609278,0.1778468824258809,103.0078393648522,0.010865330696105957,0.1732826828956604,174.9673573127075,GOOD_FORM,pushup_good_01.mp4,132
169.17447579747537,142.7938872546978,1.1154840897871627,0.178529959542156,103.72988237292041,0.010632544755935669,0.17342796921730042,170.38362743633238,GOOD_FORM,pushup_good_01.mp4,135
169.0907021430575,143.88596312782119,1.1213282027501785,0.17940027295026797,104.41295572981988,0.010674118995666504,0.17375335097312927,170.3372487766236,GOOD_FORM,pushup_good_01.mp4,138
168.07940273212182,143.05328249286993,1.120264776293982,0.1802373412796865,104.22039589474699,0.012107670307159424,0.1747138798236847,172.66358483035313,GOOD_FORM,pushup_good_01.mp4,141
165.05005376071068,146.90586304605804,1.1354189460183886,0.18399741695122263,105.83899288325982,0.016331076622009277,0.17701071500778198,172.3853984978044,GOOD_FORM,pushup_good_01.mp4,144
161.79309262203114,150.62848588415721,1.15346721805051,0.1866961754817033,107.88713359685187,0.020762860774993896,0.1776709258556366,169.44641938962798,GOOD_FORM,pushup_good_01.mp4,147
159.3901435767377,153.54273594642441,1.1690802807147196,0.19231379941611812,109.39794143064277,0.025943994522094727,0.18139585852622986,168.5929670715399,GOOD_FORM,pushup_good_01.mp4,150
154.4003443876785,156.7425272847585,1.1677113154711136,0.19526752228752126,109.50840584853725,0.03615927696228027,0.18405652046203613,168.85065088000485,GOOD_FORM,pushup_good_01.mp4,153
150.5095831282693,161.7316371743667,1.168070844534571,0.1956446084272931,110.12195127120297,0.041546791791915894,0.18370169401168823,167.6793605159611,GOOD_FORM,pushup_good_01.mp4,156
145.80101895554063,167.19491493647794,1.1759807779006142,0.19657446105771922,111.49516712852476,0.049821168184280396,0.18290096521377563,165.8736490342696,GOOD_FORM,pushup_good_01.mp4,159
141.24283472330367,171.85661883385126,1.193346564113921,0.2036212317919864,113.49443283442707,0.05378398299217224,0.18673905730247498,165.6360466504778,GOOD_FORM,pushup_good_01.mp4,162
135.07481139130513,174.97202099131357,1.1962535514133925,0.20570605971994296,114.31998126220189,0.05816105008125305,0.18744978308677673,163.68466755698768,GOOD_FORM,pushup_good_01.mp4,165
130.53586771968205,174.918009989107,1.1887585553364053,0.2089579716655207,113.38740008446987,0.06569865345954895,0.1917886734008789,162.70877215564227,GOOD_FORM,pushup_good_01.mp4,168
128.47064817715278,177.36564528981006,1.1837284714176264,0.2077560532124512,113.3902718565163,0.07296091318130493,0.1906813681125641,161.25378242770955,GOOD_FORM,pushup_good_01.mp4,171
123.5764089811303,175.7644981447561,1.1673640663339695,0.20859785292217392,111.78612330415864,0.07716822624206543,0.19369742274284363,160.241869384515,GOOD_FORM,pushup_good_01.mp4,174
115.35575198698508,173.45654416320045,1.130403139661881,0.2029277902348453,108.04774067585959,0.08178189396858215,0.19294247031211853,163.50521463938767,GOOD_FORM,pushup_good_01.mp4,177
108.7016335537963,172.38904821022425,1.1020765938421935,0.20000408624177932,104.8547693546565,0.08725041151046753,0.19331902265548706,166.1081615138505,GOOD_FORM,pushup_good_01.mp4,180
102.59975711936455,170.50253141208285,1.0784409221017324,0.19864493263165942,101.76691249178057,0.0878061056137085,0.19447004795074463,165.69984606207686,GOOD_FORM,pushup_good_01.mp4,183
99.08721064067973,169.49732241404791,1.0549997577905879,0.19553252878677704,98.67860098171269,0.09016543626785278,0.1932935118675232,163.0818893289028,GOOD_FORM,pushup_good_01.mp4,186
92.18086752596827,168.86230981016516,1.0418167531621152,0.19361121810558587,96.78359776421061,0.09446442127227783,0.1922556757926941,156.0028613177316,GOOD_FORM,pushup_good_01.mp4,189
89.1378833125516,171.0674779188258,1.0451185446962412,0.19174031370722153,97.433260342373,0.09498065710067749,0.19012880325317383,154.37387814086986,GOOD_FORM,pushup_good_01.mp4,192
83.01938058482959,172.6269674162854,1.044279101262996,0.19239345601214689,97.35080885311748,0.09612327814102173,0.19081208109855652,158.96823952387004,GOOD_FORM,pushup_good_01.mp4,195
77.12559857397045,172.29165758560555,1.041599507342185,0.19304625119036836,96.93090245181997,0.09722116589546204,0.191635400056839,155.05047782364522,GOOD_FORM,pushup_good_01.mp4,198
73.9182929003747,171.24121840078953,1.0359690948483609,0.19338791770192051,96.00578354406403,0.09610766172409058,0.1923263669013977,157.81706327165392,GOOD_FORM,pushup_good_01.mp4,201
72.58493704473352,172.7041448363339,1.0372909522775795,0.1929468321052777,96.27561450157441,0.0954536497592926,0.19179049134254456,160.04047752910947,GOOD_FORM,pushup_good_01.mp4,204
73.11447405477222,172.50783390380087,1.034150171125353,0.19227040994092687,95.79188546706744,0.09564363956451416,0.1912887692451477,155.3284977355928,GOOD_FORM,pushup_good_01.mp4,207
72.14985345247672,172.04613498114247,1.0317786675512346,0.1918385915069847,95.4174864971201,0.09553763270378113,0.19098159670829773,156.44338448732472,GOOD_FORM,pushup_good_01.mp4,210
71.62875523928207,174.3290272810558,1.0420901526092774,0.1943902550768063,97.0362802537374,0.09541404247283936,0.19292610883712769,158.48576891062697,GOOD_FORM,pushup_good_01.mp4,213
73.36799363776153,174.32929153301004,1.0458740168777194,0.1939605284399117,97.63367778556476,0.09447580575942993,0.19224140048027039,158.44373877052442,GOOD_FORM,pushup_good_01.mp4,216
79.28260353736778,175.68420198881088,1.0591514698479707,0.1921182578437954,99.78089019167749,0.09609249234199524,0.1893254518508911,157.20298597221367,GOOD_FORM,pushup_good_01.mp4,219
84.9699767362045,171.42605605148103,1.0544314635812857,0.19285297627805476,98.81729417770049,0.09483933448791504,0.19057363271713257,154.56108382142864,GOOD_FORM,pushup_good_01.mp4,222
95.00122536091436,171.32818522112964,1.070234834101799,0.1949747817520768,100.9518325978998,0.09496918320655823,0.19142338633537292,157.79661220577105,GOOD_FORM,pushup_good_01.mp4,225
116.55028110217307,172.8179966875429,1.1025678610502698,0.19586032361945066,105.24657864874024,0.08387565612792969,0.18896591663360596,156.33692935500562,GOOD_FORM,pushup_good_01.mp4,228
120.69398050755738,171.37515887893923,1.1131382594121464,0.19717144865968644,106.23831091855006,0.0829005241394043,0.18930485844612122,156.45001145395517,GOOD_FORM,pushup_good_01.mp4,231
130.6804180037554,171.70046579816375,1.1405092355245983,0.19892134559151617,109.20127088371298,0.07132619619369507,0.18785402178764343,156.48633806832126,GOOD_FORM,pushup_good_01.mp4,234
139.5287593003906,174.4754990948845,1.1765488300879916,0.20397907399230486,112.75735230190507,0.05816519260406494,0.18809795379638672,156.90625216098047,GOOD_FORM,pushup_good_01.mp4,237
142.78045616540305,177.2285986455589,1.2051971446116163,0.207727592485458,115.39249688993144,0.054261744022369385,0.18765729665756226,157.57147229136257,GOOD_FORM,pushup_good_01.mp4,240
147.14363912572904,177.96340754317401,1.21546964557136,0.20981639136461677,116.0757428181682,0.05126243829727173,0.18845781683921814,158.08977782117532,GOOD_FORM,pushup_good_01.mp4,243
151.61183068442827,179.52685252828107,1.2544645403242407,0.21227204490732005,119.5768600124692,0.04751753807067871,0.18460899591445923,161.22695528913323,GOOD_FORM,pushup_good_01.mp4,246
157.29386272881266,176.355294030532,1.2499771193795814,0.20832449766734465,118.82550815759225,0.03860941529273987,0.18250879645347595,161.49279411741034,GOOD_FORM,pushup_good_01.mp4,249
158.74543216256166,174.5878114599494,1.253335935575024,0.2068623254831002,118.88245896607341,0.034634917974472046,0.18112856149673462,163.1026178448095,GOOD_FORM,pushup_good_01.mp4,252
159.28067148256028,170.5303914406069,1.242628665008977,0.2020559814388655,117.52052079786208,0.03444024920463562,0.1791900098323822,166.54254943372803,GOOD_FORM,pushup_good_01.mp4,255
161.22175342986986,170.65231279673998,1.251499529061865,0.20199114127955942,118.27368987264627,0.03089234232902527,0.17789003252983093,168.92134739665045,GOOD_FORM,pushup_good_01.mp4,258
166.31243712768665,173.56210439130498,1.2769372518863296,0.2031770732700718,120.83631829999887,0.025317519903182983,0.17445191740989685,171.73885489477755,GOOD_FORM,pushup_good_01.mp4,261
167.8882450558219,172.97077787747054,1.2802600192894789,0.2030332108307282,120.88445366553756,0.02357351779937744,0.17424088716506958,171.54426098795486,GOOD_FORM,pushup_good_01.mp4,264
168.81882874987713,172.40784316292564,1.2870165951701003,0.20289063365957286,121.40317624099727,0.021368026733398438,0.17316842079162598,172.26191677677497,GOOD_FORM,pushup_good_01.mp4,267
170.0531510383221,171.11714663743766,1.2812594657021736,0.20007261060310863,120.99197881698286,0.01839718222618103,0.17150703072547913,172.71650896396523,GOOD_FORM,pushup_good_01.mp4,270
169.08098964360968,170.40755875420157,1.2716159732244177,0.199362001186645,120.23050641703,0.019658714532852173,0.17224720120429993,172.67378245148595,GOOD_FORM,pushup_good_01.mp4,273
168.86257082380337,167.2223606014162,1.2533321477490662,0.19460828220074375,118.62226441134251,0.018812984228134155,0.17082393169403076,173.2786908094803,GOOD_FORM,pushup_good_01.mp4,276
168.44868061947787,166.92469283823436,1.2478755561648365,0.19397177093474913,118.1804307221231,0.019291400909423828,0.17097675800323486,172.17149258263234,GOOD_FORM,pushup_good_01.mp4,279
167.29367678186802,165.69301198699418,1.2444440928812406,0.19404472002271544,117.71664201906708,0.02099829912185669,0.17177730798721313,172.37574999959995,GOOD_FORM,pushup_good_01.mp4,282
165.64662044609452,165.85622470038086,1.2431630867624959,0.19431932751779102,117.63583086739267,0.023124337196350098,0.1721477210521698,171.34223632634186,GOOD_FORM,pushup_good_01.mp4,285
162.8403786270025,166.4006695456225,1.2442793738986306,0.19484750069714804,117.7728097230822,0.026949375867843628,0.17239904403686523,171.062977298522,GOOD_FORM,pushup_good_01.mp4,288
160.52305467217315,164.9991530882287,1.2218646299710298,0.19112887471951262,116.10529574597915,0.028963327407836914,0.17162907123565674,170.96289160146208,GOOD_FORM,pushup_good_01.mp4,291
158.03077011202944,167.5597947234704,1.216792061831149,0.19079954177721192,116.33302735797015,0.03114718198776245,0.1709982454776764,171.57421692888346,GOOD_FORM,pushup_good_01.mp4,294
154.3885434396572,168.20412662223086,1.2013053589774012,0.19075387848016945,115.27784020082687,0.037034183740615845,0.17248675227165222,165.80884797037737,GOOD_FORM,pushup_good_01.mp4,297
147.43087762968446,172.0538382710898,1.1871348782744628,0.1941191065538912,114.26064891813898,0.04533952474594116,0.17697376012802124,159.95578534013825,GOOD_FORM,pushup_good_01.mp4,300
141.36168581653828,175.94757046016483,1.1987980946273786,0.20232141275815643,115.02586861197113,0.05692204833030701,0.1833248734474182,159.52079247012642,GOOD_FORM,pushup_good_01.mp4,303
133.09211889033955,178.35334997873173,1.1872216636507396,0.2002414645825469,114.46510517957864,0.06502148509025574,0.1822606325149536,156.89214686630433,GOOD_FORM,pushup_good_01.mp4,306
126.36707717533201,178.975223631102,1.18120442346808,0.2021929395229721,114.08173536336497,0.07381263375282288,0.1845931112766266,158.03539427340712,GOOD_FORM,pushup_good_01.mp4,309
113.11686900774524,177.57201742817333,1.1276213561167812,0.1971473141210434,108.30731958675786,0.07957646250724792,0.18716773390769958,156.99390476370803,GOOD_FORM,pushup_good_01.mp4,312
100.8326960338423,173.68831686375066,1.0863434396113696,0.19471998510609925,103.02676269279458,0.08877554535865784,0.18970832228660583,156.42307051569927,GOOD_FORM,pushup_good_01.mp4,315
94.77084417544418,171.519280104983,1.057125207335777,0.19104269864023013,99.10825187169384,0.09052157402038574,0.18863359093666077,146.82660420741723,GOOD_FORM,pushup_good_01.mp4,318
88.14370613536705,169.59686249152972,1.0367047256116577,0.19060154019339393,96.07370860688366,0.09100410342216492,0.18953150510787964,145.7919641103413,GOOD_FORM,pushup_good_01.mp4,321
92.01795142248486,172.26456061823637,1.044809862206309,0.19076144925760577,97.46520873780159,0.09136539697647095,0.18914437294006348,152.34980005031474,GOOD_FORM,pushup_good_01.mp4,324
83.14565765477379,172.79142105655544,1.0361281691849131,0.19095128114875473,96.12709248830537,0.09294536709785461,0.18986037373542786,156.4836184683891,GOOD_FORM,pushup_good_01.mp4,327
78.9389869879981,170.35235221375117,1.0251911053897338,0.190008582199931,94.31872824968335,0.09387156367301941,0.18946900963783264,158.24953485298786,GOOD_FORM,pushup_good_01.mp4,330
77.89626764666407,172.9093425640076,1.0376638550268649,0.1910353075265715,96.38015686949498,0.09429875016212463,0.18985199928283691,156.50834564754445,GOOD_FORM,pushup_good_01.mp4,333
80.45895484852683,173.62282923679646,1.0428641146599316,0.19090932359658006,97.21151722354038,0.0931043028831482,0.18939897418022156,155.34925559022952,GOOD_FORM,pushup_good_01.mp4,336
85.58261888788815,174.4296534625067,1.0502069761206154,0.19056278335184917,98.36124680411388,0.09688615798950195,0.18853706121444702,155.31959391759787,GOOD_FORM,pushup_good_01.mp4,339
87.14093212425009,173.6135836930275,1.0493894125325043,0.19234978786615625,98.13432172615128,0.09654268622398376,0.19041436910629272,155.3591831350447,GOOD_FORM,pushup_good_01.mp4,342
94.9713453651282,173.6534643244431,1.0714622538423861,0.19529885782316547,101.1628860331309,0.09467032551765442,0.19160357117652893,155.99782405473275,GOOD_FORM,pushup_good_01.mp4,345
116.7433195972451,172.93691089731837,1.0955520148449094,0.19379908164259785,104.35539153277396,0.08652830123901367,0.18774735927581787,156.23905460733204,GOOD_FORM,pushup_good_01.mp4,348
122.18005268672083,175.58577955452452,1.1296614821546693,0.19671468978697035,108.52270658068616,0.08168372511863708,0.18652337789535522,155.0032852736745,GOOD_FORM,pushup_good_01.mp4,351
138.93931897037146,177.19120259769755,1.166316652386777,0.20106081917254662,112.30237440789925,0.06438079476356506,0.186018705368042,155.89173379583255,GOOD_FORM,pushup_good_01.mp4,354
145.87009863649814,179.5273721744089,1.2097454920564974,0.20826382339812166,116.07613584038846,0.05629029870033264,0.18706265091896057,155.63477279077688,GOOD_FORM,pushup_good_01.mp4,357
146.1497047079903,179.16042492172454,1.2296172263140503,0.20978611928247934,117.62853024612363,0.054270535707473755,0.18586236238479614,152.83135972730486,GOOD_FORM,pushup_good_01.mp4,360
150.87011345016674,179.60690093647793,1.2496332889394635,0.2083205802755299,119.67545682068884,0.04696369171142578,0.18099519610404968,154.41719438692252,GOOD_FORM,pushup_good_01.mp4,363
157.16566623674484,177.75081822026618,1.2557405353505822,0.20582432353500754,119.92594381796471,0.03740951418876648,0.178379088640213,156.85110520911442,GOOD_FORM,pushup_good_01.mp4,366
159.54371659803175,173.9526097174709,1.255670580743085,0.2041849231941658,119.36155489099788,0.032080113887786865,0.17795318365097046,161.31975759384775,GOOD_FORM,pushup_good_01.mp4,369
160.82197570111884,170.91357920803188,1.2536530924190676,0.20093422144312012,118.81083713258853,0.028308868408203125,0.1760590374469757,163.11801009984853,GOOD_FORM,pushup_good_01.mp4,372
165.57930493034237,168.5922791773896,1.2569166405396608,0.19747696871687248,119.03669771841821,0.02407139539718628,0.1726531982421875,168.49246224847954,GOOD_FORM,pushup_good_01.mp4,375
167.32640101816557,167.00017970308622,1.2465825134045887,0.19493579676260248,117.95594101340784,0.023618102073669434,0.17218592762947083,169.2181191916355,GOOD_FORM,pushup_good_01.mp4,378
168.07193128997974,164.77565534217362,1.2464427580141346,0.19275500369903995,117.60431373451009,0.022656649351119995,0.1708110272884369,173.26176385954648,GOOD_FORM,pushup_good_01.mp4,381
167.99702060451654,162.2618243732176,1.2347613286296168,0.18984813603723802,116.38022269479383,0.022848129272460938,0.1700761318206787,172.50913083751166,GOOD_FORM,pushup_good_01.mp4,384
167.08639033028075,161.19508378355036,1.230988403692929,0.18965776168985773,115.85697989962905,0.023384302854537964,0.17066815495491028,175.61537924286066,GOOD_FORM,pushup_good_01.mp4,387
165.67712368280644,159.18594028532485,1.2127140420736704,0.18711814585718062,114.25762736170579,0.02349647879600525,0.17059513926506042,175.52293602557748,GOOD_FORM,pushup_good_01.mp4,390
165.55898396627177,158.92534567800828,1.2029891195786435,0.18419280380986408,113.7539196652323,0.02384701371192932,0.16858693957328796,174.53746547726178,GOOD_FORM,pushup_good_01.mp4,393
165.33066540408012,158.73308116427674,1.2021348110649568,0.1840650261735407,113.76236284024937,0.024330943822860718,0.16845905780792236,174.10351053514057,GOOD_FORM,pushup_good_01.mp4,396
164.12855774514927,157.62462706728772,1.197370098979666,0.1833994220317207,113.27177499213349,0.02620720863342285,0.16847655177116394,172.86197386292926,GOOD_FORM,pushup_good_01.mp4,399
163.60092473721477,158.20340252759263,1.2016746734392454,0.18423253233726977,113.78946616810596,0.027162104845046997,0.16857722401618958,171.24747453155229,GOOD_FORM,pushup_good_01.mp4,402
162.55604166741853,158.20968006322371,1.1979167033897518,0.18478248658185395,113.47654262519085,0.02846217155456543,0.16948506236076355,168.1647724009546,GOOD_FORM,pushup_good_01.mp4,405
160.39543179152147,158.86495230256998,1.1973699382751173,0.18531416095147954,113.5060190427294,0.031064212322235107,0.1699347198009491,166.2223359768825,GOOD_FORM,pushup_good_01.mp4,408
157.03938686009622,159.5557878573343,1.1852825129557572,0.18763053440239072,112.41395319853098,0.03623875975608826,0.17345407605171204,166.78981187879762,GOOD_FORM,pushup_good_01.mp4,411
149.63565710849926,165.04543870881358,1.1845417138119008,0.18948518487949553,113.28156778777318,0.04569244384765625,0.17405438423156738,167.47644798113214,GOOD_FORM,pushup_good_01.mp4,414
142.08867768994386,166.70783216666365,1.1639984188299313,0.19064460144778686,111.47068385422298,0.0546284019947052,0.17741337418556213,166.36953850155433,GOOD_FORM,pushup_good_01.mp4,417
136.89252286025857,167.90770154697535,1.1453180946825983,0.19103244355348614,109.7348010327822,0.057271748781204224,0.17981106042861938,162.9338347153266,GOOD_FORM,pushup_good_01.mp4,420
130.0974072989289,171.60715764643354,1.1452995611648051,0.19174716564959707,110.20012182912377,0.06726816296577454,0.1799519658088684,161.03386746011802,GOOD_FORM,pushup_good_01.mp4,423
120.78894159601343,171.67324253885826,1.1226522577063553,0.19406284693836304,107.29384042319585,0.07861283421516418,0.18528887629508972,157.2603534199947,GOOD_FORM,pushup_good_01.mp4,426
112.39786656479768,170.25873455159496,1.092502595208434,0.19180849178513312,103.72215892169893,0.0844501256942749,0.18633320927619934,154.45736125966744,GOOD_FORM,pushup_good_01.mp4,429
110.95998886758362,168.10015976304942,1.0569022872405425,0.1853810035528459,99.1224037650902,0.0907304584980011,0.18303602933883667,155.04035773786126,GOOD_FORM,pushup_good_01.mp4,432
106.03807189846985,167.70597600985593,1.0448872552609894,0.18512799364040494,97.40275266845866,0.08790320158004761,0.1835847795009613,155.21154179821147,GOOD_FORM,pushup_good_01.mp4,435
104.81884108598665,166.88481579271124,1.0313852013074396,0.18345219655042339,95.32945833093218,0.08873116970062256,0.1826590597629547,155.88610137396833,GOOD_FORM,pushup_good_01.mp4,438
95.80368684391107,165.12173947245853,1.0234781356818872,0.18346084797284318,93.99805014965472,0.08985978364944458,0.18301433324813843,154.7408795177674,GOOD_FORM,pushup_good_01.mp4,441
91.22448344600365,164.778019975806,1.0242111718593327,0.18340989740099883,94.10809553936542,0.09289440512657166,0.1829386055469513,151.2218970759759,GOOD_FORM,pushup_good_01.mp4,444
92.93802627761836,163.70108868724478,1.0213336348211375,0.18179956857534782,93.64616337745053,0.09605556726455688,0.18143153190612793,151.4058047915054,GOOD_FORM,pushup_good_01.mp4,447
109.9633668322394,165.33177505706786,1.0357279855989183,0.18257076958384685,95.97063693653502,0.09029489755630493,0.18158027529716492,151.82873809279084,GOOD_FORM,pushup_good_01.mp4,450
118.55891567108702,166.16242320487194,1.044152475930701,0.18304220769832044,97.29225201924288,0.08959883451461792,0.18156152963638306,154.16553833573207,GOOD_FORM,pushup_good_01.mp4,453
117.08614839995832,165.28772412309226,1.0458161137935307,0.1818957717417358,97.53930743575691,0.08664503693580627,0.18032312393188477,154.18537955759416,GOOD_FORM,pushup_good_01.mp4,456
121.77698594822122,164.04515402261669,1.0551857923723085,0.18025716721483248,98.89031296838914,0.08177775144577026,0.17809131741523743,155.74139934138142,GOOD_FORM,pushup_good_01.mp4,459
125.57050822588528,162.6833311834513,1.0700091829013652,0.18297300362809557,100.68429513503456,0.07442307472229004,0.17980057001113892,161.18532925183013,GOOD_FORM,pushup_good_01.mp4,462
131.7372784373785,163.5102446276158,1.0977534298996687,0.18597196904196753,104.06260874863713,0.06741192936897278,0.18039792776107788,161.6711000046604,GOOD_FORM,pushup_good_01.mp4,465
138.71879675855118,166.2280576945562,1.129324246463494,0.18970145259799975,107.56531125702647,0.06284770369529724,0.180855393409729,165.00137522708854,GOOD_FORM,pushup_good_01.mp4,468
145.84065605620793,167.2536555339314,1.1507541453970598,0.19035910992943111,109.80913809720622,0.05250290036201477,0.17909371852874756,163.90761888465894,GOOD_FORM,pushup_good_01.mp4,471
150.01043597985637,164.43976831419369,1.1534903148144018,0.18761051094212383,109.80666026548928,0.046471863985061646,0.1765105128288269,162.83677835508323,GOOD_FORM,pushup_good_01.mp4,474
154.0382965369501,162.4385447806158,1.1649300375446225,0.1864287021210226,110.64900090270778,0.04065170884132385,0.17445087432861328,167.78949388503395,GOOD_FORM,pushup_good_01.mp4,477
157.27052294190193,161.57806342908395,1.1813633146769564,0.1883577626188861,111.81901387443426,0.0355219841003418,0.174862802028656,169.22926363890966,GOOD_FORM,pushup_good_01.mp4,480
159.59755290796846,160.09718189716307,1.1872130460474992,0.18568777212030604,112.26846852420213,0.03065180778503418,0.17183732986450195,169.31597881951205,GOOD_FORM,pushup_good_01.mp4,483
160.94142526412114,160.96130149297522,1.2063524859019124,0.18779541479192952,113.92690989725057,0.029156595468521118,0.17165514826774597,172.55882156649778,GOOD_FORM,pushup_good_01.mp4,486
162.68015561855015,157.4246169753509,1.1888271878423253,0.18502720924093677,111.93137838723565,0.02781394124031067,0.17163562774658203,173.19796950618098,GOOD_FORM,pushup_good_01.mp4,489
164.00491994925355,153.66489927387886,1.1676441752453455,0.18238340810570505,109.72689931168247,0.025117039680480957,0.17167851328849792,172.5784948807454,GOOD_FORM,pushup_good_01.mp4,492
164.73768332423182,150.14074522816392,1.1558954589524881,0.18048587203770164,108.27608386540422,0.024445384740829468,0.17138049006462097,176.46596544161653,GOOD_FORM,pushup_good_01.mp4,495
164.8388986003415,145.11399571320797,1.1269749095488815,0.17676022543662878,104.95884580063922,0.023487240076065063,0.17076939344406128,175.2443438778204,GOOD_FORM,pushup_good_01.mp4,498
164.52683611792085,144.91818049100547,1.1201008922410274,0.17322578492681048,104.6396573124928,0.02243143320083618,0.16760125756263733,174.89590856766594,GOOD_FORM,pushup_good_01.mp4,501
165.17343169906746,145.8723785504508,1.1223164016782778,0.17145714838249404,105.12042177986064,0.020696789026260376,0.1655205488204956,173.873410182089,GOOD_FORM,pushup_good_01.mp4,504
168.09529743948363,145.7394072891156,1.118510292451314,0.17077217391218108,104.74586264653284,0.01728081703186035,0.16514700651168823,164.72681051183943,GOOD_FORM,pushup_good_01.mp4,507
167.77907370443342,143.77536484334814,1.1064543855816706,0.17043367201517867,103.2807833342873,0.017966896295547485,0.16587504744529724,169.76638634010956,GOOD_FORM,pushup_good_01.mp4,510
167.53227198831544,142.8945072228297,1.101689327876398,0.17045589450340765,102.71414699267117,0.019743233919143677,0.16627585887908936,171.05776950937818,GOOD_FORM,pushup_good_01.mp4,513
166.81190375353424,143.64424367234952,1.1046614206684207,0.17212143925388673,102.9935438039915,0.02045378088951111,0.16771382093429565,174.4615858571609,GOOD_FORM,pushup_good_01.mp4,516
164.67160928243064,143.211522566204,1.1002616439581097,0.1735225486418974,102.39826833436423,0.023301005363464355,0.16947531700134277,174.59518039534248,GOOD_FORM,pushup_good_01.mp4,519
162.76316301141588,144.13163564465304,1.100679016221145,0.1754105625411597,102.49278861236145,0.025536179542541504,0.1712569296360016,172.74854396015763,GOOD_FORM,pushup_good_01.mp4,522
157.9124969855829,148.95759779367998,1.1118886832480763,0.17954846314343467,104.02194387740347,0.03198707103729248,0.17419785261154175,172.30237089821202,GOOD_FORM,pushup_good_01.mp4,525
150.91398007752431,157.42214644113722,1.1378627187031582,0.18250950126154533,107.70279598766541,0.04058891534805298,0.17386609315872192,164.84094423899995,GOOD_FORM,pushup_good_01.mp4,528
145.04619398298448,162.68731061292954,1.1380618925331873,0.1862111901545543,108.1872286056785,0.04769894480705261,0.17690736055374146,160.61608314492474,GOOD_FORM,pushup_good_01.mp4,531
139.43040929974626,165.33149023255524,1.130532964998524,0.18875442185055458,107.57467734566372,0.053306370973587036,0.17994320392608643,155.57662436385883,GOOD_FORM,pushup_good_01.mp4,534
137.24695568467115,169.88888296491504,1.1365189311859376,0.19037432907354412,108.81903548120641,0.05795988440513611,0.18019622564315796,157.98345616560218,GOOD_FORM,pushup_good_01.mp4,537
124.5376612736694,170.5684613224883,1.121005477608406,0.1902043942442033,107.19329743904774,0.07200738787651062,0.18170380592346191,159.77721396580387,GOOD_FORM,pushup_good_01.mp4,540
111.04374684250453,170.86115870389867,1.096192405855973,0.18933546501613693,104.4142435584433,0.0823005735874176,0.1833747923374176,155.29318383888136,GOOD_FORM,pushup_good_01.mp4,543
106.65442079122782,169.97313117838883,1.0689530084456704,0.18746518677475785,100.9070659508624,0.08654043078422546,0.18407833576202393,156.13269298215485,GOOD_FORM,pushup_good_01.mp4,546
104.97389132071815,167.82372132439858,1.045009246167874,0.18546537607924143,97.42560425069712,0.08601602911949158,0.1839098036289215,157.0890263053853,GOOD_FORM,pushup_good_01.mp4,549
97.8280739156525,167.56118814667613,1.0337492678143039,0.18521730117666876,95.72260760653643,0.08767879009246826,0.18429413437843323,156.11155739731305,GOOD_FORM,pushup_good_01.mp4,552
107.88744284777795,166.34774968146075,1.028612396539713,0.18515030453848488,94.85549047009404,0.0886019766330719,0.1844857931137085,153.64841052175177,GOOD_FORM,pushup_good_01.mp4,555
98.89414663893126,166.75206939942265,1.022171584539142,0.18683689392147795,93.79590633448528,0.09032168984413147,0.18642696738243103,152.60047268281426,GOOD_FORM,pushup_good_01.mp4,558
95.27114385050638,167.17828849844548,1.0268966414012886,0.18772640607713076,94.56525180583733,0.0909426212310791,0.18713074922561646,151.1964044477882,GOOD_FORM,pushup_good_01.mp4,561
91.7750547175768,167.70779614723176,1.0367970437255136,0.1885949033094754,96.1511968514659,0.09058967232704163,0.1875089704990387,149.88958601260669,GOOD_FORM,pushup_good_01.mp4,564
94.40774081005131,168.375532798645,1.0441892641983184,0.18846804338491702,97.3101626198314,0.09052756428718567,0.18693599104881287,151.7201414631084,GOOD_FORM,pushup_good_01.mp4,567
96.2945017335414,168.7162004923257,1.0468698014968472,0.18817087172804986,97.69030083617436,0.09059712290763855,0.18647825717926025,150.35980918100424,GOOD_FORM,pushup_good_01.mp4,570
97.58813334247685,169.82953133222767,1.050707789649002,0.18831030225798984,98.26622525153361,0.09008556604385376,0.1863536834716797,153.4847993439364,GOOD_FORM,pushup_good_01.mp4,573
119.49768608304119,169.27573148457782,1.0651102041042901,0.18663701971425348,100.35772292048996,0.08422985672950745,0.18359532952308655,154.7669038674374,GOOD_FORM,pushup_good_01.mp4,576
128.57650109742494,168.58646931474627,1.0870765973147294,0.18756427815262539,103.15182622562493,0.07594019174575806,0.1826440393924713,159.10479275162263,GOOD_FORM,pushup_good_01.mp4,579
134.5175718349655,167.85510872009056,1.1028753201333896,0.18755247026367006,104.91217516839893,0.07117459177970886,0.18123528361320496,159.8015340835075,GOOD_FORM,pushup_good_01.mp4,582
137.4117740297173,169.15646557203823,1.1278552779636009,0.18997392298354082,107.69319075836137,0.06326228380203247,0.18098673224449158,160.4804589428245,GOOD_FORM,pushup_good_01.mp4,585
141.36031641422343,170.50070319597438,1.1598909990136022,0.19674965541272724,110.82784860015018,0.05695334076881409,0.18389129638671875,162.87072229649868,GOOD_FORM,pushup_good_01.mp4,588
147.90739673455857,168.54014363336827,1.164824056706499,0.19445727847969416,111.07323341176776,0.04665514826774597,0.18145090341567993,161.54579230476853,GOOD_FORM,pushup_good_01.mp4,591
151.12483680384352,168.85662073610663,1.182716512645562,0.1938535782524519,112.70278832588171,0.04242807626724243,0.1788320541381836,165.82866719878666,GOOD_FORM,pushup_good_01.mp4,594
153.87978023140045,166.6488231633692,1.1904307130773835,0.19407710726237903,113.00662653787916,0.037596702575683594,0.1786384880542755,168.55002112130458,GOOD_FORM,pushup_good_01.mp4,597
157.89913337536015,162.51088373857073,1.1922190634930525,0.18981575728377684,112.79668463478266,0.029436707496643066,0.17498677968978882,167.7889499766328,GOOD_FORM,pushup_good_01.mp4,600
160.68631228112326,160.6737729851051,1.1917043126223752,0.1877509063489404,112.59446942096147,0.027897626161575317,0.17333891987800598,176.52013275254933,GOOD_FORM,pushup_good_01.mp4,603
163.06468672789697,159.2151464433915,1.1952791073693387,0.18666254313999608,112.65088554482595,0.024986982345581055,0.17226338386535645,174.9599053461418,GOOD_FORM,pushup_good_01.mp4,606
163.30621617589148,156.17071076126987,1.1779820962300234,0.18378559242796522,110.82046127314517,0.024625569581985474,0.17178282141685486,174.33420967907713,GOOD_FORM,pushup_good_01.mp4,609
164.85745025774284,151.3339293598141,1.154258514459978,0.18210511479787914,108.1200359040114,0.02224290370941162,0.1730729639530182,173.1556880604966,GOOD_FORM,pushup_good_01.mp4,612
164.22747655096538,151.68109107025137,1.1544666940095056,0.18345763792004646,108.18007016230847,0.021567881107330322,0.17429852485656738,171.83845500522332,GOOD_FORM,pushup_good_01.mp4,615
166.22099131032135,150.48901324593112,1.1524892820931807,0.1829926000108789,107.95455408955357,0.018736064434051514,0.17408010363578796,173.01390153020012,GOOD_FORM,pushup_good_01.mp4,618
166.87705565465976,150.8163968426218,1.1496271417063644,0.18137461131393598,107.84856917050095,0.017267167568206787,0.17264404892921448,170.91033033805874,GOOD_FORM,pushup_good_01.mp4,621
168.5125667895727,150.33512662706113,1.1475130810505931,0.18122818615968325,107.70636167712524,0.014593034982681274,0.17264202237129211,172.0901143563482,GOOD_FORM,pushup_good_01.mp4,624
170.00343163475344,149.5437610313223,1.1439307756087882,0.18071037975918464,107.24998888400457,0.012398988008499146,0.17258110642433167,174.17753363668777,GOOD_FORM,pushup_good_01.mp4,627
168.6767106701905,150.53055856177085,1.1467114920630352,0.1807003058982814,107.61995970908988,0.013674110174179077,0.172221839427948,172.90394882444158,GOOD_FORM,pushup_good_01.mp4,630
168.42472981234027,150.63137424669347,1.1422704037662226,0.18017526569960518,107.17519024121,0.01407313346862793,0.17213967442512512,171.93346378505106,GOOD_FORM,pushup_good_01.mp4,633
160.4778987004143,151.98547872747497,1.1498998522801278,0.18209868655685468,107.99195628229299,0.02432921528816223,0.1731930375099182,168.08678270071908,GOOD_FORM,pushup_good_01.mp4,636
160.1940448001528,154.93084840853743,1.1634979194208712,0.18378725661846038,109.56098028597329,0.024610459804534912,0.17317891120910645,165.92626763462303,GOOD_FORM,pushup_good_01.mp4,639
155.0912588798762,158.04461884472875,1.149053754252462,0.1830534094622477,108.79883114729357,0.030627697706222534,0.17328748106956482,163.19790052640704,GOOD_FORM,pushup_good_01.mp4,642
152.19510087161973,164.17102019711703,1.1615321978247246,0.18629395654854888,110.72913609340584,0.03405618667602539,0.17423272132873535,162.57467435889654,GOOD_FORM,pushup_good_01.mp4,645
145.33422080358335,165.09397603326815,1.1368853220928514,0.18839994952219502,108.13179251757802,0.045590341091156006,0.17904359102249146,159.20628798534455,GOOD_FORM,pushup_good_01.mp4,648
140.4730732655386,170.31741950870173,1.1450290825404288,0.19273335017141138,109.51972476183109,0.05216607451438904,0.18165510892868042,163.1115745403408,GOOD_FORM,pushup_good_01.mp4,651
137.98106100297198,169.47589113517486,1.1319857893611942,0.19269077364967915,108.1116168814263,0.057740986347198486,0.18314245343208313,160.78998958670127,GOOD_FORM,pushup_good_01.mp4,654
124.89113369424231,169.89912521724804,1.1178645422964057,0.19372798672648656,106.58060610507802,0.07249584794044495,0.18567177653312683,158.18928767885038,GOOD_FORM,pushup_good_01.mp4,657
117.60956361835908,170.20629853666026,1.0991099815098657,0.19057087058916647,104.61803277802463,0.08300971984863281,0.18440139293670654,158.2467873248204,GOOD_FORM,pushup_good_01.mp4,660
106.00157292793263,167.9638785044682,1.062197579029312,0.18672267904512305,99.84147206724829,0.08832618594169617,0.18397465348243713,156.45122733298717,GOOD_FORM,pushup_good_01.mp4,663
102.12751362754834,164.52707651150737,1.0326185364715852,0.18371569352028452,95.42528095622238,0.08852255344390869,0.18289262056350708,158.3691691133545,GOOD_FORM,pushup_good_01.mp4,666
95.14265525532821,165.36530461583038,1.0335312928882345,0.18073780081134883,95.75416303406132,0.09057295322418213,0.1798270046710968,153.26829083815272,GOOD_FORM,pushup_good_01.mp4,669
90.73057489431089,164.2853857556663,1.0283492238233711,0.18361966637199073,94.79865166234987,0.09103953838348389,0.18297597765922546,155.9113018253852,GOOD_FORM,pushup_good_01.mp4,672
94.76196957596571,163.30731438828462,1.020230842313509,0.18455503421333838,93.4350813038138,0.08885228633880615,0.18422341346740723,155.80290863912902,GOOD_FORM,pushup_good_01.mp4,675
89.27899993363734,162.0826603529407,1.0142003441974152,0.18559703321169954,92.404778903027,0.08976051211357117,0.18543356657028198,156.652866842123,GOOD_FORM,pushup_good_01.mp4,678
86.69591433819804,164.70801999196735,1.0248851101963725,0.18620141439970805,94.18797131452644,0.08939993381500244,0.18570417165756226,158.65691261061048,GOOD_FORM,pushup_good_01.mp4,681
93.30233155491906,165.3496502589521,1.0339621917937578,0.18517378792106604,95.66005487197607,0.0890062153339386,0.18427088856697083,154.64719450018006,GOOD_FORM,pushup_good_01.mp4,684
115.50509963033223,166.58105344231373,1.0408475664201395,0.18481112147607973,96.76291205425662,0.08799329400062561,0.18352505564689636,155.5067001002836,GOOD_FORM,pushup_good_01.mp4,687
121.27124713591007,167.8335838384646,1.0547949995189472,0.18341856320439368,98.96477731004073,0.08490163087844849,0.18117773532867432,156.02324293068028,GOOD_FORM,pushup_good_01.mp4,690
123.26070551419932,166.15535799742278,1.0723581314333077,0.1873180870708495,101.10814726162884,0.07947424054145813,0.1838083565235138,158.2135384748664,GOOD_FORM,pushup_good_01.mp4,693
132.94615722840217,168.12534929278732,1.1020126999753137,0.19296606143906525,104.5856626458455,0.07003173232078552,0.1867465376853943,162.73336987112265,GOOD_FORM,pushup_good_01.mp4,696
139.37220255780326,168.9570301743817,1.1245928509750969,0.1956141092831274,107.03087003156071,0.05690750479698181,0.1870349645614624,162.98690375256362,GOOD_FORM,pushup_good_01.mp4,699
144.6452895782489,170.9430008951392,1.1569366454315624,0.20046701885545815,110.21100129463312,0.052469223737716675,0.18812233209609985,161.84028015419412,GOOD_FORM,pushup_good_01.mp4,702
149.11841044148193,172.2335020403241,1.1844928483444581,0.2004456343375634,113.02797832698536,0.042968153953552246,0.1844712495803833,164.05740348393343,GOOD_FORM,pushup_good_01.mp4,705
152.9964093720902,171.2459406278568,1.2020294685335686,0.19768904788305863,114.56773259960289,0.03878366947174072,0.1797904372215271,165.24455533636979,GOOD_FORM,pushup_good_01.mp4,708
155.83670168777866,166.05510498146322,1.1863609153183552,0.1929639475879988,112.66823394532729,0.03481927514076233,0.1780562400817871,164.687593914631,GOOD_FORM,pushup_good_01.mp4,711
157.90421269263913,162.92120139500534,1.188859123984926,0.19226695859387144,112.34843256349338,0.031135588884353638,0.1778239607810974,170.9615294981067,GOOD_FORM,pushup_good_01.mp4,714
160.10042461329766,159.87995275687317,1.1858512609628848,0.18897169972522532,111.77279429520785,0.028384774923324585,0.1754893660545349,174.5570673189731,GOOD_FORM,pushup_good_01.mp4,717
162.36678557811086,159.35134483850337,1.201640448965497,0.18844254799462654,112.9290248540461,0.025289952754974365,0.17355170845985413,175.68922505360777,GOOD_FORM,pushup_good_01.mp4,720
163.63084176915314,156.38124523032383,1.1896616456296385,0.1862804638518017,111.72374571804963,0.02262398600578308,0.1730492115020752,173.1025006680866,GOOD_FORM,pushup_good_01.mp4,723
167.02028574172164,153.29794330903323,1.1717882823867685,0.18496800427517418,109.80313646964788,0.01836135983467102,0.1740281879901886,174.83710092317355,GOOD_FORM,pushup_good_01.mp4,726
165.92379139000204,150.6391849144419,1.1553897846864667,0.1837915096558158,108.15404865788793,0.019531726837158203,0.17464175820350647,174.8977326145135,GOOD_FORM,pushup_good_01.mp4,729
167.3318363064675,150.22908805338344,1.1535724051546696,0.18374902825277198,107.90334616040904,0.017832964658737183,0.1748502552509308,171.47602164506273,GOOD_FORM,pushup_good_01.mp4,732
167.72953547550037,149.17912823862824,1.1478488138810643,0.18192746933954798,107.29331920141269,0.01686123013496399,0.17370259761810303,170.1008797695829,GOOD_FORM,pushup_good_01.mp4,735
168.00466999292453,150.0855420905227,1.1488990579535157,0.18191441498144423,107.57281642758255,0.016414403915405273,0.17342424392700195,170.46452620245356,GOOD_FORM,pushup_good_01.mp4,738
170.0479801998378,149.82956198337507,1.1477120815625192,0.18152240948462492,107.52625418643096,0.013419657945632935,0.17309501767158508,171.52757786724996,GOOD_FORM,pushup_good_01.mp4,741
170.23650206870033,150.45580093403925,1.1499323322807244,0.18242429291159004,107.79212198026885,0.013296395540237427,0.17369821667671204,171.19384570963948,GOOD_FORM,pushup_good_01.mp4,744
169.50769211318834,149.2606906191927,1.1407010388979448,0.1814895865618425,106.80025515211436,0.0141887366771698,0.173742413520813,170.28315081948185,GOOD_FORM,pushup_good_01.mp4,747
165.66945106225435,149.39189882823817,1.1395108490063142,0.18144821002999836,106.72462374064744,0.01892852783203125,0.17377188801765442,170.45804640899908,GOOD_FORM,pushup_good_01.mp4,750
160.02886963544464,151.36436766230563,1.1498267204714574,0.18321563795130852,107.88451349027541,0.02660757303237915,0.1743611991405487,172.1132983103252,GOOD_FORM,pushup_good_01.mp4,753
155.86180234444325,156.64664681017368,1.1590487339774749,0.18488215383500567,109.35099750999753,0.031471461057662964,0.17443633079528809,168.30680327090738,GOOD_FORM,pushup_good_01.mp4,756
153.25517948764224,160.45158933383001,1.1534993130435307,0.18586565207974584,109.32412748200032,0.034062713384628296,0.17539313435554504,166.50556411934573,GOOD_FORM,pushup_good_01.mp4,759
147.92540748232335,164.40356528376358,1.1459899804570888,0.18643292720005109,109.17599622210344,0.0398542582988739,0.1760873794555664,164.29665607643048,GOOD_FORM,pushup_good_01.mp4,762
142.25834548949402,167.9895786678568,1.1383438325525617,0.190192962854524,108.58027123777266,0.04624295234680176,0.1802786886692047,163.66356935994386,GOOD_FORM,pushup_good_01.mp4,765
138.3180764456811,169.8052168858952,1.1351477179268399,0.19355174745872705,108.42627941946895,0.05045270919799805,0.18362751603126526,161.33006461542084,GOOD_FORM,pushup_good_01.mp4,768
125.75004166523179,172.36088656605196,1.1368125428311815,0.19651838938299457,108.79277313471967,0.0655917227268219,0.18604087829589844,160.13009400311037,GOOD_FORM,pushup_good_01.mp4,771
115.51293802406727,169.95408692665904,1.1053311856350148,0.1958920531482874,104.92134049716266,0.08244159817695618,0.18928593397140503,159.69704853280595,GOOD_FORM,pushup_good_01.mp4,774
109.6747532177871,169.47242036751715,1.080600510354598,0.19318631972577005,102.01429669759641,0.08996665477752686,0.18895426392555237,156.01119659313775,GOOD_FORM,pushup_good_01.mp4,777
104.82339411929216,165.72303346601495,1.0474217652014572,0.18924465039460317,97.52476551409862,0.09351420402526855,0.18761476874351501,155.7045291363997,GOOD_FORM,pushup_good_01.mp4,780
97.4197263132141,164.36131829794206,1.0297062337723675,0.18925672492156775,94.8404528427537,0.09179934859275818,0.1885816752910614,156.79349445106138,GOOD_FORM,pushup_good_01.mp4,783
94.33866829232646,165.84772735426338,1.0377672903312185,0.18837132149071323,96.21013000304056,0.09234178066253662,0.1872658133506775,161.48262835115892,GOOD_FORM,pushup_good_01.mp4,786
92.16822302742307,163.6543468313061,1.0203847980910214,0.19032144137428308,93.38134276614194,0.09532922506332397,0.1899900734424591,159.2905063155603,GOOD_FORM,pushup_good_01.mp4,789
98.1692410116519,164.1781266273366,1.0212577233385005,0.19180261894012762,93.49380697957892,0.0955057442188263,0.19144609570503235,159.11854805812087,GOOD_FORM,pushup_good_01.mp4,792
97.13566764610975,164.0184520454945,1.0181115616011334,0.19028083605985405,93.0144278257736,0.09411260485649109,0.19001752138137817,158.06105785150223,GOOD_FORM,pushup_good_01.mp4,795
98.7485676863412,165.23045142713826,1.030129823803744,0.19004082269330239,94.94808590673574,0.09417816996574402,0.189332515001297,156.76319880526594,GOOD_FORM,pushup_good_01.mp4,798
93.75247520797495,165.2984744787986,1.0367421886141632,0.18821181934200953,96.01784348023668,0.09301614761352539,0.18717452883720398,156.8488179974628,GOOD_FORM,pushup_good_01.mp4,801
105.43804695235661,164.6342998901377,1.0353805116481796,0.18856420546484107,95.7724067334412,0.08988925814628601,0.18760794401168823,160.51199019632924,GOOD_FORM,pushup_good_01.mp4,804
116.27219654478331,166.49625099410966,1.0563839894963825,0.18818667237908013,98.97035300572625,0.08484247326850891,0.1858847439289093,161.70315782487694,GOOD_FORM,pushup_good_01.mp4,807
129.05091522004645,167.3430065925058,1.076633056237516,0.1851735404327372,101.92020605681803,0.08341455459594727,0.18118005990982056,163.01010037844955,GOOD_FORM,pushup_good_01.mp4,810
133.96183709079804,166.5053446664535,1.0906445276075145,0.18591185410904626,103.51678074266205,0.07120764255523682,0.18076181411743164,162.38312241321282,GOOD_FORM,pushup_good_01.mp4,813
141.2801430691256,169.24497072654398,1.1201196586901767,0.19073755620542948,106.83353929728776,0.05674371123313904,0.18256360292434692,162.3790169447638,GOOD_FORM,pushup_good_01.mp4,816
146.34976993829818,171.0578142335858,1.1466243384304677,0.19308013053011522,109.63247665974107,0.05007556080818176,0.18185463547706604,163.61193783013184,GOOD_FORM,pushup_good_01.mp4,819
149.94900144250613,172.95581249953568,1.179547127751439,0.19728102897992444,112.75903735834783,0.04383668303489685,0.18191909790039062,165.70976284517755,GOOD_FORM,pushup_good_01.mp4,822
152.969693259801,168.6994453365374,1.1786631403434158,0.19345553476355645,112.276844407804,0.04051825404167175,0.17901504039764404,165.42695596312618,GOOD_FORM,pushup_good_01.mp4,825
154.74869806106426,164.2693263072927,1.180723343749048,0.19148275119490363,111.95979919178052,0.036994993686676025,0.17758849263191223,170.85785566305833,GOOD_FORM,pushup_good_01.mp4,828
157.2381501650564,159.343055299698,1.1716460769446089,0.18842358327181222,110.52378287058093,0.03212994337081909,0.17646241188049316,177.29703630376287,GOOD_FORM,pushup_good_01.mp4,831
159.59087493168533,158.16741039098656,1.1783112760804484,0.189094402772395,110.89987092980913,0.030771255493164062,0.17665162682533264,176.687601960932,GOOD_FORM,pushup_good_01.mp4,834
161.4217756001543,154.33742267746547,1.1766904943973884,0.18794318694147183,110.17612830235709,0.028493016958236694,0.17640912532806396,176.81838291156936,GOOD_FORM,pushup_good_01.mp4,837
163.10463948854434,152.14073907428238,1.1617683695944592,0.18585951412696536,108.70964304066952,0.02687487006187439,0.17603692412376404,176.02438494948848,GOOD_FORM,pushup_good_01.mp4,840
163.8590732106949,150.33734079050868,1.1565824069891637,0.18507052732407359,108.06359434445832,0.024685531854629517,0.17594793438911438,177.6056488477379,GOOD_FORM,pushup_good_01.mp4,843
163.8522266798653,148.4030455950476,1.1414194468304721,0.18278889486874964,106.55746251991982,0.024756550788879395,0.17520859837532043,176.92215727823822,GOOD_FORM,pushup_good_01.mp4,846
167.09446215812713,148.0909974127219,1.142246012989552,0.18318998157989885,106.63711481104258,0.021082043647766113,0.17552030086517334,175.24877505720792,GOOD_FORM,pushup_good_01.mp4,849
166.83331682020508,147.90684431218833,1.1355584816787143,0.18275299690109872,105.85266373726247,0.020780295133590698,0.17580163478851318,174.03397004550376,GOOD_FORM,pushup_good_01.mp4,852
167.7934342177314,146.2800574859996,1.120422296010937,0.179548858642507,104.36074608786387,0.01721128821372986,0.17393791675567627,172.38427679939863,GOOD_FORM,pushup_good_01.mp4,855
168.90892664173785,146.54947224525102,1.122617844166369,0.1794673852602413,104.70246140490582,0.014867007732391357,0.17359039187431335,173.58781419627238,GOOD_FORM,pushup_good_01.mp4,858
170.26551532620007,146.7126288477151,1.126277033769628,0.1787622292516147,105.16016352893537,0.01343238353729248,0.1725403368473053,173.00739042022306,GOOD_FORM,pushup_good_01.mp4,861
170.26612170680104,146.70423838466783,1.1285637878048047,0.17902672848163625,105.40501629186821,0.013611704111099243,0.17259395122528076,171.95094427337722,GOOD_FORM,pushup_good_01.mp4,864
169.2723038613398,145.39799757336587,1.1213195527163222,0.17767653140282222,104.674208399311,0.01496034860610962,0.17188039422035217,172.46896297748518,GOOD_FORM,pushup_good_01.mp4,867
167.19323006448678,145.4709522614784,1.1201590351358073,0.17856442849886756,104.50281635969705,0.0180627703666687,0.17287388443946838,172.6596678589878,GOOD_FORM,pushup_good_01.mp4,870
164.79728354067595,147.4734825536339,1.1265108015186698,0.17961774959261892,105.34883975447778,0.02062511444091797,0.17321044206619263,171.77883871742316,GOOD_FORM,pushup_good_01.mp4,873
160.25826568556192,150.67123450984334,1.132524171798753,0.18241223721106362,106.17014231996372,0.0269777774810791,0.17519500851631165,172.22286933049347,GOOD_FORM,pushup_good_01.mp4,876
154.93582508094673,154.72548328374106,1.1406859582485218,0.1870054680548557,107.22139666885998,0.03473871946334839,0.17862069606781006,165.60251725383029,GOOD_FORM,pushup_good_01.mp4,879
148.30350726284698,162.1439470347799,1.150932758003441,0.19140003970241717,108.83792096357251,0.044246673583984375,0.1811467409133911,162.74196239639093,GOOD_FORM,pushup_good_01.mp4,882
143.06444214919017,168.47880380263464,1.1620411585786965,0.19622920370077687,110.49290474779374,0.052004337310791016,0.18380963802337646,158.78528127586475,GOOD_FORM,pushup_good_01.mp4,885
138.93075959167052,172.51497584463024,1.162836767356868,0.20042153963799983,111.05489254899737,0.058305978775024414,0.1870393455028534,162.64258948032574,GOOD_FORM,pushup_good_01.mp4,888
128.94643279222825,172.63193495711278,1.144183280747566,0.19822381152268997,109.35565397919365,0.07100680470466614,0.18701893091201782,163.06429925322448,GOOD_FORM,pushup_good_01.mp4,891
122.49398810455456,172.5629778168609,1.1125211602675995,0.19337559793522185,106.2000769196335,0.07930988073348999,0.18569648265838623,159.5057829560712,GOOD_FORM,pushup_good_01.mp4,894
114.37310057216413,170.11391246669652,1.0811806888406637,0.19119479661147604,102.23222803767976,0.0841401219367981,0.18685361742973328,159.55759508478013,GOOD_FORM,pushup_good_01.mp4,897
108.11054321218407,169.17974020895554,1.0527288941026423,0.1868271974219875,98.51006207767301,0.08878213167190552,0.18476998805999756,156.51537473308454,GOOD_FORM,pushup_good_01.mp4,900
97.71365758238734,165.4377990739985,1.028977864998742,0.1853567486032969,94.85029179640782,0.08852225542068481,0.18469291925430298,155.56589115952175,GOOD_FORM,pushup_good_01.mp4,903
92.05718780674154,166.56940715271753,1.0275366764691518,0.18541667724140837,94.65736760443617,0.08955633640289307,0.18480437994003296,154.3833277308654,GOOD_FORM,pushup_good_01.mp4,906
84.13908999179328,166.40608497248652,1.0247370110648304,0.1882643480379419,94.13947499360805,0.0920741856098175,0.18777316808700562,152.68733338597045,GOOD_FORM,pushup_good_01.mp4,909
88.40147150724712,165.09556638567577,1.0158687917705935,0.18695448617483568,92.69570535289816,0.0934160053730011,0.18674758076667786,152.53251295038882,GOOD_FORM,pushup_good_01.mp4,912
92.02104252813162,167.908428900811,1.028935780592823,0.18626845345996848,94.89595448108757,0.09250816702842712,0.1855887472629547,151.4896108731767,GOOD_FORM,pushup_good_01.mp4,915
93.07570225456436,168.5085667605437,1.0356078233797812,0.18692723565027122,95.95003419553932,0.0930376648902893,0.1859200894832611,152.17481709362752,GOOD_FORM,pushup_good_01.mp4,918
93.29419656444637,168.10066623296214,1.038202172742708,0.18677236675601283,96.33792972926972,0.09369763731956482,0.1856307089328766,152.86188381847515,GOOD_FORM,pushup_good_01.mp4,921
95.7025850099354,169.76596934411737,1.0493602528349997,0.1873223076730293,98.06802493503592,0.09323716163635254,0.18546801805496216,156.1936991500308,GOOD_FORM,pushup_good_01.mp4,924
115.3262257972424,170.20845324349855,1.0629811414028725,0.18779823564763382,100.03133703837422,0.08748084306716919,0.18492698669433594,155.8879525132745,GOOD_FORM,pushup_good_01.mp4,927
125.54494518911083,168.63910190018558,1.0749424763659545,0.18725946138373287,101.52405093727299,0.07829716801643372,0.18348407745361328,159.91394611924176,GOOD_FORM,pushup_good_01.mp4,930
132.60936190714511,168.57309298464116,1.0978941892133727,0.18982882320628056,104.23280244679576,0.07039511203765869,0.1840013563632965,160.94151503164468,GOOD_FORM,pushup_good_01.mp4,933
141.72650564158943,170.66032957248808,1.1317444754813182,0.194239888269574,107.94236483486821,0.06056135892868042,0.1847923994064331,159.34029214807163,GOOD_FORM,pushup_good_01.mp4,936
145.57379646134302,173.22253113136898,1.157406653647962,0.19647076885284043,110.85802731062458,0.04851648211479187,0.18359380960464478,162.44871285352184,GOOD_FORM,pushup_good_01.mp4,939
151.1383906415394,171.5463125792277,1.1776916398055024,0.19895593598420658,112.35593507387854,0.04027974605560303,0.18400061130523682,161.23942592562247,GOOD_FORM,pushup_good_01.mp4,942
155.15014529822844,169.33076638389625,1.1962712113106837,0.19939508486831425,113.44248444660202,0.03542807698249817,0.18293526768684387,161.48701882886527,GOOD_FORM,pushup_good_01.mp4,945
156.421747394706,167.25938327108167,1.1944488222831524,0.19539510334162197,113.32311195040695,0.032493025064468384,0.17942702770233154,167.5646732993205,GOOD_FORM,pushup_good_01.mp4,948
157.0389688704152,164.79483915050292,1.1962962782932938,0.193005364668408,113.13056369786202,0.03186577558517456,0.17748838663101196,170.36803017453124,GOOD_FORM,pushup_good_01.mp4,951
161.36579490102937,164.27618233508272,1.2063517603479064,0.19296982059189033,113.92973704434087,0.025647282600402832,0.17638102173805237,173.918828992062,GOOD_FORM,pushup_good_01.mp4,954
163.1381385035186,161.01402573271494,1.2089892914539127,0.19263609922407052,113.53760340092744,0.02309754490852356,0.176606684923172,174.0025411576312,GOOD_FORM,pushup_good_01.mp4,957
164.41308406376584,162.539878824688,1.2235808502296404,0.19383429253576479,114.97586099892497,0.021860837936401367,0.17570605874061584,175.28501085246413,GOOD_FORM,pushup_good_01.mp4,960
164.86129445874607,161.47692589892756,1.2138774708773648,0.19270000194048745,114.26927360261577,0.020141571760177612,0.17566806077957153,175.9755120141507,GOOD_FORM,pushup_good_01.mp4,963
164.51887283332744,159.32920921691968,1.2070396420866274,0.19194131335589465,113.38974526554777,0.020359009504318237,0.17616695165634155,176.1115647562952,GOOD_FORM,pushup_good_01.mp4,966
166.02600208912995,157.81093714068436,1.1967351183329278,0.189344971379314,112.47719939103327,0.01821798086166382,0.1749591827392578,174.3642922879029,GOOD_FORM,pushup_good_01.mp4,969
166.07467100908457,156.28014688486138,1.1897760031756643,0.18823497309884937,111.82521217934074,0.018516123294830322,0.1747412383556366,173.84927636022977,GOOD_FORM,pushup_good_01.mp4,972
165.88227601082244,157.10813737567747,1.188516351917087,0.18897677338619692,111.82296614121843,0.01884990930557251,0.17543262243270874,171.4926546701381,GOOD_FORM,pushup_good_01.mp4,975
165.98876127146264,157.84413719899297,1.188415964405371,0.18915830239221287,111.86562614160371,0.018708378076553345,0.1755487322807312,170.40632872324278,GOOD_FORM,pushup_good_01.mp4,978
165.8829426395324,157.35204038026325,1.1847501829840446,0.18880607692356488,111.48220308302331,0.018986910581588745,0.17568853497505188,170.26380418783964,GOOD_FORM,pushup_good_01.mp4,981
165.43309679606594,157.48743555932887,1.1842713388891395,0.18881638858011682,111.4821281561624,0.018280327320098877,0.17569822072982788,170.65397069278475,GOOD_FORM,pushup_good_01.mp4,984
160.61894245065645,159.15011488996498,1.1897835394758614,0.19000136361934075,112.11950801217247,0.025446206331253052,0.17601582407951355,167.52173374541977,GOOD_FORM,pushup_good_01.mp4,987
156.29314915309294,162.8534172354983,1.1906916847614823,0.1910116638373702,112.89371218292871,0.030818462371826172,0.17596367001533508,164.30933170947887,GOOD_FORM,pushup_good_01.mp4,990
150.62426389241438,166.824455777256,1.1817373601023982,0.19125787953403156,112.84103341843357,0.03732842206954956,0.17625883221626282,162.2440945649212,GOOD_FORM,pushup_good_01.mp4,993
143.65884601925987,171.70826022793463,1.1777834971745964,0.19571029051314165,112.92933282302211,0.04870280623435974,0.1802448034286499,161.22346884215972,GOOD_FORM,pushup_good_01.mp4,996
138.67653559141007,171.25630241157182,1.1490700223707278,0.19412952104058684,110.22325522057122,0.05050152540206909,0.18216070532798767,160.86150472584646,GOOD_FORM,pushup_good_01.mp4,999
126.94977085866178,175.11347305392832,1.1441343724670348,0.19600061684890835,110.02956665059335,0.0662127137184143,0.18414446711540222,158.3057001650429,GOOD_FORM,pushup_good_01.mp4,1002
117.30527467305347,174.47002522997664,1.1233437942112618,0.194050479485165,107.79044243559862,0.08048725128173828,0.18477007746696472,157.54836683221484,GOOD_FORM,pushup_good_01.mp4,1005
110.51410026047293,173.76631448774077,1.0944391998500176,0.18934716579569544,104.5275580660672,0.08370405435562134,0.18329253792762756,159.61066756509186,GOOD_FORM,pushup_good_01.mp4,1008
108.10973010472858,170.5409227515647,1.0609664376376748,0.1855624614386483,99.8976981876345,0.087302565574646,0.18280029296875,159.65508231019274,GOOD_FORM,pushup_good_01.mp4,1011
109.1464500184687,166.43261951554757,1.026938086346632,0.18202522471557703,94.62461737065433,0.088937908411026,0.1814325451850891,157.2851520622412,GOOD_FORM,pushup_good_01.mp4,1014
105.86686864176902,168.66524388521947,1.035887256734814,0.18360837490066115,96.10058650613342,0.08884039521217346,0.18256846070289612,156.18798981799503,GOOD_FORM,pushup_good_01.mp4,1017
106.9032906224935,167.73469608964845,1.0361956640894772,0.1851509993126599,96.0830120613492,0.08951675891876221,0.18410837650299072,151.4879233116137,GOOD_FORM,pushup_good_01.mp4,1020
97.23131965937475,168.9291028145954,1.0415985253112934,0.1854140950422845,96.96141700606395,0.08847349882125854,0.18404707312583923,153.73447168507792,GOOD_FORM,pushup_good_01.mp4,1023
93.56072205753662,168.6095771425983,1.0452388676196707,0.1847985434089269,97.50499575661786,0.0892016589641571,0.18321529030799866,154.54334033318813,GOOD_FORM,pushup_good_01.mp4,1026
104.33063398595486,168.83826971524397,1.05274552320271,0.18554834259421593,98.61563002302063,0.08812573552131653,0.18345430493354797,154.42654637541835,GOOD_FORM,pushup_good_01.mp4,1029
111.15763685263524,168.06106222464425,1.0526973610465458,0.1853425913750732,98.56388594679078,0.08738088607788086,0.18327587842941284,153.94846228223076,GOOD_FORM,pushup_good_01.mp4,1032
114.3546655528928,166.78577915561937,1.0634109934196272,0.18640989560986967,99.93625298226345,0.08579057455062866,0.18361350893974304,153.72601840574015,GOOD_FORM,pushup_good_01.mp4,1035
122.18433595034541,167.26540134516074,1.0855617943706866,0.18985617950476197,102.667564297423,0.08350896835327148,0.18523436784744263,158.72320190504513,GOOD_FORM,pushup_good_01.mp4,1038
133.83727142771045,167.88755115885206,1.1035892205733397,0.19383559722623667,104.53515603005738,0.06439909338951111,0.1876310110092163,161.55282531992057,GOOD_FORM,pushup_good_01.mp4,1041
144.15165615402202,170.96720024184975,1.1373693087269958,0.19829249777388958,108.26113160605445,0.04992556571960449,0.1883051097393036,162.5312624429956,GOOD_FORM,pushup_good_01.mp4,1044
149.49505762611471,172.1173325515243,1.1621866131662728,0.19954869627592542,110.81041512114614,0.046802639961242676,0.1865290105342865,164.78745193310525,GOOD_FORM,pushup_good_01.mp4,1047
152.05316685300755,172.30939559465142,1.1901508352185979,0.19887282868994255,113.50600901239868,0.04412207007408142,0.18236827850341797,163.52786924834274,GOOD_FORM,pushup_good_01.mp4,1050
154.63835148763764,169.95708025058053,1.18580285076609,0.19401872964818206,113.03027846818107,0.03968152403831482,0.17855343222618103,164.96898090624467,GOOD_FORM,pushup_good_01.mp4,1053
156.86990362158753,167.7697460420989,1.196923277669095,0.19284844009207963,113.73590032951671,0.035139650106430054,0.17653372883796692,166.58816737970284,GOOD_FORM,pushup_good_01.mp4,1056
158.51312113404703,166.62096529387867,1.2077081055511731,0.19130765889914209,114.60016100598412,0.029811352491378784,0.1739417016506195,170.79321267898771,GOOD_FORM,pushup_good_01.mp4,1059
160.7859393165416,164.15642952945413,1.2093094306687755,0.189777321736613,114.43415810864533,0.024235278367996216,0.17277845740318298,174.57148288921206,GOOD_FORM,pushup_good_01.mp4,1062
164.43163002552168,163.29129771459725,1.2079470321006063,0.18986343820662466,114.20073213836423,0.022839218378067017,0.17317542433738708,175.0694619187671,GOOD_FORM,pushup_good_01.mp4,1065
165.61406300478217,161.83156265528564,1.202833715021295,0.18672793631232873,113.86089182911863,0.01959928870201111,0.17076656222343445,174.39739629992886,GOOD_FORM,pushup_good_01.mp4,1068
164.91799741976175,160.52157234867065,1.2043368383144266,0.18913973633158557,113.56517949295032,0.018818974494934082,0.17336484789848328,174.6294368543119,GOOD_FORM,pushup_good_01.mp4,1071
164.99008673907775,159.49532635544082,1.1995573269321278,0.18820755659190488,113.20549582853306,0.017698615789413452,0.1729794144630432,174.53441032986842,GOOD_FORM,pushup_good_01.mp4,1074
164.87288529593414,160.1882866201191,1.2032208221455005,0.18909623717671,113.72329156358145,0.016734659671783447,0.17311567068099976,175.60978588954563,GOOD_FORM,pushup_good_01.mp4,1077
165.05881577751092,159.39408472689885,1.2015746816530013,0.18825402831245025,113.54929468433969,0.015333443880081177,0.17257386445999146,174.64087239570156,GOOD_FORM,pushup_good_01.mp4,1080
164.8183367028619,160.37673669709014,1.2075442134958358,0.18880828152377735,114.20387327743899,0.015943467617034912,0.1722087562084198,171.23590489107153,GOOD_FORM,pushup_good_01.mp4,1083
164.64508653767365,159.89508746289255,1.2032723114210282,0.1884793705212532,113.74558222752941,0.016488194465637207,0.1725214123725891,171.859579679438,GOOD_FORM,pushup_good_01.mp4,1086
165.2384577539673,160.0163159852383,1.2087851257698912,0.18953859505643253,114.21683438586437,0.016233235597610474,0.17285728454589844,172.43926464725126,GOOD_FORM,pushup_good_01.mp4,1089
165.02597997708952,160.47794188634003,1.2086652374556257,0.18986445527093254,114.23916066121281,0.016826927661895752,0.17312410473823547,170.85786361821206,GOOD_FORM,pushup_good_01.mp4,1092
163.2740848313904,162.58019909268467,1.2195190754198524,0.191985639034044,115.30803202635086,0.01990032196044922,0.1735573410987854,169.28777596926355,GOOD_FORM,pushup_good_01.mp4,1095
157.2223091795174,165.60332171851104,1.213059487414311,0.19285941455755343,115.32722416400387,0.028351038694381714,0.17431962490081787,166.5827068050457,GOOD_FORM,pushup_good_01.mp4,1098
153.18647683564524,168.3232624103899,1.1967046882900205,0.19396198880035523,114.32412469199235,0.03717610239982605,0.17674210667610168,163.496499351682,GOOD_FORM,pushup_good_01.mp4,1101
145.5937222219746,172.47839983679071,1.1912094798509414,0.20042225788255036,113.75800671699483,0.05131539702415466,0.18343573808670044,161.4701175358261,GOOD_FORM,pushup_good_01.mp4,1104
141.57502531222747,174.3206811363738,1.1805590888645743,0.2027671936903597,112.75495077103812,0.057781606912612915,0.18698370456695557,158.02349511392342,GOOD_FORM,pushup_good_01.mp4,1107
133.77405345082323,176.3440913808614,1.1641713735234853,0.19823209987012025,111.93531063442018,0.06457662582397461,0.1838798224925995,159.87788845979645,GOOD_FORM,pushup_good_01.mp4,1110
125.94822500055278,175.52576892746177,1.1443748717257671,0.1993717937943018,109.68116717169278,0.07776319980621338,0.1877235472202301,158.89590581746384,GOOD_FORM,pushup_good_01.mp4,1113
116.0376305058544,171.51482894128924,1.0907935144504541,0.19092699575508154,103.61123133246927,0.0857047438621521,0.18556421995162964,156.41382507275432,GOOD_FORM,pushup_good_01.mp4,1116
114.97836118480845,168.9130920290613,1.055119621132174,0.18642803669573466,98.83803529243389,0.09107393026351929,0.1842142641544342,153.71249703731627,GOOD_FORM,pushup_good_01.mp4,1119
110.4188085374045,167.99533053508677,1.037612133607742,0.1862322640827601,96.21481741473778,0.0899556577205658,0.18513765931129456,155.70279459392532,GOOD_FORM,pushup_good_01.mp4,1122
106.01709500138135,167.47625203770716,1.030656238983796,0.18428357001512682,95.1702500585315,0.09109532833099365,0.1835336983203888,153.93907229830106,GOOD_FORM,pushup_good_01.mp4,1125
105.87153954857338,167.51920572958045,1.0307728536919791,0.18366349796964118,95.20914823861249,0.090218186378479,0.18290486931800842,153.15794100585103,GOOD_FORM,pushup_good_01.mp4,1128
101.74600655044202,166.8549270717959,1.028077390711641,0.1828594870765245,94.78736800829044,0.09469518065452576,0.18222147226333618,155.67264776650094,GOOD_FORM,pushup_good_01.mp4,1131
110.82720754576223,168.94902801878786,1.0405558362170328,0.1846106864401547,96.77690152528982,0.09066572785377502,0.18332070112228394,152.87073475917887,GOOD_FORM,pushup_good_01.mp4,1134
103.82355379627475,169.7156558446233,1.049332648743585,0.18366010509427394,98.18143618624441,0.091196209192276,0.18179067969322205,152.3059561372153,GOOD_FORM,pushup_good_01.mp4,1137
116.32382706023348,170.70199109084137,1.0563477108930621,0.18302180591494693,99.29458849744074,0.0872463583946228,0.18061864376068115,152.30464700619746,GOOD_FORM,pushup_good_01.mp4,1140
120.25649066510537,169.65949374465433,1.058370250929495,0.1834805960443357,99.51104557206959,0.08555230498313904,0.18095815181732178,153.40185817566703,GOOD_FORM,pushup_good_01.mp4,1143
127.94133743184538,169.63603126597863,1.0785088958428282,0.18454546489614015,102.2359324990049,0.08080905675888062,0.18035271763801575,154.61090113463857,GOOD_FORM,pushup_good_01.mp4,1146
134.47709086497815,171.1851255497139,1.1095581585004002,0.19010937990397864,105.91731345020429,0.07677507400512695,0.18281951546669006,160.38865032738525,GOOD_FORM,pushup_good_01.mp4,1149
140.5534838928128,171.32177380475676,1.1311733793084493,0.19546791596015006,107.96907797930263,0.061869680881500244,0.18593260645866394,161.85033319701165,GOOD_FORM,pushup_good_01.mp4,1152
146.06405706328496,172.59052239592316,1.1565928077359113,0.19740128525419343,110.55149152165023,0.05191749334335327,0.18483677506446838,162.64093514547298,GOOD_FORM,pushup_good_01.mp4,1155
154.98918495091635,172.92907855230752,1.1802663537136193,0.1993966076168679,112.72286518462835,0.04111364483833313,0.18391862511634827,164.66033118922823,GOOD_FORM,pushup_good_01.mp4,1158
159.1585616146868,171.07081228143338,1.1887403068925937,0.1970054404391647,113.34518147818437,0.037418872117996216,0.1808757185935974,164.75563902443125,GOOD_FORM,pushup_good_01.mp4,1161
159.80263765429245,164.60575571437394,1.164138212532693,0.19205146623353653,110.36871764290127,0.0367090106010437,0.1800416111946106,165.64774475257875,GOOD_FORM,pushup_good_01.mp4,1164
164.51844421215563,160.85137615560834,1.1648787113339534,0.18904075498431636,110.03652363711856,0.029362499713897705,0.17759770154953003,170.74534910770757,GOOD_FORM,pushup_good_01.mp4,1167
166.95404275403675,161.61171387524774,1.1791251824073081,0.18722260762336007,111.50021544916744,0.02650272846221924,0.17419350147247314,170.62229974034955,GOOD_FORM,pushup_good_01.mp4,1170
165.62411736859633,156.23082544409291,1.1536468928724481,0.18491164576202676,108.36910960705114,0.027459383010864258,0.17548862099647522,174.65363486916155,GOOD_FORM,pushup_good_01.mp4,1173
167.40644702784834,155.0696449459025,1.1711574911085159,0.18698257980922056,109.53967712186987,0.024916887283325195,0.1762130856513977,172.65183115041575,GOOD_FORM,pushup_good_01.mp4,1176
166.41464738121087,153.88261967495214,1.1671964502566452,0.18470802052690344,109.2851425163977,0.025126785039901733,0.17434227466583252,175.27269688272185,GOOD_FORM,pushup_good_01.mp4,1179
165.87111287119507,149.6090568477629,1.1366322884906988,0.18080824680951998,106.09225180288182,0.02550816535949707,0.1737227737903595,175.64709017295766,GOOD_FORM,pushup_good_01.mp4,1182
164.7496448697057,149.78962105017297,1.1362964264606663,0.1817926521720038,106.15275345529318,0.025759875774383545,0.1746152937412262,174.20318173258218,GOOD_FORM,pushup_good_01.mp4,1185
165.27872663856675,149.7910388621963,1.1376645009680955,0.1829898418850043,106.26187056535619,0.023108452558517456,0.17566794157028198,172.78725796029477,GOOD_FORM,pushup_good_01.mp4,1188
165.5654058398614,147.88503536684598,1.128114713436029,0.1813338491911641,105.11531986193762,0.023192137479782104,0.17505952715873718,173.18498100239552,GOOD_FORM,pushup_good_01.mp4,1191
165.48137463234147,147.52749914790908,1.1275371118206232,0.18251891371274717,104.98691501014062,0.022810548543930054,0.17630982398986816,171.99362866308448,GOOD_FORM,pushup_good_01.mp4,1194
165.59730188491267,147.09818106749267,1.12544697785683,0.18188053362826348,104.82246876548975,0.02212655544281006,0.17582744359970093,171.11730988948872,GOOD_FORM,pushup_good_01.mp4,1197
165.31561211431963,146.15894734515916,1.119220898451564,0.18056606447740325,104.2204780685709,0.021980971097946167,0.17503246665000916,171.886249656739,GOOD_FORM,pushup_good_01.mp4,1200
165.4077478978867,146.92137660486736,1.1246460676504912,0.1816850561920343,104.79692240939947,0.021082937717437744,0.1756591796875,172.63403898753407,GOOD_FORM,pushup_good_01.mp4,1203
165.37768656916634,145.05152329631383,1.1078237375653806,0.1800678910439621,102.90470795520187,0.020232170820236206,0.17551937699317932,174.28689242735692,GOOD_FORM,pushup_good_01.mp4,1206
166.28807229482564,143.57514160647602,1.103313472234292,0.18067195976891812,102.3184736114553,0.017695695161819458,0.17651185393333435,172.5283336850277,GOOD_FORM,pushup_good_01.mp4,1209
167.3611543801352,143.51650161542543,1.1062593278839856,0.1799115464663543,102.74100051759473,0.014858245849609375,0.17548108100891113,170.13272673130993,GOOD_FORM,pushup_good_01.mp4,1212
166.80533540315622,143.47722700297112,1.108037629274373,0.18099324102693676,102.88895893521813,0.015142440795898438,0.17643246054649353,169.4581988799831,GOOD_FORM,pushup_good_01.mp4,1215
167.1064469268964,143.19789647955545,1.1085203972571427,0.18084080420194415,102.96117640741868,0.01437404751777649,0.17623287439346313,171.82171017160115,GOOD_FORM,pushup_good_01.mp4,1218
167.77224134585404,143.09359704398358,1.1046602354436938,0.18076982055065785,102.54690811155595,0.013775378465652466,0.17645227909088135,171.99756830099662,GOOD_FORM,pushup_good_01.mp4,1221
167.94960895361976,143.56607338038162,1.1067568212701826,0.1801875866582284,102.84265386242771,0.013051837682723999,0.1756795346736908,172.2613194694983,GOOD_FORM,pushup_good_01.mp4,1224
167.6301031620266,143.7935283752724,1.1087975381512194,0.18051500083152563,103.05100275974335,0.013617455959320068,0.17585167288780212,171.81557659978404,GOOD_FORM,pushup_good_01.mp4,1227
168.60854331779194,144.93507962868685,1.1189936447776154,0.18017918974948244,104.19671316078723,0.01272246241569519,0.17467579245567322,171.65622778310748,GOOD_FORM,pushup_good_01.mp4,1230
168.38971602578115,144.91746218236653,1.1199053681966737,0.18043034420596968,104.28541408745691,0.013323396444320679,0.17485055327415466,172.03115307411113,GOOD_FORM,pushup_good_01.mp4,1233
168.00000674671244,145.16549079685575,1.1262558984366609,0.1807834765485599,104.93515627306097,0.014244705438613892,0.1746755838394165,172.4285170310677,GOOD_FORM,pushup_good_01.mp4,1236
169.18758453225328,144.95844725880653,1.126460178341567,0.18100395878048023,104.94394617536705,0.013617396354675293,0.1748814582824707,173.55872027265733,GOOD_FORM,pushup_good_01.mp4,1239
169.14300993433156,145.0998862526772,1.129640553690031,0.18161783813472077,105.21749086595091,0.014705479145050049,0.17524895071983337,174.1494061650088,GOOD_FORM,pushup_good_01.mp4,1242
167.99057654825924,145.2956953575302,1.1299974127576191,0.1826220132714316,105.16229496820579,0.017736226320266724,0.17626401782035828,174.9114792102276,GOOD_FORM,pushup_good_01.mp4,1245
166.9206803223309,145.04807811343977,1.124204999672959,0.18470127301023967,104.45985498125309,0.020348787307739258,0.17884981632232666,174.7390467565693,GOOD_FORM,pushup_good_01.mp4,1248
164.44671249538192,148.16633695543462,1.1326611402778288,0.18838045939011397,105.49513470587148,0.024334430694580078,0.18153268098831177,175.21323233181204,GOOD_FORM,pushup_good_01.mp4,1251
161.1208543858379,151.55945566231887,1.1360469358714662,0.19078072979755548,106.16227601493063,0.028977394104003906,0.18323972821235657,173.22168836972918,GOOD_FORM,pushup_good_01.mp4,1254
155.86462925959802,159.0743285315597,1.1517258883211137,0.19140955286824451,108.59997676396289,0.03733402490615845,0.18141087889671326,165.96342616917747,GOOD_FORM,pushup_good_01.mp4,1257
147.98155381766742,163.8690732387573,1.1439821283029257,0.18818020069283645,108.8637046711505,0.04649209976196289,0.1780720055103302,162.0553870366795,GOOD_FORM,pushup_good_01.mp4,1260
142.19806993582307,172.24267724815817,1.1625386981110322,0.19514249497881683,111.403171626589,0.05372697114944458,0.18168318271636963,160.32288432312936,GOOD_FORM,pushup_good_01.mp4,1263
130.27591634177773,174.12730610149944,1.153184512201873,0.1954971473700614,110.67465882931522,0.06643417477607727,0.18290585279464722,158.35042355331277,GOOD_FORM,pushup_good_01.mp4,1266
121.31150221807088,174.50975230535641,1.1402754161968185,0.19703786846704396,109.38560688321067,0.07494586706161499,0.1858658492565155,158.73095860564177,GOOD_FORM,pushup_good_01.mp4,1269
113.04160404816677,173.47961442144552,1.1103748565250264,0.19269147304438336,106.19334454557568,0.0818457305431366,0.18504583835601807,158.5501369902227,GOOD_FORM,pushup_good_01.mp4,1272
111.54249614566157,173.19515830411694,1.0870649172733757,0.18875208914258212,103.50860234313524,0.08679383993148804,0.18352967500686646,155.6129955083433,GOOD_FORM,pushup_good_01.mp4,1275
119.87054338389754,168.80667221420427,1.0474431013488266,0.18154241311969632,97.96209688513848,0.08964157104492188,0.1797921359539032,155.2603248087507,GOOD_FORM,pushup_good_01.mp4,1278
113.68459427385777,166.30493724835642,1.0381217806670655,0.18076994086076129,96.50888777182799,0.08718141913414001,0.17960461974143982,151.40507434588832,GOOD_FORM,pushup_good_01.mp4,1281
102.08538592427153,167.32839951145937,1.0479921741081364,0.18243915470837496,98.03021950652575,0.08841508626937866,0.18065005540847778,150.41073591626247,GOOD_FORM,pushup_good_01.mp4,1284
102.92989253899789,170.905120198937,1.0623341151047014,0.18084453544552903,100.45482388690517,0.08952891826629639,0.17784187197685242,152.17732755820023,GOOD_FORM,pushup_good_01.mp4,1287
115.37113990012399,170.8099084804705,1.0699800414761098,0.1821056892617385,101.4905535825534,0.08698076009750366,0.1784554421901703,151.75906907270885,GOOD_FORM,pushup_good_01.mp4,1290
118.45802933511919,169.82565761967712,1.0711664912669507,0.18266262285335647,101.54448435633692,0.08589944243431091,0.17896687984466553,152.49850737952738,GOOD_FORM,pushup_good_01.mp4,1293
127.94746436669998,170.43100297936468,1.0899395660861537,0.18480515496065036,103.99639504259027,0.0797310471534729,0.17931786179542542,153.84389760710656,GOOD_FORM,pushup_good_01.mp4,1296
131.86604840907205,170.458994565709,1.103100000868591,0.18952690333805752,105.14679764593255,0.07194870710372925,0.18294194340705872,156.77605932523332,GOOD_FORM,pushup_good_01.mp4,1299
138.38348347669873,169.9233015561736,1.1203888970402676,0.19498548133686902,106.68129416324696,0.057642221450805664,0.18677890300750732,159.6704842047637,GOOD_FORM,pushup_good_01.mp4,1302
145.2033256168245,171.8512374474577,1.1527070350153181,0.19992250391525723,109.82256284726259,0.05189836025238037,0.18807533383369446,160.33434107715945,GOOD_FORM,pushup_good_01.mp4,1305
154.0869251482234,172.37648747558188,1.18231944629737,0.2007793567166761,112.68082852746934,0.041276395320892334,0.1852509081363678,160.4294072858648,GOOD_FORM,pushup_good_01.mp4,1308
161.16818443469109,175.02224615912337,1.2210931611108147,0.2034566015748951,116.40440301455989,0.033088237047195435,0.18222931027412415,161.03695120257032,GOOD_FORM,pushup_good_01.mp4,1311
163.42006158258727,172.93628590476266,1.2159447297984185,0.19967142149145356,115.9126829535213,0.030141562223434448,0.17959454655647278,164.61971973709478,GOOD_FORM,pushup_good_01.mp4,1314
166.27293219245522,171.21102745191564,1.224851990670118,0.19721767591051087,116.61267389218096,0.024249911308288574,0.17632123827934265,163.65734076381287,GOOD_FORM,pushup_good_01.mp4,1317
167.0763299376475,168.03601693682552,1.2272195994494373,0.19729568891918822,116.1311258227656,0.023538529872894287,0.1771276295185089,165.11059132333153,GOOD_FORM,pushup_good_01.mp4,1320
169.60645387974606,163.69049782417542,1.2209406589790615,0.19299652375204587,115.02452726643841,0.01770603656768799,0.1748773455619812,165.99895836204584,GOOD_FORM,pushup_good_01.mp4,1323
171.13836950610232,165.92834878717136,1.2315616289876128,0.1952519498159342,116.17439081466141,0.018116533756256104,0.1752277910709381,170.45574587224513,GOOD_FORM,pushup_good_01.mp4,1326
171.85817893172955,166.1844429131353,1.2481239594562412,0.19448186496823536,117.65290965533761,0.014792263507843018,0.17226481437683105,170.67020731487762,GOOD_FORM,pushup_good_01.mp4,1329
170.15651824125845,164.653543769812,1.2337023238195057,0.19341519700332288,116.28102764467961,0.017805099487304688,0.1734202802181244,170.74247699180745,GOOD_FORM,pushup_good_01.mp4,1332
168.8671938464578,164.98305309545222,1.2297760042856405,0.19269034497283527,116.13376158714522,0.01847204566001892,0.1729891002178192,171.62180655349832,GOOD_FORM,pushup_good_01.mp4,1335
166.92843636645227,164.19486324674668,1.22359291372586,0.19170332220346073,115.56251666498156,0.021057724952697754,0.17293637990951538,171.30072500260397,GOOD_FORM,pushup_good_01.mp4,1338
165.869153922459,163.9576071461041,1.2244735321738789,0.19186726807891832,115.59635067376,0.0226743221282959,0.17303535342216492,171.8253470385946,GOOD_FORM,pushup_good_01.mp4,1341
164.7013317519081,163.14897983555724,1.219088466136748,0.19156296153243868,115.13781580430457,0.024507761001586914,0.17341777682304382,172.4908125920683,GOOD_FORM,pushup_good_01.mp4,1344
161.5571906677236,163.06406763820974,1.217426486652509,0.1919203395856068,115.00172196270127,0.029332756996154785,0.17393448948860168,172.17289073783232,GOOD_FORM,pushup_good_01.mp4,1347
159.57015097929286,161.65867939576052,1.1930583961592751,0.189403145206665,112.92950059511755,0.03139719367027283,0.1744357943534851,169.63802811936563,GOOD_FORM,pushup_good_01.mp4,1350
157.6016472706945,165.31203950371386,1.1932069892244808,0.18972364173489004,113.81439483841447,0.03244617581367493,0.173568457365036,168.33897105449813,GOOD_FORM,pushup_good_01.mp4,1353
155.0910412815069,170.76136585769567,1.2074502928327546,0.19194498211089522,115.98227119227882,0.03603371977806091,0.17254289984703064,168.7378374972764,GOOD_FORM,pushup_good_01.mp4,1356
150.28832836889447,171.55627581017828,1.1929188642178707,0.19303217651975127,114.71450020605177,0.041653186082839966,0.17534896731376648,166.99680114410774,GOOD_FORM,pushup_good_01.mp4,1359
143.41801362645344,172.09941989047508,1.160506384326917,0.1916083684968876,111.74052156210627,0.04949179291725159,0.17797794938087463,161.2953455659101,GOOD_FORM,pushup_good_01.mp4,1362
136.82853372235007,173.72470277104415,1.1525224667269915,0.19441822728058103,110.86450356777902,0.05646169185638428,0.18166795372962952,159.45123535591753,GOOD_FORM,pushup_good_01.mp4,1365
127.56104505703746,173.98102186743645,1.1420479473629668,0.19559064165232168,109.74964635745935,0.06951287388801575,0.18408441543579102,157.69311336013152,GOOD_FORM,pushup_good_01.mp4,1368
119.34136761562301,173.7012010287962,1.118749768328067,0.1924355049414101,107.37718417882834,0.07698610424995422,0.18365168571472168,157.73663495747476,GOOD_FORM,pushup_good_01.mp4,1371
109.88039748050458,170.05623810755358,1.0794000819386496,0.1853816222620315,102.52326371528856,0.082314133644104,0.18097054958343506,156.61718254834648,GOOD_FORM,pushup_good_01.mp4,1374
108.80384989355446,166.77994853565934,1.0480889110290834,0.1806197238873953,98.0423671657232,0.08641362190246582,0.17884311079978943,154.78206826167917,GOOD_FORM,pushup_good_01.mp4,1377
107.87909304805942,168.01832239009318,1.054517646203186,0.18149407377144836,99.12150733066666,0.08642342686653137,0.1791987121105194,151.62064382168523,GOOD_FORM,pushup_good_01.mp4,1380
108.84261545987364,166.78583356679397,1.052682689173361,0.18094748008968595,98.78515612515615,0.08372947573661804,0.17882436513900757,151.28562440778668,GOOD_FORM,pushup_good_01.mp4,1383
111.73645111915462,168.48506861862424,1.0650003717692818,0.18211478773176,100.63413093980633,0.08268532156944275,0.17898672819137573,154.4499169700877,GOOD_FORM,pushup_good_01.mp4,1386
116.36925668766933,169.22729356374484,1.0769932250118726,0.18358047260967378,102.3052399275274,0.08030867576599121,0.1793624460697174,155.4868398889608,GOOD_FORM,pushup_good_01.mp4,1389
125.12389101947645,167.35425012512522,1.0812993438707519,0.18504197617527407,102.59707014404158,0.07340255379676819,0.18058714270591736,157.65126450609895,GOOD_FORM,pushup_good_01.mp4,1392
129.93650940444306,166.83991791370073,1.093545411290901,0.1884330355227933,103.8540899680734,0.06909048557281494,0.1829506754875183,162.73664459949052,GOOD_FORM,pushup_good_01.mp4,1395
137.88033431601983,168.30207725152246,1.1175386811480104,0.19160785705019717,106.6213787825073,0.06033807992935181,0.18360084295272827,161.91215178299302,GOOD_FORM,pushup_good_01.mp4,1398
147.54130300986006,167.965864471308,1.13366050583773,0.19332664518295192,108.21418119808926,0.04791867733001709,0.18363893032073975,164.15712630420734,GOOD_FORM,pushup_good_01.mp4,1401
150.64123482780806,170.8442747096158,1.1668815586512946,0.1965440709390913,111.50794650814944,0.04544594883918762,0.18285661935806274,163.4020853958134,GOOD_FORM,pushup_good_01.mp4,1404
154.9832075469633,172.466292378055,1.197245061636768,0.193844848675482,114.95163331667153,0.0382576584815979,0.1757502257823944,167.97942116491438,GOOD_FORM,pushup_good_01.mp4,1407
158.90758004759158,170.31988108230246,1.2066084430107642,0.19210427825622184,115.5017682756183,0.03167319297790527,0.173385888338089,165.33642412636877,GOOD_FORM,pushup_good_01.mp4,1410
159.93233924557393,167.76251120659413,1.206263690077142,0.19051298292953753,115.21231885418864,0.030293375253677368,0.1723618507385254,168.08748429642557,GOOD_FORM,pushup_good_01.mp4,1413
164.08593104379466,164.49844041530113,1.223052793960551,0.19105124746966468,115.98639586410049,0.02192014455795288,0.17173346877098083,169.72924826299877,GOOD_FORM,pushup_good_01.mp4,1416
166.12060462647213,162.40248172623143,1.2240889714363279,0.1907639564865499,115.65899269609027,0.01929628849029541,0.171950101852417,173.13258847377887,GOOD_FORM,pushup_good_01.mp4,1419
165.9435945019437,159.31524789987338,1.2048023221364932,0.1906994555358188,113.40449844756027,0.019381791353225708,0.1750076413154602,174.3750068020059,GOOD_FORM,pushup_good_01.mp4,1422
165.8689034336047,159.14321266377794,1.2079849654585892,0.19032940596973255,113.65427215327556,0.01932355761528015,0.1743367612361908,173.74182820176702,GOOD_FORM,pushup_good_01.mp4,1425
165.30283287447867,158.46493722913513,1.198115649162738,0.19012254880280405,112.82473787215393,0.018538624048233032,0.17523351311683655,173.5153973105445,GOOD_FORM,pushup_good_01.mp4,1428
163.93437560049296,159.678563682016,1.1994345113119138,0.19008271072424168,113.23386841740378,0.019641846418380737,0.17466574907302856,173.7554483744428,GOOD_FORM,pushup_good_01.mp4,1431
163.9083864901862,159.21005036104282,1.1979591744861506,0.18974039485029345,113.1830923752137,0.01815095543861389,0.17441746592521667,173.7536259566974,GOOD_FORM,pushup_good_01.mp4,1434
164.09353854575076,159.50498048257774,1.2032406856588107,0.1903542360936856,113.70010703403945,0.0180986225605011,0.17429834604263306,172.48461240846916,GOOD_FORM,pushup_good_01.mp4,1437
164.79138265846794,160.02774408928687,1.2103791758793199,0.1911194882461312,114.25452549862712,0.01716563105583191,0.17424744367599487,171.0119759848439,GOOD_FORM,pushup_good_01.mp4,1440
165.67315911696087,159.36300212573502,1.2045689261795298,0.19039243201416312,113.76931929026966,0.016130685806274414,0.17424073815345764,171.10552990873947,GOOD_FORM,pushup_good_01.mp4,1443
165.3191372669151,159.1824316807487,1.2028051407671734,0.1907075018330974,113.5827408102313,0.016647160053253174,0.17477849125862122,171.62609073217249,GOOD_FORM,pushup_good_01.mp4,1446
165.64241308792955,159.30756473269525,1.2020963340099162,0.1904748343520827,113.56202978481562,0.01638561487197876,0.1745927929878235,170.82825798189745,GOOD_FORM,pushup_good_01.mp4,1449
162.0970822832699,162.02068202302013,1.208671213741366,0.19236925405513491,114.53535306198036,0.02145373821258545,0.17499741911888123,170.52831248768112,GOOD_FORM,pushup_good_01.mp4,1452
157.6282928614067,166.94187685029175,1.2163991880946923,0.194466960454122,115.84825098449599,0.02806013822555542,0.17500880360603333,168.25275653886953,GOOD_FORM,pushup_good_01.mp4,1455
153.84520614173599,173.31146665743256,1.2328427186231206,0.198349150676571,118.25096166694536,0.03326141834259033,0.17471981048583984,165.48617843748198,GOOD_FORM,pushup_good_01.mp4,1458
150.60959670934827,177.3384752026317,1.2130155091603967,0.19853593936400257,117.02388819103147,0.034352630376815796,0.1768569052219391,157.9284586601216,GOOD_FORM,pushup_good_01.mp4,1461
143.32696421665491,178.08582853468116,1.200019751384555,0.20076972247167404,115.84364489616054,0.043439775705337524,0.1806880235671997,155.7665787479196,GOOD_FORM,pushup_good_01.mp4,1464
135.35249195737316,178.33315780826797,1.1857091521518681,0.20196212127681665,114.38405718498325,0.05341431498527527,0.1839449405670166,157.27266496247404,GOOD_FORM,pushup_good_01.mp4,1467
125.71654193493087,178.429515259803,1.1692292882873712,0.20196984701231874,112.5759826084511,0.06965190172195435,0.18649154901504517,156.54546580718275,GOOD_FORM,pushup_good_01.mp4,1470
120.0245467455262,176.10650099434645,1.1314514593791611,0.19865006377229089,108.54907581069192,0.08014616370201111,0.18832942843437195,158.65401763541172,GOOD_FORM,pushup_good_01.mp4,1473
117.1154293728476,172.58111808175946,1.0905469115066757,0.19120885145597652,103.75654829431842,0.08907583355903625,0.1857234239578247,158.1132798884588,GOOD_FORM,pushup_good_01.mp4,1476
110.09588411306562,171.2888929613393,1.0677434605178575,0.18951506290181203,100.72898143249387,0.08934253454208374,0.18620175123214722,155.09924860206493,GOOD_FORM,pushup_good_01.mp4,1479
110.39266045395028,169.61549231561693,1.0553463697395844,0.18930647416637447,98.86040490498242,0.09178078174591064,0.18704715371131897,153.91260837472805,GOOD_FORM,pushup_good_01.mp4,1482
111.02735893882806,170.8306898170692,1.0688269646762412,0.18956377731981328,100.90811109034952,0.09009477496147156,0.1861383616924286,152.7561148185666,GOOD_FORM,pushup_good_01.mp4,1485
114.00305242063882,171.91017293927578,1.0814254846094151,0.19031486571144265,102.71058355174523,0.0883336067199707,0.18565049767494202,155.21199414382602,GOOD_FORM,pushup_good_01.mp4,1488
116.09135437415591,172.18226574355927,1.0886303568754259,0.19132798209671958,103.62752677469068,0.08739179372787476,0.18594112992286682,156.37224749127626,GOOD_FORM,pushup_good_01.mp4,1491
113.93014460870133,172.42035271910166,1.0883995412585838,0.19225377396083232,103.51515793925444,0.08678776025772095,0.1869293451309204,158.76529135090018,GOOD_FORM,pushup_good_01.mp4,1494
120.26803904131613,176.6620554751097,1.1227976473366046,0.1974135497816316,107.82948278061828,0.07576078176498413,0.18793118000030518,162.30348765837329,GOOD_FORM,pushup_good_01.mp4,1497
131.17442758854034,179.23011670863,1.1634054577609183,0.2034725133544365,112.23881782286448,0.06425774097442627,0.18833553791046143,162.00030996136783,GOOD_FORM,pushup_good_01.mp4,1500
143.3884585491374,178.74187540098544,1.1908268212124888,0.20784289504684456,114.29388960376548,0.05113893747329712,0.1894359588623047,162.18202071223,GOOD_FORM,pushup_good_01.mp4,1503
147.1721770932758,178.95598196571163,1.2107215264980737,0.20892262021465402,116.1562896496255,0.04725208878517151,0.18752571940422058,161.28834136722077,GOOD_FORM,pushup_good_01.mp4,1506
154.9486174043531,177.62270798985713,1.2439285291765034,0.21213450710137624,119.02330241160688,0.03607088327407837,0.18549248576164246,158.34729014777207,GOOD_FORM,pushup_good_01.mp4,1509
159.08169133285475,178.9527912376249,1.2544378715399702,0.20959741158566206,119.90387451084946,0.030674844980239868,0.18168938159942627,155.87415528550233,GOOD_FORM,pushup_good_01.mp4,1512
159.4842008499706,179.10817109175474,1.2648210804848083,0.2084163596079609,120.70912525967107,0.02940768003463745,0.17918729782104492,158.0307744687389,GOOD_FORM,pushup_good_01.mp4,1515
161.50407453857173,177.03953799112537,1.2666648563874296,0.2023421001884719,121.08736625190812,0.02374383807182312,0.17327880859375,158.22213431174683,GOOD_FORM,pushup_good_01.mp4,1518
164.904667822932,174.84673086850864,1.279999503827048,0.20280733449351898,121.60541302136038,0.019232511520385742,0.1727232038974762,161.88971325648353,GOOD_FORM,pushup_good_01.mp4,1521
167.07732043237905,172.42535915786627,1.272018315668826,0.20072513267929443,120.72965305570266,0.015897125005722046,0.17253786325454712,164.79736722736965,GOOD_FORM,pushup_good_01.mp4,1524
170.839432132424,172.10338625639406,1.2653525839269082,0.19688491038592443,120.38788785212822,0.012651264667510986,0.16983401775360107,165.91252106835276,GOOD_FORM,pushup_good_01.mp4,1527
169.18825086992243,168.76573959010872,1.2433176919655935,0.1944027785051349,118.21440634433682,0.015314579010009766,0.1713021993637085,168.22020801509123,GOOD_FORM,pushup_good_01.mp4,1530
166.2629040113678,171.14341369770466,1.253622344375035,0.1953942784485905,119.46139782537801,0.018401265144348145,0.17012453079223633,170.73946691503383,GOOD_FORM,pushup_good_01.mp4,1533
165.34685494354414,170.613182036982,1.2521251666250606,0.195225398936052,119.22595406346679,0.019822299480438232,0.1703706681728363,172.1242089660415,GOOD_FORM,pushup_good_01.mp4,1536
165.02252112326272,169.47831769425275,1.2437504428381547,0.19291330364886033,118.46960158693459,0.02076086401939392,0.16958174109458923,171.77398430021972,GOOD_FORM,pushup_good_01.mp4,1539
164.57795277759854,168.0781569039359,1.2331400939790165,0.19149539049694747,117.2719848975257,0.021808534860610962,0.17020666599273682,169.0155825998683,GOOD_FORM,pushup_good_01.mp4,1542
164.5992254706425,169.20802507203882,1.2464476351977583,0.19362223533683273,118.34263253771093,0.022114813327789307,0.17040908336639404,169.15907112780397,GOOD_FORM,pushup_good_01.mp4,1545
164.22910044883196,169.7142917992331,1.2427022420047757,0.19348404689156448,118.07153579629767,0.022983133792877197,0.17072021961212158,169.11814419772463,GOOD_FORM,pushup_good_01.mp4,1548
162.87754792524348,169.760142663561,1.243061982964077,0.1937173677713317,118.16875489048701,0.02545297145843506,0.17077115178108215,169.3572548161636,GOOD_FORM,pushup_good_01.mp4,1551
160.46463675014525,170.32571887301398,1.228743738020327,0.19435814377450203,117.18534528721,0.02826806902885437,0.1728856861591339,168.04045918832264,GOOD_FORM,pushup_good_01.mp4,1554
155.89276013296578,172.26981743136548,1.2096024252083497,0.19577733061058503,115.86970021965212,0.0323064923286438,0.17615610361099243,162.5343541991491,GOOD_FORM,pushup_good_01.mp4,1557
150.39042972104082,174.70827413649775,1.1974742262688438,0.1979850036304507,115.06389714153342,0.03538089990615845,0.1793399453163147,157.88984878043075,GOOD_FORM,pushup_good_01.mp4,1560
142.81975314183805,177.31546690225235,1.1916468422081732,0.2017177386145135,114.64724322380127,0.045158177614212036,0.18333783745765686,154.46796188333133,GOOD_FORM,pushup_good_01.mp4,1563
137.66063780144722,179.2594830456964,1.183683486032251,0.2019077316406683,114.12641724322641,0.054431647062301636,0.18426841497421265,155.56348169872373,GOOD_FORM,pushup_good_01.mp4,1566
127.09320877932886,177.4634152443568,1.1694451206298504,0.20002754263824754,113.37672440666327,0.06774577498435974,0.18360674381256104,152.77036940981043,GOOD_FORM,pushup_good_01.mp4,1569
116.69878044798523,178.08484748811793,1.1396119367732338,0.19548786646299715,110.46399773627697,0.07622092962265015,0.18314972519874573,156.80694114805823,GOOD_FORM,pushup_good_01.mp4,1572
111.45107818924886,176.47407429604783,1.097253196348395,0.1901445169856966,105.09622384476329,0.08206722140312195,0.1835818886756897,153.2102329339162,GOOD_FORM,pushup_good_01.mp4,1575
110.4181628302168,176.69732200431974,1.0865200591590147,0.19264381996625346,103.58518934837517,0.08570864796638489,0.1872534155845642,154.50877756433832,GOOD_FORM,pushup_good_01.mp4,1578
100.28316609746845,173.08321661630117,1.053656395546517,0.18924590113340564,98.84567680938747,0.08883130550384521,0.1869947910308838,155.3853020326553,GOOD_FORM,pushup_good_01.mp4,1581
98.08281154872124,172.4313911782802,1.04642093573957,0.18972951957642414,97.73864556558462,0.09077116847038269,0.18800139427185059,153.76330960855222,GOOD_FORM,pushup_good_01.mp4,1584
94.7310166109999,172.42125361572795,1.03895865147409,0.18951803461796107,96.56320204191199,0.09354940056800842,0.18827587366104126,156.70235694594072,GOOD_FORM,pushup_good_01.mp4,1587
90.44736430731928,173.8189503276816,1.0419421064379952,0.19042794307618158,97.05675702037502,0.094034343957901,0.18898528814315796,157.22302277198347,GOOD_FORM,pushup_good_01.mp4,1590
89.2944174862472,174.61807188133304,1.048882506218997,0.19220445286482765,98.09993559128586,0.09441712498664856,0.190286785364151,153.94824170626416,GOOD_FORM,pushup_good_01.mp4,1593
88.42225982770974,175.76139886426972,1.0571775832099806,0.1929090405137333,99.36375558976518,0.09393912553787231,0.19033831357955933,155.14764268599785,GOOD_FORM,pushup_good_01.mp4,1596
92.4197932350639,176.14657026621575,1.0642867261807363,0.19376747891279442,100.37342568036505,0.09296664595603943,0.19060003757476807,154.08254300309625,GOOD_FORM,pushup_good_01.mp4,1599
95.13605691509463,176.57496023193835,1.0676199177676495,0.19344887286893245,100.89237195028886,0.09150519967079163,0.18996331095695496,154.21592395422113,GOOD_FORM,pushup_good_01.mp4,1602
109.07887335289513,177.87190081253905,1.1005436963930668,0.19755079542812928,105.15912099623706,0.08937665820121765,0.19067597389221191,151.6993595975297,GOOD_FORM,pushup_good_01.mp4,1605
125.68424630166,178.53829244941,1.1400613659593646,0.20289375923490885,109.87216773952538,0.07437843084335327,0.190810889005661,153.03238360932446,GOOD_FORM,pushup_good_01.mp4,1608
133.57534971738994,177.15032733936164,1.1743055194432768,0.20722160524226424,113.31333223640068,0.06459277868270874,0.19030115008354187,153.69966451534086,GOOD_FORM,pushup_good_01.mp4,1611
147.2039298589591,176.0106623915622,1.2133306985270358,0.21171814228755312,116.78850479908249,0.04531627893447876,0.18899348378181458,152.03673742366783,GOOD_FORM,pushup_good_01.mp4,1614
149.01176023253493,173.17331866382835,1.255862480285365,0.21603295850782592,120.66029803155241,0.0442386269569397,0.1858297884464264,152.4772210114032,GOOD_FORM,pushup_good_01.mp4,1617
154.02497832078998,170.5970192751995,1.3020633095765164,0.2207981833332901,124.33915714047548,0.039976924657821655,0.18231207132339478,154.0947073295986,GOOD_FORM,pushup_good_01.mp4,1620
158.9012031630296,169.2713934125031,1.3273234132757827,0.2267951355309025,125.84566789431587,0.032713502645492554,0.18383529782295227,155.26228281639408,GOOD_FORM,pushup_good_01.mp4,1623
162.24504505600387,168.30578764025395,1.3525894824911793,0.22603255808938552,128.22420375204328,0.02620425820350647,0.1775653064250946,158.48268154394341,GOOD_FORM,pushup_good_01.mp4,1626
164.4589635863608,171.04433065077558,1.3598414928531495,0.2234785613332604,128.6755729851052,0.019348233938217163,0.17446401715278625,160.51406948165467,GOOD_FORM,pushup_good_01.mp4,1629
165.17318798699128,177.3587204745479,1.3519256416792274,0.22108254779196465,127.07040588673733,0.015321075916290283,0.1763961911201477,155.8944674005445,GOOD_FORM,pushup_good_01.mp4,1632
165.46342518356514,178.04682231577536,1.3171809889315182,0.2107988246798815,125.01022225437946,0.013485133647918701,0.17265069484710693,154.95586155910382,GOOD_FORM,pushup_good_01.mp4,1635
165.53346521067203,150.73344031237997,1.143164281446681,0.19842512235973297,108.32607383020768,0.02625793218612671,0.18836045265197754,175.26772992413606,GOOD_FORM,pushup_good_02.mp4,3
169.9036494646281,151.46333407127668,1.1490056189868139,0.200235953534465,108.93667661042987,0.020885437726974487,0.1893976330757141,172.48438453838145,GOOD_FORM,pushup_good_02.mp4,6
172.1349596001078,151.74217156100386,1.147956346614012,0.2003476295066729,108.80824967456081,0.01855263113975525,0.18964853882789612,172.3335772562637,GOOD_FORM,pushup_good_02.mp4,9
172.2891448470463,152.12939854469874,1.14788392963618,0.2004692935831566,108.78716771985556,0.018288224935531616,0.18978747725486755,171.7581546500828,GOOD_FORM,pushup_good_02.mp4,12
172.24386272544925,153.24979210609447,1.1527063363086725,0.20107309356985797,109.37919363771118,0.01845085620880127,0.18967977166175842,171.01975097653508,GOOD_FORM,pushup_good_02.mp4,15
171.8693601484918,153.70044763996611,1.1541296234480123,0.2013353301127208,109.55303946665222,0.019209682941436768,0.18972355127334595,170.85699786631406,GOOD_FORM,pushup_good_02.mp4,18
171.58239671446648,153.44485748038431,1.1537375879372331,0.20081064294897605,109.56138815764166,0.01875483989715576,0.18921932578086853,171.53307270408152,GOOD_FORM,pushup_good_02.mp4,21
171.401099438767,153.46592071931605,1.1529504740541732,0.20099143171906883,109.4498584821172,0.019084185361862183,0.18952032923698425,172.01664435198984,GOOD_FORM,pushup_good_02.mp4,24
171.51752390509353,153.56815848222294,1.152023945781852,0.20071289213060345,109.37817891951893,0.019338637590408325,0.18934115767478943,172.29197664020737,GOOD_FORM,pushup_good_02.mp4,27
172.2686080983549,154.05810507233244,1.1515472916319172,0.19949293218930397,109.44687905238115,0.019239604473114014,0.18811079859733582,171.85847745433352,GOOD_FORM,pushup_good_02.mp4,30
173.55026822505883,153.9702238317453,1.1503242182776379,0.19861779470889632,109.36783243973137,0.019262194633483887,0.18737664818763733,172.08276143881892,GOOD_FORM,pushup_good_02.mp4,33
174.31512233784153,154.00774789037192,1.150902623015656,0.19860446424939054,109.44945387240442,0.020137816667556763,0.18727004528045654,172.22461427580228,GOOD_FORM,pushup_good_02.mp4,36
174.26911470474766,153.9856287444786,1.1511961863742972,0.19879822212747578,109.46271835342226,0.020497292280197144,0.18743741512298584,172.08183654832786,GOOD_FORM,pushup_good_02.mp4,39
174.55478689862818,153.17579706096151,1.1473605876858504,0.19735008941277618,109.01296813882968,0.020981431007385254,0.1865825057029724,171.91515559474936,GOOD_FORM,pushup_good_02.mp4,42
174.25896837865074,151.18662328574862,1.1334043177920665,0.19406318128868208,107.43715058606008,0.022078275680541992,0.185144305229187,171.31844160350417,GOOD_FORM,pushup_good_02.mp4,45
174.1302374166313,148.26948261721745,1.1156419167297569,0.19189932867530485,105.22647082655753,0.022140026092529297,0.1851620376110077,170.50620623201922,GOOD_FORM,pushup_good_02.mp4,48
174.14432967504635,144.17275087079443,1.0910481049246628,0.18837586738448087,102.11820856164194,0.021774739027023315,0.18417775630950928,172.343096730282,GOOD_FORM,pushup_good_02.mp4,51
172.17339836926274,140.2064029479415,1.0669303428013959,0.1849768891156885,99.03887030232406,0.02132093906402588,0.18267959356307983,175.44141697167956,GOOD_FORM,pushup_good_02.mp4,54
172.27309352615922,135.52735369090027,1.041857451602779,0.18245752915733163,95.70935262395889,0.01999536156654358,0.18155232071876526,175.6426621384924,GOOD_FORM,pushup_good_02.mp4,57
171.91288970123486,134.43071075455623,1.034773529255271,0.18180062462743085,94.76858683096773,0.02089071273803711,0.1811712682247162,176.21876252441717,GOOD_FORM,pushup_good_02.mp4,60
170.50350336100055,131.06543855373175,1.0313345053385221,0.1787009150016593,94.3931963577561,0.02471834421157837,0.17817580699920654,176.70417498868628,GOOD_FORM,pushup_good_02.mp4,63
169.32043950307147,131.13425853428203,1.0240620789891544,0.17901950542506853,93.38201621938674,0.026363343000411987,0.17870768904685974,178.17453304404188,GOOD_FORM,pushup_good_02.mp4,66
168.60425089863182,129.48460862612603,1.012225671449439,0.1793762448668788,91.71233081172277,0.02743297815322876,0.17929613590240479,176.27237716050664,GOOD_FORM,pushup_good_02.mp4,69
167.4928823083381,130.54428876135418,1.0173727457946757,0.18187771472220532,92.40282887201325,0.029419004917144775,0.18171778321266174,175.5772286681548,GOOD_FORM,pushup_good_02.mp4,72
165.96488253942405,131.58801897249853,1.019527079412962,0.18468305053768092,92.66737062515415,0.0323503315448761,0.18448293209075928,174.31929370971346,GOOD_FORM,pushup_good_02.mp4,75
162.79433353213835,133.87386491293154,1.0221470096265424,0.18774800589623283,93.03509439520987,0.03754374384880066,0.18748462200164795,172.82262709728593,GOOD_FORM,pushup_good_02.mp4,78
159.8943689501932,141.73373259551025,1.0461298818481952,0.19011233676738046,96.47140096403128,0.04092034697532654,0.18890085816383362,171.1852312760479,GOOD_FORM,pushup_good_02.mp4,81
153.55780921854532,149.57300673635294,1.0682138339110423,0.19429571994272993,99.72863659132912,0.04804179072380066,0.19150128960609436,166.57740903069202,GOOD_FORM,pushup_good_02.mp4,84
147.14492443036505,156.6522512356468,1.0792605600793443,0.19873012307564808,101.481505742449,0.05494093894958496,0.19475293159484863,156.26144705624517,GOOD_FORM,pushup_good_02.mp4,87
139.91236952551841,160.56254888633342,1.0837232577600748,0.20328653838597668,102.13928559197845,0.06500279903411865,0.19874045252799988,157.1540247347678,GOOD_FORM,pushup_good_02.mp4,90
136.53791981802487,170.8623034862961,1.1077760943683592,0.20463885525838452,105.99154954858538,0.07449847459793091,0.19671902060508728,154.18275151633262,GOOD_FORM,pushup_good_02.mp4,93
131.8862583088845,172.21874673853458,1.1054465515986387,0.20479058414336201,106.08115910032674,0.07354170083999634,0.1967763900756836,157.7693960578748,GOOD_FORM,pushup_good_02.mp4,96
125.54993081753345,175.0959393910432,1.103151569975016,0.2035401476228674,106.2733416655824,0.08015823364257812,0.1953846514225006,158.79363180380594,GOOD_FORM,pushup_good_02.mp4,99
123.17772732487241,172.31600514032615,1.0627840006604863,0.19859719959716524,100.626419149986,0.08685281872749329,0.19519099593162537,153.25668449123793,GOOD_FORM,pushup_good_02.mp4,102
110.15203010301136,169.38165793472,1.0304009909309189,0.19480270258926374,95.45346107599225,0.09060311317443848,0.19392088055610657,154.79477779451295,GOOD_FORM,pushup_good_02.mp4,105
94.11263272871753,165.6917323756815,1.0035067936113384,0.19676015438444536,90.64564774921136,0.09898310899734497,0.19674766063690186,152.62804396833045,GOOD_FORM,pushup_good_02.mp4,108
95.49529771217786,164.5403998728218,0.9923897632305023,0.19522315458207967,88.56031222730603,0.10022053122520447,0.19516152143478394,156.38324859252396,GOOD_FORM,pushup_good_02.mp4,111
88.69423683745644,165.72129050411155,0.9982126564076398,0.19632782608033972,89.66488583111511,0.1019425094127655,0.19632446765899658,161.17097566461902,GOOD_FORM,pushup_good_02.mp4,114
85.79296045821427,164.8174997511252,0.9918549674941542,0.19592754983242947,88.46330029331227,0.10298991203308105,0.19585707783699036,160.72846777554645,GOOD_FORM,pushup_good_02.mp4,117
91.37719813620132,168.37882464329002,1.008840889295737,0.194816036485396,91.65387513580788,0.10042762756347656,0.1947348713874817,161.15258956066046,GOOD_FORM,pushup_good_02.mp4,120
96.94029671599316,168.98055901470573,1.0201120732152151,0.19479420955056598,93.69887294553111,0.10078442096710205,0.19438838958740234,158.23340723627012,GOOD_FORM,pushup_good_02.mp4,123
100.95759982706628,169.28997800532107,1.024911316237632,0.19432381164799678,94.55451578549037,0.10053396224975586,0.1937101185321808,159.7201162566793,GOOD_FORM,pushup_good_02.mp4,126
121.15384344387496,170.13605415224657,1.0401856028325478,0.19561924027098043,97.10494088441374,0.0882725715637207,0.1941169798374176,157.60181480627685,GOOD_FORM,pushup_good_02.mp4,129
129.87544907598587,171.42666153661108,1.0656469717553663,0.1976072070488029,101.0001083569411,0.08049076795578003,0.19397616386413574,160.01576081301914,GOOD_FORM,pushup_good_02.mp4,132
133.0355662088205,173.80962884154962,1.0929192033836888,0.19859656930919875,104.90816276149671,0.07766780257225037,0.1919110119342804,158.00531101452285,GOOD_FORM,pushup_good_02.mp4,135
141.963533845791,174.90150564759284,1.1268046847348723,0.20325317273661767,109.02597537062958,0.06669941544532776,0.19214850664138794,157.83262101705108,GOOD_FORM,pushup_good_02.mp4,138
150.52588354369917,173.8744298988927,1.1484173907561974,0.2047349890540292,111.38550169738507,0.05713161826133728,0.19063717126846313,159.2814087261546,GOOD_FORM,pushup_good_02.mp4,141
156.4082205370841,172.06304337920764,1.1640322720009857,0.20348436983595608,112.80311395638395,0.049127817153930664,0.18757882714271545,163.56996048240802,GOOD_FORM,pushup_good_02.mp4,144
165.81782855632494,168.77235875206412,1.1626766506621515,0.2024150985362663,112.29129692989224,0.03690412640571594,0.18728652596473694,168.28240503344998,GOOD_FORM,pushup_good_02.mp4,147
166.23175028541888,164.0293887590844,1.1532780063742993,0.19382051657650276,111.21048647389104,0.03462699055671692,0.1806892454624176,168.8048560599589,GOOD_FORM,pushup_good_02.mp4,150
167.62271111630608,158.66246300110578,1.1390929198333766,0.19166413184328576,108.98663086495628,0.03403910994529724,0.1812354326248169,172.87007908499027,GOOD_FORM,pushup_good_02.mp4,153
167.62973472236263,159.66101230774566,1.1526207428850213,0.19203099012981553,110.50666831969137,0.03406369686126709,0.1798609495162964,176.2672115903543,GOOD_FORM,pushup_good_02.mp4,156
167.4805082797495,156.4424672307881,1.1373577912076562,0.19029969374648734,108.48120094784426,0.03492650389671326,0.18048444390296936,178.10037080231137,GOOD_FORM,pushup_good_02.mp4,159
168.74014942054555,155.32719933665814,1.1272857604055013,0.18748792088897343,107.54379374873481,0.03251323103904724,0.17876631021499634,176.7941323863297,GOOD_FORM,pushup_good_02.mp4,162
169.79276109342817,153.8497642933409,1.1268101803485466,0.1872603780777494,107.29938199360548,0.03102898597717285,0.17878854274749756,175.65363626363526,GOOD_FORM,pushup_good_02.mp4,165
168.35770485002894,155.89736077475314,1.13509647766242,0.1874410567429134,108.45528958410839,0.031914204359054565,0.17780008912086487,174.01406650156682,GOOD_FORM,pushup_good_02.mp4,168
166.9191231177229,157.02371230180455,1.1324443394747725,0.18674773620110577,108.42524364399243,0.033132463693618774,0.1771734058856964,173.48850046993394,GOOD_FORM,pushup_good_02.mp4,171
163.25380344292554,156.24250096312986,1.1318967402930955,0.18937248799745576,108.0994193064263,0.03851884603500366,0.18000110983848572,170.10460290731461,GOOD_FORM,pushup_good_02.mp4,174
161.85467367867832,154.27758322445234,1.1121651269209858,0.18862355056466157,105.76432423630247,0.03940823674201965,0.18152815103530884,164.15074643702977,GOOD_FORM,pushup_good_02.mp4,177
158.65467949650008,160.95355716003698,1.1228721940665163,0.1905235420231166,107.86066534287646,0.041757404804229736,0.1813403069972992,166.9148733292251,GOOD_FORM,pushup_good_02.mp4,180
151.91105350463516,168.08878774019072,1.128245630657787,0.19416209666931786,109.1869620947848,0.04958423972129822,0.18337547779083252,166.40453278827465,GOOD_FORM,pushup_good_02.mp4,183
144.5882370375668,170.1566781943071,1.1156166796230136,0.19907477181701566,107.46187457418682,0.056565701961517334,0.18989983201026917,164.6702285337508,GOOD_FORM,pushup_good_02.mp4,186
139.3120721725058,170.78938041279568,1.1114398440041957,0.20031994229246267,106.94472751671223,0.06571489572525024,0.19162243604660034,161.16072132766953,GOOD_FORM,pushup_good_02.mp4,189
135.43702313765755,168.41487870699194,1.0782428574371048,0.19684414479551438,102.55552818810361,0.07229137420654297,0.19213628768920898,156.2260607299179,GOOD_FORM,pushup_good_02.mp4,192
127.54301185037751,170.0311863481177,1.069138487926075,0.19689272888369974,101.46232216414398,0.07949653267860413,0.19296541810035706,153.71607679397343,GOOD_FORM,pushup_good_02.mp4,195
121.62416426295232,167.72440497858096,1.0416111373157844,0.1943378648179253,97.26497909942435,0.08940806984901428,0.19277754426002502,148.78772781150357,GOOD_FORM,pushup_good_02.mp4,198
117.15315788323004,166.25235328434735,1.0167118551921994,0.19271698347389288,93.09431006284822,0.09032025933265686,0.19243597984313965,152.0043313798622,GOOD_FORM,pushup_good_02.mp4,201
100.53719387842118,161.710429596462,0.9948774053709907,0.19194625621606437,89.0265717428683,0.09673255681991577,0.19191855192184448,148.1176832109279,GOOD_FORM,pushup_good_02.mp4,204
97.38762567239533,163.80072735710883,0.9974180603762758,0.1961294639078462,89.51710200149066,0.10134190320968628,0.19612249732017517,153.85883698156758,GOOD_FORM,pushup_good_02.mp4,207
99.81154705808777,162.3157297953056,0.9909797243904753,0.1945058821317569,88.29423630705858,0.1002027690410614,0.19441968202590942,154.01964886469955,GOOD_FORM,pushup_good_02.mp4,210
98.88932213478954,163.9012206343556,1.0038530062958615,0.19392674128500903,90.71707032357222,0.09806084632873535,0.19391155242919922,153.97992671849605,GOOD_FORM,pushup_good_02.mp4,213
115.0913856170072,164.48398634408414,1.0105834992288862,0.19466085420645246,91.93849370153558,0.09104657173156738,0.19454944133758545,153.6274829032918,GOOD_FORM,pushup_good_02.mp4,216
123.66230073717449,164.87317700851293,1.0154100542846496,0.19494168045142848,92.7935947287075,0.08688634634017944,0.19470998644828796,155.76125040431236,GOOD_FORM,pushup_good_02.mp4,219
130.19653037137044,163.53624568277073,1.0231143218478571,0.19388466611222568,94.09823250774289,0.0862775444984436,0.19338884949684143,156.80121701486817,GOOD_FORM,pushup_good_02.mp4,222
136.87748525761972,163.1349880195742,1.0437592936720674,0.19656573688238746,97.31698511044362,0.0781424343585968,0.19496488571166992,160.140537869726,GOOD_FORM,pushup_good_02.mp4,225
139.1509575422253,166.10961367922096,1.0775091165457105,0.19979516830827387,102.20876838346587,0.07313427329063416,0.19527605175971985,160.75256921846932,GOOD_FORM,pushup_good_02.mp4,228
142.98810453648397,169.94304183041794,1.1076482034663824,0.20134144406673035,106.37069936061458,0.06752133369445801,0.19317787885665894,163.44463866289973,GOOD_FORM,pushup_good_02.mp4,231
151.7464776400245,169.10157815043138,1.1267452362391557,0.20141354047544116,108.46773281912745,0.056945860385894775,0.19104012846946716,166.46117098733205,GOOD_FORM,pushup_good_02.mp4,234
157.13527826269578,166.23394180866296,1.1309063882460526,0.20013231601537984,108.55954305430936,0.04810824990272522,0.18972304463386536,168.1491051358221,GOOD_FORM,pushup_good_02.mp4,237
159.4949360635483,165.04427302583173,1.1371267523643807,0.19972361078293355,109.00266013055908,0.04566550254821777,0.18883824348449707,169.93191160121995,GOOD_FORM,pushup_good_02.mp4,240
163.03597762745466,162.76115737364026,1.1427152119760495,0.19462430670243164,109.61178342334802,0.03862348198890686,0.1833326518535614,168.40206638641655,GOOD_FORM,pushup_good_02.mp4,243
166.55584282058874,164.4491355029999,1.167493075843891,0.19500772413339332,112.43302130919668,0.031164854764938354,0.1802491843700409,168.09023718546496,GOOD_FORM,pushup_good_02.mp4,246
170.81539032851134,162.81420819303256,1.1694210341602125,0.1970386698720175,112.1408894747426,0.02525496482849121,0.1825074851512909,169.17958735913936,GOOD_FORM,pushup_good_02.mp4,249
171.5495481642197,161.12047447531154,1.1590879588370802,0.19643665577665767,111.0283233261903,0.023382633924484253,0.1833532154560089,172.77347609585922,GOOD_FORM,pushup_good_02.mp4,252
170.64432703939502,160.82062420559186,1.1553387916359648,0.19602959733212055,110.67770493084234,0.02297896146774292,0.18340033292770386,174.32638833223896,GOOD_FORM,pushup_good_02.mp4,255
171.24427716570722,160.16064710743396,1.1577542720753233,0.1954995762007309,111.03269997584796,0.01879557967185974,0.18247318267822266,173.84006388507498,GOOD_FORM,pushup_good_02.mp4,258
171.05791193909965,161.24108081984022,1.1661986295549656,0.19564262294208132,112.04779693923744,0.018086135387420654,0.18133395910263062,173.62558238395746,GOOD_FORM,pushup_good_02.mp4,261
168.42616068342184,158.34856365504368,1.1471974395844136,0.19340038159422665,109.89823609620535,0.022408008575439453,0.18185287714004517,174.07492151521134,GOOD_FORM,pushup_good_02.mp4,264
162.03295328604872,158.7410062533301,1.1461542556896906,0.19335442218781954,109.8876980637604,0.031894028186798096,0.1818217635154724,173.228665782891,GOOD_FORM,pushup_good_02.mp4,267
159.7021239372297,160.41361328202066,1.1421284158868477,0.1936591796334012,109.72866097129999,0.036248743534088135,0.18229052424430847,172.92127995172117,GOOD_FORM,pushup_good_02.mp4,270
155.67384591648624,165.39004362506802,1.143093275141179,0.1954784806191044,110.52284834005042,0.040679752826690674,0.18307062983512878,167.51857203238245,GOOD_FORM,pushup_good_02.mp4,273
148.02820369561024,169.2718232347575,1.1372862243603474,0.20241779331175289,109.84771737692435,0.05159386992454529,0.1903926134109497,160.92191117440058,GOOD_FORM,pushup_good_02.mp4,276
138.63376125625666,168.77719943609299,1.1149600982042989,0.20157560889204595,107.26456362584538,0.062022238969802856,0.19249260425567627,163.7655594600109,GOOD_FORM,pushup_good_02.mp4,279
133.66304154533853,171.0112788349258,1.0901532957619742,0.19773380261391316,104.45192475023953,0.0717458724975586,0.19147634506225586,158.1089834267604,GOOD_FORM,pushup_good_02.mp4,282
120.0336558705575,168.95024375639363,1.0610793829418108,0.19832302877440935,100.14651664566689,0.08680042624473572,0.19522103667259216,153.057655924264,GOOD_FORM,pushup_good_02.mp4,285
112.42449929590273,165.33472874349914,1.0234007544560562,0.19490938541837807,94.15664595622968,0.09182077646255493,0.19439664483070374,151.27931332283313,GOOD_FORM,pushup_good_02.mp4,288
93.80028934665268,160.65118710181324,0.9806552859114039,0.1967359704205604,86.38260873826975,0.09800630807876587,0.19634395837783813,150.02473775844356,GOOD_FORM,pushup_good_02.mp4,291
85.67578344605762,161.58261685427675,0.9788590587177363,0.1988356569661252,86.0196599392809,0.09676072001457214,0.1983560025691986,149.3288430913525,GOOD_FORM,pushup_good_02.mp4,294
80.99621215119754,161.8186661448952,0.9714293329330383,0.19886708416093937,84.48761864088777,0.09784817695617676,0.19794732332229614,145.4006654608722,GOOD_FORM,pushup_good_02.mp4,297
79.67178491417262,161.49882112652259,0.9664407965236053,0.19744574399273435,83.3902485327269,0.09958112239837646,0.19613322615623474,156.39233844225012,GOOD_FORM,pushup_good_02.mp4,300
82.01692519831471,161.9286714722985,0.9774633000681522,0.19845690083286557,85.65023775153576,0.0992952287197113,0.19788521528244019,163.1143532288183,GOOD_FORM,pushup_good_02.mp4,303
80.58196808419842,161.48212789677726,0.9746463898759584,0.1990883617149884,85.10603466423339,0.10090979933738708,0.19836246967315674,165.58851263912615,GOOD_FORM,pushup_good_02.mp4,306
85.23560037745835,161.4188628750046,0.9825236652843121,0.19719926296658963,86.66051357246134,0.09958276152610779,0.19686436653137207,161.1736215613192,GOOD_FORM,pushup_good_02.mp4,309
96.35706998755211,164.10922501011726,0.9935923072766512,0.19576267823904958,88.78357801616886,0.11054334044456482,0.19571855664253235,161.43721004618956,GOOD_FORM,pushup_good_02.mp4,312
103.12638147084077,163.139069155241,1.0055588516875447,0.19288150790271405,91.02188342066259,0.10821738839149475,0.19285082817077637,159.57337884616098,GOOD_FORM,pushup_good_02.mp4,315
122.41660612495079,164.00426653709098,1.029189404023324,0.19374874861740263,95.06797947047318,0.08803269267082214,0.1929912269115448,159.02365198336366,GOOD_FORM,pushup_good_02.mp4,318
143.62508786350182,167.9897090602078,1.0772124373597392,0.1997001585516189,102.10206609147846,0.0678587257862091,0.19526150822639465,160.55096532333704,GOOD_FORM,pushup_good_02.mp4,321
141.0102518467025,172.2378725001096,1.104495483251625,0.20448411984754628,105.63782974728642,0.0662102997303009,0.19691434502601624,162.94242792511693,GOOD_FORM,pushup_good_02.mp4,324
145.3061112712859,175.9362349538471,1.1382149275636666,0.2093652734460969,109.6774439044714,0.06174206733703613,0.19713780283927917,161.43221683970938,GOOD_FORM,pushup_good_02.mp4,327
158.32105955073342,176.61306152181453,1.1633039744917306,0.20890712178350945,112.61237853524185,0.047262758016586304,0.19284623861312866,162.16730378576003,GOOD_FORM,pushup_good_02.mp4,330
161.52574732346412,176.35972956849847,1.183903970871027,0.21089981171233482,114.49210800087657,0.04280844330787659,0.19192081689834595,162.97988679115448,GOOD_FORM,pushup_good_02.mp4,333
163.38161778435529,173.3110456636443,1.1954232028842682,0.20733044138451392,115.55933353595525,0.03712588548660278,0.18703880906105042,163.3298979612675,GOOD_FORM,pushup_good_02.mp4,336
169.63253829195705,170.59221835564188,1.2058921910651579,0.20419201673095627,116.3853898405872,0.029937028884887695,0.18291813135147095,163.57291060983317,GOOD_FORM,pushup_good_02.mp4,339
170.15015249769453,167.18959949496363,1.1989140565129617,0.1997256740083248,115.74131040698175,0.025791168212890625,0.17990362644195557,167.72478197310033,GOOD_FORM,pushup_good_02.mp4,342
169.5279274003739,166.05237272350593,1.1876855150695318,0.2017864391699342,114.31682815503045,0.02648863196372986,0.18388256430625916,169.66620143567792,GOOD_FORM,pushup_good_02.mp4,345
170.3492152186064,164.07326713010397,1.186989756020339,0.19939762699315533,114.25493257782298,0.025040745735168457,0.18179428577423096,172.67937904629966,GOOD_FORM,pushup_good_02.mp4,348
171.1161836151167,163.6684251162687,1.1914345807998723,0.19815127712820219,114.7993524901354,0.022681474685668945,0.17987626791000366,174.98819745529744,GOOD_FORM,pushup_good_02.mp4,351
171.2607351643665,164.5170420267634,1.1919985209774717,0.19932426293229047,114.79533491423902,0.021245211362838745,0.180946946144104,174.4550628549502,GOOD_FORM,pushup_good_02.mp4,354
169.62516497517416,163.62890970452216,1.1896908892453077,0.1991261765592592,114.46991226407107,0.021140456199645996,0.1812385618686676,175.771219408658,GOOD_FORM,pushup_good_02.mp4,357
169.42608089064822,162.49019759651995,1.176619401763747,0.19614633799996248,113.12225737489987,0.02073487639427185,0.18038803339004517,177.50602558634228,GOOD_FORM,pushup_good_02.mp4,360
169.14861360685867,161.74457507664832,1.1711198259544076,0.19520179372394375,112.6095201598511,0.021053045988082886,0.18019822239875793,177.66499366337467,GOOD_FORM,pushup_good_02.mp4,363
168.6113862950024,161.17201671048076,1.16962581483569,0.19459460083680402,112.5195640733874,0.021501660346984863,0.17975494265556335,178.69131969163212,GOOD_FORM,pushup_good_02.mp4,366
167.31125073443752,161.04600160018686,1.168335638102875,0.19551670490369855,112.29739261757295,0.02371138334274292,0.18089577555656433,178.2859569667018,GOOD_FORM,pushup_good_02.mp4,369
165.03138573713395,161.77614109605864,1.1669896355072331,0.19577066587987704,112.27074446046109,0.02711009979248047,0.18116527795791626,177.50724586523066,GOOD_FORM,pushup_good_02.mp4,372
160.43568852973848,162.75826644744387,1.1536096944387988,0.19523936004596068,110.9822123613797,0.03377380967140198,0.18229198455810547,172.76444972746896,GOOD_FORM,pushup_good_02.mp4,375
157.03788198817915,165.91403100411083,1.1490609295030612,0.19443214967981967,111.05826262972694,0.038310468196868896,0.18144571781158447,169.12197276982525,GOOD_FORM,pushup_good_02.mp4,378
151.82220628574677,167.38904514620017,1.136275397462255,0.19666445839735439,109.64010927550345,0.04620581865310669,0.18522179126739502,167.58209439962536,GOOD_FORM,pushup_good_02.mp4,381
145.9056505633921,171.96515767551875,1.1389500816700624,0.20240869074783482,110.0750312327436,0.05628567934036255,0.19010987877845764,159.78100872226906,GOOD_FORM,pushup_good_02.mp4,384
136.0663658373725,173.20336524928203,1.119179465962641,0.20266779801843388,107.81775281262537,0.06397703289985657,0.19294577836990356,158.44784688540798,GOOD_FORM,pushup_good_02.mp4,387
131.55923625280116,174.51459065921125,1.1040857214174888,0.20349426661759634,106.09562633690831,0.07539248466491699,0.19551655650138855,154.28524511903876,GOOD_FORM,pushup_good_02.mp4,390
128.96284020164146,175.28861231794315,1.0872819842089045,0.19999832783341673,104.30939789738939,0.08504116535186768,0.19379279017448425,153.49543395133918,GOOD_FORM,pushup_good_02.mp4,393
114.88789799216048,170.78136730850855,1.044927641133132,0.1947961937519344,97.90315430559954,0.09510490298271179,0.19294580817222595,153.3691193988953,GOOD_FORM,pushup_good_02.mp4,396
96.8299004457995,166.73125699126945,1.0097414303729837,0.19617732590516243,91.78840460217548,0.09554490447044373,0.1960817575454712,155.11739734660412,GOOD_FORM,pushup_good_02.mp4,399
87.58992557725173,164.71052838669448,0.9904959673153219,0.19836458141567842,88.20736227528583,0.09588557481765747,0.19826748967170715,147.22718918715893,GOOD_FORM,pushup_good_02.mp4,402
81.56084609979567,164.0042227770139,0.9784201773549169,0.19949061883270186,85.85454635604192,0.0979127287864685,0.19896864891052246,159.9803610408862,GOOD_FORM,pushup_good_02.mp4,405
73.62964367914525,164.37384163807886,0.972335708411892,0.20001035512401688,84.61415254358275,0.09815892577171326,0.19912725687026978,166.47051054763568,GOOD_FORM,pushup_good_02.mp4,408
73.1927926876529,166.40542700588736,0.9770735709298469,0.20026026288496085,85.54181737767496,0.1007208526134491,0.19965428113937378,169.80120482292583,GOOD_FORM,pushup_good_02.mp4,411
74.04842287021089,166.81997311143044,0.9737970238427519,0.19949017210593473,84.83441926142521,0.09956726431846619,0.19867989420890808,162.52260001395655,GOOD_FORM,pushup_good_02.mp4,414
81.21300988815571,168.97536804324272,0.9893023838347134,0.1984660102692746,87.92877067422954,0.09793737530708313,0.19833633303642273,159.1254290804988,GOOD_FORM,pushup_good_02.mp4,417
85.87734905759605,170.0898614636906,0.9987459942615046,0.19733863911500785,89.7603094032935,0.09986957907676697,0.19733691215515137,159.91309513353886,GOOD_FORM,pushup_good_02.mp4,420
81.43888363948419,165.6093028773734,0.9871857262564839,0.19774369475455184,87.5728148665762,0.09990501403808594,0.19756627082824707,161.5022110189501,GOOD_FORM,pushup_good_02.mp4,423
93.5299657000304,165.3450409766637,1.0011219337528792,0.19772992925666644,90.20498563063255,0.10364565253257751,0.19772866368293762,161.7240246969449,GOOD_FORM,pushup_good_02.mp4,426
113.3904485055865,163.57542363141212,1.0126581591292538,0.19787403351953237,92.21375892992829,0.09687545895576477,0.19772633910179138,162.5993345718206,GOOD_FORM,pushup_good_02.mp4,429
131.59789542142096,165.3935405982374,1.0355888682430745,0.1990175465750374,95.93644324805308,0.08456972241401672,0.19795015454292297,166.1843755024794,GOOD_FORM,pushup_good_02.mp4,432
144.17339105826923,169.6399777480504,1.0809623239758435,0.2025536246025979,102.52528256443664,0.06682351231575012,0.19773244857788086,163.4187585428077,GOOD_FORM,pushup_good_02.mp4,435
144.33265514099432,171.37585165390263,1.1115745717668233,0.20395747890805105,106.53038106111802,0.06579241156578064,0.1955268681049347,164.8171498418286,GOOD_FORM,pushup_good_02.mp4,438
156.66997366165245,174.70369110207946,1.1471532594962908,0.20878917811881714,110.77291553230901,0.050939083099365234,0.1952151656150818,163.4398723089945,GOOD_FORM,pushup_good_02.mp4,441
159.76870536973846,173.72287330042738,1.1639605411376408,0.2051106184935403,112.86546844530885,0.04473528265953064,0.18899133801460266,163.61375562311306,GOOD_FORM,pushup_good_02.mp4,444
162.98657453025749,170.57646335279944,1.1674296076860902,0.20190573602051148,113.03486963741422,0.038697004318237305,0.18580549955368042,166.1472669439931,GOOD_FORM,pushup_good_02.mp4,447
164.4451225044776,168.09616832110265,1.1731042585431717,0.1977356073096159,113.84108377412699,0.033540964126586914,0.18086105585098267,167.4384920007021,GOOD_FORM,pushup_good_02.mp4,450
168.82371450099882,166.45183311939388,1.1836054608833442,0.1979946444902478,114.44025858094305,0.024976640939712524,0.1802510917186737,168.76965011333215,GOOD_FORM,pushup_good_02.mp4,453
170.86202561888922,166.50112430913214,1.1980837655488905,0.20021661858697543,115.6781638438911,0.020253896713256836,0.18044158816337585,169.24699769224338,GOOD_FORM,pushup_good_02.mp4,456
170.78910519964762,168.5716591254607,1.209483815366863,0.2012520422062067,117.01368537697134,0.018159061670303345,0.1792927384376526,171.43943588712094,GOOD_FORM,pushup_good_02.mp4,459
169.9053682632884,170.12243957357796,1.2033438044846942,0.20113348721961585,116.48094426861311,0.019779354333877563,0.18002888560295105,171.69888008850396,GOOD_FORM,pushup_good_02.mp4,462
169.48062756105543,169.3548596359938,1.207642170881992,0.2012769343953828,116.9177978722355,0.019428372383117676,0.17946767807006836,171.85424259798603,GOOD_FORM,pushup_good_02.mp4,465
168.63485880724662,169.08929447811263,1.2075999952838326,0.20169825102631392,116.91458889620566,0.020874619483947754,0.17984846234321594,172.90138152575912,GOOD_FORM,pushup_good_02.mp4,468
167.25342955852113,169.10927759429327,1.2055160963572187,0.20212763289883168,116.6204477876524,0.02331697940826416,0.1806987226009369,173.42674447798169,GOOD_FORM,pushup_good_02.mp4,471
164.32202874426727,167.5055244091961,1.1969688826713678,0.20192707293446518,115.74266273892027,0.027714163064956665,0.1818844974040985,175.35586270011308,GOOD_FORM,pushup_good_02.mp4,474
160.70380358074462,165.54214165781468,1.1714865181027434,0.19837291859205683,113.29849552043761,0.03219151496887207,0.182195246219635,173.3638329664534,GOOD_FORM,pushup_good_02.mp4,477
157.55901282734115,165.27951828181952,1.1568285081272425,0.20016274612011983,111.60743302424126,0.0374789834022522,0.18609559535980225,172.7609892345557,GOOD_FORM,pushup_good_02.mp4,480
152.08156198555892,171.92958567391838,1.1547180296559751,0.20061456622033536,112.28192085552388,0.04584553837776184,0.18563300371170044,166.28095945315664,GOOD_FORM,pushup_good_02.mp4,483
144.84635060262335,174.1308584872089,1.1469365563603429,0.2042309956885294,111.44718478537835,0.05884489417076111,0.19008758664131165,159.8356553567828,GOOD_FORM,pushup_good_02.mp4,486
135.4636118149405,176.49635046428637,1.1345950876389386,0.20537728709703998,110.15199671397797,0.07287180423736572,0.19280323386192322,159.17321251741586,GOOD_FORM,pushup_good_02.mp4,489
126.41542635399793,177.81169358853688,1.115303254362237,0.2045961205049268,107.98548408810872,0.08338898420333862,0.19459748268127441,158.1681802207157,GOOD_FORM,pushup_good_02.mp4,492
120.8186700008415,175.5593039341725,1.0765220101493915,0.2024851211304333,102.64891079605205,0.08978617191314697,0.19757035374641418,154.9411761362542,GOOD_FORM,pushup_good_02.mp4,495
109.8515001399245,168.51019846659116,1.0261985239358493,0.19853583523373391,94.63766532153285,0.09277984499931335,0.19788575172424316,151.1796428947359,GOOD_FORM,pushup_good_02.mp4,498
91.12657136547604,163.89342216133988,0.9926390493112934,0.2013512909058896,88.65552246642261,0.09812039136886597,0.2012958526611328,148.74553455670818,GOOD_FORM,pushup_good_02.mp4,501
82.67357693518153,164.07520211124105,0.9845845724508219,0.20035994296249737,87.10294807154524,0.09934547543525696,0.20010384917259216,160.12191784528517,GOOD_FORM,pushup_good_02.mp4,504
76.32668788126081,163.83438132263626,0.9721213266733005,0.20012036925777119,84.6007016737731,0.10108792781829834,0.19923236966133118,165.72293871837962,GOOD_FORM,pushup_good_02.mp4,507
78.2966836626605,162.44081008556586,0.9640881075995156,0.19841947703977705,82.90983301194993,0.1000247597694397,0.19690203666687012,165.26459044736768,GOOD_FORM,pushup_good_02.mp4,510
80.65268093258385,164.95939564298033,0.9760576547722456,0.19931709791239874,85.3513297522311,0.10039642453193665,0.19866135716438293,166.21926760351627,GOOD_FORM,pushup_good_02.mp4,513
86.49883735412033,168.13516370679045,0.9912160761189737,0.19679813715714228,88.29942282411021,0.09945499897003174,0.1967114508152008,156.85693523825458,GOOD_FORM,pushup_good_02.mp4,516
92.14663526549778,168.33565048442935,0.9998324618796025,0.19665911858295776,89.96811846197913,0.09854051470756531,0.19665908813476562,156.7202070165624,GOOD_FORM,pushup_good_02.mp4,519
93.31288002345931,167.6022519228911,1.000855089597409,0.19649340966618045,90.16013321359232,0.09769558906555176,0.19649264216423035,155.8837354019972,GOOD_FORM,pushup_good_02.mp4,522
110.260375182377,168.63227827737862,1.027028629959723,0.19696593599720627,94.7937569841684,0.09038013219833374,0.19627687335014343,159.2746419971104,GOOD_FORM,pushup_good_02.mp4,525
124.25833586701273,171.92723265395205,1.0638570319416676,0.20159069306469352,100.5464525774081,0.08369943499565125,0.19818484783172607,160.60572792420973,GOOD_FORM,pushup_good_02.mp4,528
139.41059985069364,174.16881759750427,1.0962369808193202,0.20347143945836615,105.06177959376033,0.07049956917762756,0.19648072123527527,156.63676577369338,GOOD_FORM,pushup_good_02.mp4,531
141.13150402571014,176.99338263051123,1.1344401971615439,0.20738335331645208,109.82018280000041,0.06550917029380798,0.19509702920913696,156.05375753141868,GOOD_FORM,pushup_good_02.mp4,534
144.56656196194623,177.07946716646626,1.149716046068986,0.2099657179202875,111.3857839545641,0.06123557686805725,0.19550737738609314,154.84797797713512,GOOD_FORM,pushup_good_02.mp4,537
157.9550286015068,179.6380482702465,1.1851555730973626,0.21228325387091052,115.49506366236668,0.043142467737197876,0.19160956144332886,158.27748875434682,GOOD_FORM,pushup_good_02.mp4,540
160.42122311123103,177.08670618925055,1.1932271047913763,0.21298873427994733,115.7132050890264,0.039590805768966675,0.19189587235450745,159.60498564712475,GOOD_FORM,pushup_good_02.mp4,543
163.3991324837206,174.93494856129854,1.2064598002784872,0.21123271578535777,116.76898415850216,0.03367075324058533,0.1885925829410553,161.0777863298868,GOOD_FORM,pushup_good_02.mp4,546
166.4465408373103,172.7209146901264,1.2124124829144645,0.206731453326013,117.58675500897077,0.02697819471359253,0.1832258701324463,163.87422666232308,GOOD_FORM,pushup_good_02.mp4,549
167.9647175751973,173.08274750380465,1.2263052111666257,0.2069136027840319,118.92190669450298,0.023858845233917236,0.1811046004295349,165.43088267498558,GOOD_FORM,pushup_good_02.mp4,552
168.8550297372041,171.94384840102566,1.2272160016392384,0.20601464028429955,118.95366045972087,0.02045169472694397,0.1802625060081482,169.0177898836412,GOOD_FORM,pushup_good_02.mp4,555
169.2279704279275,171.14036700146573,1.2288159477742462,0.20454670142542503,119.21944976240496,0.01864534616470337,0.1785167157649994,171.88466491581818,GOOD_FORM,pushup_good_02.mp4,558
170.37176624324368,172.0108560996824,1.2308675546818348,0.2030376070315702,119.88662049046984,0.016855955123901367,0.1760334074497223,171.41095336442112,GOOD_FORM,pushup_good_02.mp4,561
170.08357784530713,170.76719097239615,1.228864099255933,0.20302354142264636,119.45591040712014,0.018276602029800415,0.17677679657936096,171.5401806121628,GOOD_FORM,pushup_good_02.mp4,564
169.2542240547749,169.73329605499364,1.2169883312337944,0.20212380456809068,118.11914476716035,0.02044960856437683,0.17826449871063232,171.8826619451585,GOOD_FORM,pushup_good_02.mp4,567
169.17043110530847,170.6622433974461,1.2184282185823643,0.20345946806262483,118.17602533658865,0.02025124430656433,0.1793472170829773,173.23273746931557,GOOD_FORM,pushup_good_02.mp4,570
167.7070629289208,169.69927525674112,1.2112038861194565,0.20248368418484847,117.44581612790152,0.022813081741333008,0.1796911656856537,174.6178953997827,GOOD_FORM,pushup_good_02.mp4,573
164.7109555947217,171.65747318443266,1.2113656054024824,0.20286112500457334,117.42379238014995,0.02755841612815857,0.18006205558776855,173.02951046714847,GOOD_FORM,pushup_good_02.mp4,576
161.847637074993,170.42370047401585,1.181952917496982,0.1996355475624749,114.81270553736863,0.030425429344177246,0.18120414018630981,174.15417405393654,GOOD_FORM,pushup_good_02.mp4,579
158.9462349997759,169.76776075389924,1.1708317652009317,0.19973917739621924,113.81393750440162,0.03448772430419922,0.18273189663887024,172.0112663470239,GOOD_FORM,pushup_good_02.mp4,582
151.53430481632975,174.1837736602761,1.1635999012050335,0.20091095507606924,113.63812733809539,0.045541912317276,0.1840519905090332,164.9896547557339,GOOD_FORM,pushup_good_02.mp4,585
142.8870261808673,178.44513718914922,1.1581134480352036,0.2035970944400703,113.29987773281496,0.06119370460510254,0.18699148297309875,160.24493149565504,GOOD_FORM,pushup_good_02.mp4,588
134.7491311398126,178.4761928024493,1.145593878382502,0.20384375888580322,112.15342073365657,0.06966280937194824,0.18879395723342896,161.2212115509792,GOOD_FORM,pushup_good_02.mp4,591
129.9505837323057,177.23547525036957,1.1278400364409287,0.20361038954077423,110.23469292176726,0.0718071460723877,0.19104304909706116,152.71357320445665,GOOD_FORM,pushup_good_02.mp4,594
111.51933985409002,179.47473078865124,1.0863308294886793,0.20261052548995767,104.40399412646676,0.08174207806587219,0.19624099135398865,159.3158089784705,GOOD_FORM,pushup_good_02.mp4,597
99.90116064173091,175.59515389192595,1.0493003371973602,0.2020850814823925,98.56627378571545,0.08981537818908691,0.19983044266700745,156.66708479939294,GOOD_FORM,pushup_good_02.mp4,600
90.40520832805905,172.22490273441787,1.0124864990622453,0.20092301146906222,92.28655975551057,0.09704282879829407,0.2007630169391632,155.32793846010347,GOOD_FORM,pushup_good_02.mp4,603
83.49967906038849,170.13362143691376,0.9972166941692222,0.19858232283574684,89.47285078868862,0.09815937280654907,0.19857391715049744,157.29201416735134,GOOD_FORM,pushup_good_02.mp4,606
78.06295397663351,169.09223575830111,0.9851753349968476,0.19752009879201074,87.11246851685735,0.10021471977233887,0.1972692906856537,160.15901270822084,GOOD_FORM,pushup_good_02.mp4,609
75.11234769595153,170.1374197625071,0.986998381079526,0.19725353660411288,87.44617205300577,0.09904307126998901,0.1970576047897339,162.27074148919948,GOOD_FORM,pushup_good_02.mp4,612
76.46965622945011,170.66812386967226,0.9939267117274851,0.19746223445991726,88.8196322218082,0.09901091456413269,0.19742032885551453,165.07345670955817,GOOD_FORM,pushup_good_02.mp4,615
82.28563297275986,171.6104238700331,1.003950100938776,0.19586728250660615,90.76077538954422,0.09793421626091003,0.19585001468658447,164.5672144743149,GOOD_FORM,pushup_good_02.mp4,618
88.03793704669138,173.07019765939523,1.0152464402339783,0.19661972660527385,92.873514360319,0.09634551405906677,0.19637247920036316,161.78923060941557,GOOD_FORM,pushup_good_02.mp4,621
91.9958248352358,173.63940149205905,1.0189737070538272,0.19784251220351068,93.54044248689449,0.09905150532722473,0.19746488332748413,163.2450215321306,GOOD_FORM,pushup_good_02.mp4,624
104.40353409339153,176.54909200208664,1.0428812609497964,0.19866117976074874,97.73004519405417,0.10303345322608948,0.19685572385787964,165.3538962379521,GOOD_FORM,pushup_good_02.mp4,627
114.64883149122191,176.3963112358782,1.0610923743447513,0.20059151633275923,100.49828531525506,0.09320476651191711,0.19723334908485413,164.29004747289085,GOOD_FORM,pushup_good_02.mp4,630
127.59708828085869,176.91694731617625,1.0870644143965789,0.20326768295201467,104.14400529786555,0.07699933648109436,0.19710493087768555,159.91145485530828,GOOD_FORM,pushup_good_02.mp4,633
142.45448120615865,177.4688168202394,1.1420301629908158,0.2115932549417699,111.1399567802913,0.06569990515708923,0.1973521113395691,157.90759408432794,GOOD_FORM,pushup_good_02.mp4,636
144.03737854691198,177.69979528837493,1.1564086768900788,0.21044467677697629,112.86770042598987,0.06280642747879028,0.19390305876731873,154.65666137815936,GOOD_FORM,pushup_good_02.mp4,639
155.81127579500068,176.43165227859478,1.179535511202451,0.21327326646554035,115.45332381606016,0.04808950424194336,0.19257000088691711,156.54655872995122,GOOD_FORM,pushup_good_02.mp4,642
162.95228310493866,174.22562194768793,1.2216284510316502,0.21861171905914115,119.64711700684826,0.03833681344985962,0.1899901032447815,156.75448073396893,GOOD_FORM,pushup_good_02.mp4,645
162.92578901744974,176.9288756217156,1.2194697010202304,0.21685523307877974,119.1681268553948,0.03523737192153931,0.1893538236618042,158.3730144141438,GOOD_FORM,pushup_good_02.mp4,648
163.77753359316415,178.23426230443445,1.221094247422335,0.21339068553103002,118.86311586749885,0.034054577350616455,0.18687966465950012,158.3450330482328,GOOD_FORM,pushup_good_02.mp4,651
165.86345716271367,175.28345727282834,1.229244143386128,0.20892116049434076,119.40145058624502,0.027706831693649292,0.18200963735580444,159.09576232882836,GOOD_FORM,pushup_good_02.mp4,654
167.20862466733573,173.13705098267127,1.2303277945523425,0.20766683144100462,119.29727613607159,0.023157119750976562,0.1811019480228424,163.05263019866237,GOOD_FORM,pushup_good_02.mp4,657
167.06563166563996,171.2085168258969,1.2151649151712491,0.20538040092406973,117.66664315155317,0.02293524146080017,0.18189561367034912,167.06595919067772,GOOD_FORM,pushup_good_02.mp4,660
167.83067168543113,172.20835607301703,1.2239497989539814,0.20603405939052935,118.81148885435472,0.021744489669799805,0.180526465177536,169.60735126499708,GOOD_FORM,pushup_good_02.mp4,663
167.7794706926829,173.242472683473,1.2228915827113886,0.20523049146292444,119.08177209001788,0.021454721689224243,0.1793537437915802,172.1561963182983,GOOD_FORM,pushup_good_02.mp4,666
167.95969761770715,171.90820937876086,1.2185501434460644,0.20333871877571716,118.57664143978235,0.02045413851737976,0.17856499552726746,170.93348239027898,GOOD_FORM,pushup_good_02.mp4,669
167.3004090531952,170.68419935755995,1.2111807817540565,0.20361081651336085,117.5285799717826,0.02257061004638672,0.18055567145347595,170.8231498991582,GOOD_FORM,pushup_good_02.mp4,672
165.60200260447587,170.9816638501879,1.2074009794372054,0.20386412004772192,117.19477185763056,0.025345951318740845,0.1813262403011322,172.1739709962125,GOOD_FORM,pushup_good_02.mp4,675
163.23146349113674,171.89022206769368,1.2036582278832026,0.20330165925903504,116.88209966921505,0.028995424509048462,0.1813303530216217,170.782721446346,GOOD_FORM,pushup_good_02.mp4,678
161.30119001523033,169.4679861042417,1.1629197041637882,0.1995172499830981,112.47756119868161,0.03228834271430969,0.18435820937156677,169.12441742064792,GOOD_FORM,pushup_good_02.mp4,681
158.52497518191714,172.8593428556417,1.1622829120739941,0.20229219056064784,112.72403411806376,0.03677934408187866,0.1865878701210022,165.2792163538873,GOOD_FORM,pushup_good_02.mp4,684
149.0872288642537,177.9645283361793,1.1582263276408067,0.20215753237081854,113.22789310207507,0.04844963550567627,0.18576964735984802,161.7925544938949,GOOD_FORM,pushup_good_02.mp4,687
142.88961180482235,179.09253688307183,1.1594362107563918,0.20430559149243616,113.65131741150743,0.05839225649833679,0.18714293837547302,160.5729770922657,GOOD_FORM,pushup_good_02.mp4,690
136.99585345686023,176.01439991127225,1.1612905941953278,0.20989504482832616,113.7355547504748,0.06365478038787842,0.1921388804912567,162.4810933390794,GOOD_FORM,pushup_good_02.mp4,693
128.0875501643163,176.28246701485133,1.1353137296456435,0.2065461337034378,110.94278173494527,0.06955888867378235,0.1928998827934265,166.1361864593886,GOOD_FORM,pushup_good_02.mp4,696
112.3641600285831,178.3779236487892,1.0970065960359998,0.2027082433119778,105.98917291344145,0.0801052451133728,0.19486543536186218,165.82356723592713,GOOD_FORM,pushup_good_02.mp4,699
99.62623106185434,174.9558618696987,1.045733005247572,0.20045621233668479,98.01802913112621,0.0870901346206665,0.19849640130996704,157.81360078292792,GOOD_FORM,pushup_good_02.mp4,702
98.4750140251831,170.67861795287163,1.007060430501696,0.1983959622729588,91.3144052363658,0.09229150414466858,0.19834375381469727,145.70070262120856,GOOD_FORM,pushup_good_02.mp4,705
86.56100409326382,168.37495757350248,0.9921325261531447,0.2002632466819753,88.51684075101102,0.09559363126754761,0.20019614696502686,152.97818271832418,GOOD_FORM,pushup_good_02.mp4,708
80.3739106978063,170.51844885735395,0.993008917232061,0.2016326267572149,88.67498337125613,0.09873569011688232,0.20157870650291443,153.17721997574606,GOOD_FORM,pushup_good_02.mp4,711
74.24307610157076,170.22174544887105,0.9882023114823417,0.20122934513396534,87.7338045641266,0.09887799620628357,0.20107194781303406,148.3224395885254,GOOD_FORM,pushup_good_02.mp4,714
79.02317795192955,170.83569148802334,0.9959575330184031,0.1989601295031911,89.22477080556348,0.09860169887542725,0.1989419162273407,153.44450257631755,GOOD_FORM,pushup_good_02.mp4,717
80.69133936913153,172.82988050794333,1.004914373914554,0.19829360616012798,90.93832340846494,0.09865632653236389,0.19826701283454895,156.60048879750875,GOOD_FORM,pushup_good_02.mp4,720
86.22631964677736,172.66694476909169,1.0100789710082916,0.19969051240855495,91.8879760328174,0.09862571954727173,0.19958209991455078,156.71538920050133,GOOD_FORM,pushup_good_02.mp4,723
93.80434217721785,173.45724893036137,1.017285603949687,0.20011793844512635,93.19674058460785,0.10320568084716797,0.19980651140213013,156.42039198902134,GOOD_FORM,pushup_good_02.mp4,726
102.35456088435052,178.81641115320414,1.052015205936783,0.20258704583895215,99.1981991586594,0.10129117965698242,0.19998177886009216,159.49147749271006,GOOD_FORM,pushup_good_02.mp4,729
123.83119914477851,179.60100700270075,1.0697154021920616,0.20472239968051748,101.87072618281624,0.09017956256866455,0.20034381747245789,159.54006479709705,GOOD_FORM,pushup_good_02.mp4,732
131.51866514981654,178.0085978266435,1.10123752495832,0.2096275216029306,106.23460801884193,0.07473549246788025,0.201267808675766,156.40825760117866,GOOD_FORM,pushup_good_02.mp4,735
139.13721839719784,175.3715611229823,1.1359069226314495,0.21227798527265368,110.65368634982035,0.07132872939109802,0.19863343238830566,152.86550851496804,GOOD_FORM,pushup_good_02.mp4,738
147.8324204412214,172.03478337934115,1.1806523911286613,0.21678395873846124,116.03202303674904,0.058482468128204346,0.1947888433933258,153.99374233512833,GOOD_FORM,pushup_good_02.mp4,741
156.23231964111926,169.56570395357073,1.214483127028562,0.22245470802476586,119.36235279473094,0.04681393504142761,0.1938745677471161,153.59613872110629,GOOD_FORM,pushup_good_02.mp4,744
158.99796848990323,170.71592011910369,1.22732121681647,0.2205716371220601,120.71534125459281,0.03998062014579773,0.1896258294582367,151.3785257141405,GOOD_FORM,pushup_good_02.mp4,747
161.43728496620614,172.64795150803593,1.2301024694005667,0.21922500570356954,120.85195255973528,0.03436371684074402,0.18820056319236755,154.02396081300833,GOOD_FORM,pushup_good_02.mp4,750
164.4731124666931,173.54846744638033,1.2608972076311402,0.22092237893145167,123.54994682058665,0.02911248803138733,0.184114009141922,156.53368341359126,GOOD_FORM,pushup_good_02.mp4,753
166.53358000799315,179.31553705715865,1.253863185279798,0.2162834505227992,122.47441457653362,0.026250988245010376,0.18246006965637207,155.04664542791565,GOOD_FORM,pushup_good_02.mp4,756
169.3481290159937,179.51203342022063,1.2631660600735748,0.21435525835620148,123.29917381381038,0.021196454763412476,0.1791577935218811,156.68608246643132,GOOD_FORM,pushup_good_02.mp4,759
170.7723258740733,177.64593611894972,1.2658878982755553,0.21583913675037472,122.9548057397079,0.017058342695236206,0.1811070740222931,156.18118032551746,GOOD_FORM,pushup_good_02.mp4,762
170.46577829286605,176.78204893199413,1.2550169904555244,0.21217307293744744,122.0989249755149,0.017207205295562744,0.1797352433204651,159.00735914151687,GOOD_FORM,pushup_good_02.mp4,765
169.88078140755925,173.864706567668,1.2360614946376778,0.21065204091686474,119.9746990372945,0.01774042844772339,0.18247362971305847,160.78708747022685,GOOD_FORM,pushup_good_02.mp4,768
169.68673064273935,173.10881783669356,1.2363518551801398,0.2089480268108591,119.92752150350526,0.01887291669845581,0.18108344078063965,162.30929143367123,GOOD_FORM,pushup_good_02.mp4,771
168.6107431478784,171.67033399886975,1.2247058190743547,0.20734729181843833,118.78685805426421,0.02100604772567749,0.1817200779914856,163.4970670409967,GOOD_FORM,pushup_good_02.mp4,774
167.89022065308,171.85560761586353,1.2201301644098925,0.20687153934046745,118.42590411595529,0.02200654149055481,0.1819271743297577,165.57949529236186,GOOD_FORM,pushup_good_02.mp4,777
166.93978136333772,172.0421053929083,1.2155449281392543,0.20621153553459548,118.0922590571828,0.02263718843460083,0.18191534280776978,167.1487657946622,GOOD_FORM,pushup_good_02.mp4,780
166.29158866898888,172.5265636846668,1.2128761071345966,0.20612321934853098,117.9040377258321,0.023669809103012085,0.18215534090995789,165.93269347374715,GOOD_FORM,pushup_good_02.mp4,783
164.25643928511775,168.33760518202317,1.1702960221371865,0.20071973589470005,113.5168702984619,0.025949865579605103,0.18404674530029297,167.31424039456928,GOOD_FORM,pushup_good_02.mp4,786
159.2398497801783,168.8680371732351,1.1634833165247662,0.20283822326824627,113.02048055990328,0.03273323178291321,0.1866835653781891,173.3836219671479,GOOD_FORM,pushup_good_02.mp4,789
151.28437719995068,170.42472952338963,1.1379529694920816,0.1995006843955388,110.4355953995046,0.04320424795150757,0.18694385886192322,173.15823521106216,GOOD_FORM,pushup_good_02.mp4,792
140.0603593099988,174.22517169325675,1.1317907177273756,0.2018593149614379,109.94535996184071,0.06172874569892883,0.18975022435188293,169.3345912654476,GOOD_FORM,pushup_good_02.mp4,795
132.80436015899826,178.3726234318229,1.1308962853804903,0.20270212428132733,110.26578299480961,0.07362455129623413,0.19015276432037354,166.73106236067179,GOOD_FORM,pushup_good_02.mp4,798
129.18585330805897,179.62639019821034,1.1127065953034174,0.20173056162851016,108.16251485032875,0.07652109861373901,0.19167855381965637,164.6320878845426,GOOD_FORM,pushup_good_02.mp4,801
117.17330982528274,179.06141919678066,1.0824191250275568,0.19914689873193647,103.96612000637244,0.08257240056991577,0.19325923919677734,153.90228024638188,GOOD_FORM,pushup_good_02.mp4,804
101.3306978494222,176.73495862166007,1.0531616887117856,0.19992407561556794,99.30045514198324,0.09253069758415222,0.19729569554328918,152.0480911411033,GOOD_FORM,pushup_good_02.mp4,807
97.89849952873223,173.77406365644697,1.0257225907095433,0.19862673211002674,94.68252654541826,0.09521576762199402,0.19796371459960938,154.12127889302184,GOOD_FORM,pushup_good_02.mp4,810
93.53115562510588,172.11782147137333,1.00941065203087,0.19909382453393948,91.74860847101921,0.09524235129356384,0.19900110363960266,155.7735060902475,GOOD_FORM,pushup_good_02.mp4,813
88.97351649290489,175.96931265853618,1.0143035371395734,0.2020432888351008,92.65222075920201,0.09777161478996277,0.20182684063911438,153.4757255923971,GOOD_FORM,pushup_good_02.mp4,816
88.60518753737097,175.7162001322788,1.0096251878322093,0.2000043369225058,91.81679963952504,0.10028648376464844,0.19990378618240356,156.7032459968993,GOOD_FORM,pushup_good_02.mp4,819
81.24543065209632,177.60964539523036,1.016855741077888,0.20121714620465,93.15182671990212,0.10001662373542786,0.200912743806839,156.60719101576427,GOOD_FORM,pushup_good_02.mp4,822
87.49128212930623,179.5938959597841,1.0297776399674807,0.19976236227062122,95.52301477814571,0.09908849000930786,0.19883489608764648,154.26575242209253,GOOD_FORM,pushup_good_02.mp4,825
92.44047514781411,179.3074918241015,1.034016699424651,0.19814024319225604,96.28764085833592,0.09749546647071838,0.19694823026657104,151.8387263586433,GOOD_FORM,pushup_good_02.mp4,828
102.01113885485579,177.43876291115865,1.0387744889034733,0.19879048286276352,96.99586191498587,0.10301753878593445,0.19731032848358154,148.43255771234877,GOOD_FORM,pushup_good_02.mp4,831
108.08437472701547,175.9196610542393,1.0494590459881736,0.1994438298152252,98.64157805342063,0.10244333744049072,0.19717943668365479,145.28492009023253,GOOD_FORM,pushup_good_02.mp4,834
131.94101142708965,178.4332624052065,1.0803882376729494,0.20239219955110552,103.32116449704905,0.0834876000881195,0.19694605469703674,145.84286594305456,GOOD_FORM,pushup_good_02.mp4,837
147.41544955819705,176.40348174812382,1.1353259481202365,0.21294835758427597,110.28250115288965,0.0719902515411377,0.19974318146705627,148.8038716418162,GOOD_FORM,pushup_good_02.mp4,840
152.22336480484563,175.39495951676963,1.1681764815112952,0.21430978680997587,114.14514101609907,0.06125903129577637,0.19555845856666565,148.06968567763593,GOOD_FORM,pushup_good_02.mp4,843
152.72273373787232,175.30749736368557,1.187055012683886,0.21369511963848825,116.36869819261271,0.05449444055557251,0.19145891070365906,150.70057633317032,GOOD_FORM,pushup_good_02.mp4,846
155.72886840191063,174.8497275472038,1.2027142723722255,0.21209185969740002,118.32981547188814,0.046182870864868164,0.186687171459198,159.2415276403583,GOOD_FORM,pushup_good_02.mp4,849
160.2468262005987,174.52200860374037,1.221687414298025,0.21589671205486163,119.76617473784306,0.03783199191093445,0.1874081790447235,158.82380267015054,GOOD_FORM,pushup_good_02.mp4,852
164.1717659411033,179.64033829342839,1.2210699611853653,0.21304699247898481,119.19375869828042,0.0310651957988739,0.18598201870918274,157.87999283568027,GOOD_FORM,pushup_good_02.mp4,855
166.64431773600842,177.40600059326331,1.2284158332904935,0.21188318168382791,119.50131913565511,0.02623569965362549,0.1844085454940796,157.5454487246195,GOOD_FORM,pushup_good_02.mp4,858
167.4602420611506,171.94890949772986,1.2154807035590416,0.20505397724954139,117.95874430395949,0.023362010717391968,0.1811186969280243,159.7500191631402,GOOD_FORM,pushup_good_02.mp4,861
168.71400404674375,173.1188355304148,1.2290159774271148,0.20457130943487697,119.4951619064159,0.01898983120918274,0.1780555248260498,163.4005509744077,GOOD_FORM,pushup_good_02.mp4,864
170.741322930166,173.5201484394577,1.231559988709288,0.2035386473177465,119.8983070690996,0.018371909856796265,0.17644712328910828,164.6190525738218,GOOD_FORM,pushup_good_02.mp4,867
170.05933368163258,172.62512414484718,1.2227129048556773,0.20277151534455026,118.97986435399851,0.01989254355430603,0.1773798167705536,167.5175587388462,GOOD_FORM,pushup_good_02.mp4,870
169.82648580449637,172.37236518445107,1.2199190031462621,0.20219827289628878,118.82331469108603,0.019846051931381226,0.17714539170265198,169.81567992366,GOOD_FORM,pushup_good_02.mp4,873
169.6239649489389,171.41098805058755,1.2147939420564537,0.20241987493770228,118.21459712093173,0.02056783437728882,0.17836642265319824,168.20329986935388,GOOD_FORM,pushup_good_02.mp4,876
169.25187956614434,171.68676104540992,1.2132262612305749,0.2021838605676148,118.03541531011818,0.021377980709075928,0.17845654487609863,168.1753195988665,GOOD_FORM,pushup_good_02.mp4,879
169.04566937589559,170.5961619127996,1.211501418306463,0.2018325121467933,117.64903902301369,0.021180540323257446,0.1787821650505066,167.8626111898851,GOOD_FORM,pushup_good_02.mp4,882
168.07779797661254,170.41184642062655,1.2057315937872846,0.20046372958545589,117.21355966227448,0.0221824049949646,0.17827168107032776,170.11998454110153,GOOD_FORM,pushup_good_02.mp4,885
166.710396286308,171.41166074527933,1.2078960653295703,0.20148389873136194,117.40266434246851,0.024432778358459473,0.17887380719184875,170.20687308012205,GOOD_FORM,pushup_good_02.mp4,888
163.6941122524534,171.38315782463062,1.1861899546427332,0.19830440942374306,115.60744711645472,0.027610987424850464,0.17882415652275085,172.37287824900986,GOOD_FORM,pushup_good_02.mp4,891
159.8701073796906,170.63122898206183,1.1588740793643264,0.19608365061897678,112.82105326213315,0.032799869775772095,0.18073272705078125,169.31647207571874,GOOD_FORM,pushup_good_02.mp4,894
155.3307479062621,172.77137180507188,1.1545120810837834,0.19828438837206996,112.47541658127167,0.03923320770263672,0.18322184681892395,160.5783164768474,GOOD_FORM,pushup_good_02.mp4,897
149.81170146577261,176.27587890285037,1.1583122611448957,0.20002954281453802,113.49967627958023,0.05028858780860901,0.18343782424926758,159.17348264669675,GOOD_FORM,pushup_good_02.mp4,900
144.29362977594192,177.07578469376003,1.145903689199377,0.2007576354989717,112.3027297707794,0.05364158749580383,0.1857377290725708,159.15650542060789,GOOD_FORM,pushup_good_02.mp4,903
140.52966007653947,178.55896933146056,1.1469429909500317,0.20180223417278778,112.8736172035303,0.05697491765022278,0.18593177199363708,163.37251860574793,GOOD_FORM,pushup_good_02.mp4,906
128.3073757900391,177.5623795460406,1.131215309500866,0.20150060860010066,111.0133485060768,0.07136964797973633,0.18809881806373596,166.64135872337786,GOOD_FORM,pushup_good_02.mp4,909
116.5825690118859,176.68377456805646,1.0856245925565229,0.19782954405420772,104.44299634639206,0.07970061898231506,0.19157674908638,162.6982107636519,GOOD_FORM,pushup_good_02.mp4,912
104.65095190957766,176.02259359762172,1.0606637931998166,0.19619162360635495,100.64031028466471,0.08859768509864807,0.19281789660453796,151.59981656127428,GOOD_FORM,pushup_good_02.mp4,915
108.4778276817385,174.02099810677478,1.0289037007886928,0.19534359559083692,95.30788953055817,0.0947117805480957,0.19450587034225464,141.45204887517386,GOOD_FORM,pushup_good_02.mp4,918
102.49612245047234,172.8876379430907,1.0159926806953339,0.19630880722725289,92.97367851601328,0.09790515899658203,0.1960444450378418,144.70031432680685,GOOD_FORM,pushup_good_02.mp4,921
104.25463095316361,176.6875644465374,1.0278226932934844,0.19687950677781282,95.15472154607134,0.09494093060493469,0.1960831880569458,139.41561057995364,GOOD_FORM,pushup_good_02.mp4,924
98.11128483003917,178.12920401714172,1.0337185375781035,0.19811700145440547,96.19216376286822,0.09625619649887085,0.19696101546287537,144.6610341481562,GOOD_FORM,pushup_good_02.mp4,927
103.15702427784194,179.52143653624992,1.0491301872533523,0.19817689180280693,98.8367655074606,0.09505370259284973,0.1958242952823639,143.90072012864633,GOOD_FORM,pushup_good_02.mp4,930
105.03459068813534,179.40375924475575,1.0582394103742847,0.19850078643133737,100.34187444018754,0.09331324696540833,0.19527563452720642,145.16227394246178,GOOD_FORM,pushup_good_02.mp4,933
112.72336159831187,176.06524316832937,1.0863112832309771,0.20141727102232185,104.73702686448593,0.08767721056938171,0.19479069113731384,146.90628419994567,GOOD_FORM,pushup_good_02.mp4,936
121.84518380262385,176.38986435989756,1.1023487368457543,0.20345480758335904,106.84273021416695,0.08135819435119629,0.19472646713256836,150.89002980949425,GOOD_FORM,pushup_good_02.mp4,939
133.98951107060785,175.15028535695976,1.129266646749581,0.20842005766053034,110.13468298418408,0.07375437021255493,0.19568142294883728,153.01667037485623,GOOD_FORM,pushup_good_02.mp4,942
148.00066246088866,172.7537472867954,1.1644057488355786,0.21371553145068883,114.1455823513178,0.05492269992828369,0.19501551985740662,151.3093368288546,GOOD_FORM,pushup_good_02.mp4,945
150.43568085581273,173.70183135036245,1.1837762821439413,0.21707450945343706,116.04933348683798,0.051212459802627563,0.1950211226940155,153.19469613137193,GOOD_FORM,pushup_good_02.mp4,948
154.85692743270837,173.5358125566226,1.1966174316705769,0.2147934008716812,117.54854752930866,0.0475100576877594,0.19043755531311035,152.135159633168,GOOD_FORM,pushup_good_02.mp4,951
164.66520655637916,175.57056521994005,1.2035856521798922,0.21417810413978938,118.01073224498025,0.03462401032447815,0.1890867054462433,152.26774207311385,GOOD_FORM,pushup_good_02.mp4,954
164.17667439755962,179.31516942652684,1.2043560881557505,0.21237058756170432,117.66247108469118,0.03475680947303772,0.18809375166893005,152.71197683846592,GOOD_FORM,pushup_good_02.mp4,957
167.86081160211745,178.3051824691041,1.2106288833060508,0.21175583658469718,117.97079140304716,0.028800249099731445,0.18701747059822083,156.5744564294174,GOOD_FORM,pushup_good_02.mp4,960
170.84113225967525,179.5421501767879,1.2456092382870798,0.21161369562611665,121.8040140262264,0.022686690092086792,0.17983785271644592,161.62584842120333,GOOD_FORM,pushup_good_02.mp4,963
172.93714983638353,175.43191385371597,1.2372808308139205,0.20915454610157447,120.35933635811848,0.020791292190551758,0.1804707646369934,163.65070863042052,GOOD_FORM,pushup_good_02.mp4,966
171.61867810961465,175.7372232530668,1.2355948853650844,0.20987517938131742,120.18085345585307,0.02251565456390381,0.1814221739768982,164.4473754853775,GOOD_FORM,pushup_good_02.mp4,969
172.43016369753565,174.57148668547498,1.2303024278093568,0.20880704244893963,119.49269540951086,0.020035922527313232,0.1817467212677002,162.47491866268643,GOOD_FORM,pushup_good_02.mp4,972
172.05246911690224,176.11050427614902,1.2321804237663747,0.209419753482197,119.9093105261334,0.020200401544570923,0.18152546882629395,164.720557594624,GOOD_FORM,pushup_good_02.mp4,975
172.4581777990225,175.85777855693553,1.2384819890074146,0.20891469498097312,120.65376589207666,0.018906116485595703,0.1797187626361847,168.30587557314914,GOOD_FORM,pushup_good_02.mp4,978
171.09301499391302,174.67269530475392,1.231168911576475,0.20820696982230216,119.87246097491085,0.02044755220413208,0.18054094910621643,171.69236605443194,GOOD_FORM,pushup_good_02.mp4,981
168.72222522718343,174.6103162682422,1.225317225160963,0.20761206888130007,119.32098894284769,0.023206770420074463,0.1810121238231659,170.88372880756634,GOOD_FORM,pushup_good_02.mp4,984
163.9678459306845,174.5688050291267,1.2194439725129256,0.20841766225505715,119.01173390032415,0.028540194034576416,0.18226280808448792,174.73914521511713,GOOD_FORM,pushup_good_02.mp4,987
159.29024975876519,176.3038761345581,1.2033193151451562,0.20712310609324694,118.04307748488769,0.032628268003463745,0.1828031837940216,172.8913661266728,GOOD_FORM,pushup_good_02.mp4,990
151.96107844210604,177.02238698585802,1.1843128666394687,0.204948389557802,116.54513633660106,0.04169490933418274,0.18334102630615234,173.23858061847687,GOOD_FORM,pushup_good_02.mp4,993
143.3640855692484,177.91010508479087,1.1693986020543714,0.2061432559738256,114.9615966298562,0.054216474294662476,0.18688562512397766,174.5178929536277,GOOD_FORM,pushup_good_02.mp4,996
138.2008926844865,176.28466362991915,1.1766015009415338,0.20991390800201268,116.23536873858299,0.059628695249557495,0.18828758597373962,176.32727031489466,GOOD_FORM,pushup_good_02.mp4,999
130.4293724116713,176.55831094023105,1.156798089684593,0.20761446764310812,114.02039461084065,0.0682009756565094,0.18963336944580078,173.60565124397544,GOOD_FORM,pushup_good_02.mp4,1002
115.1270046875516,177.62182617741092,1.1218084500506245,0.20521928607649106,109.59859016504807,0.08643734455108643,0.193328857421875,168.73131633530065,GOOD_FORM,pushup_good_02.mp4,1005
114.17622887067272,179.10310097923303,1.0797910536051776,0.20111324610337422,103.64170017872547,0.09371417760848999,0.1954391896724701,164.46354069478343,GOOD_FORM,pushup_good_02.mp4,1008
105.87204345068868,178.41009662187753,1.0536554895353794,0.19914537869775073,99.5611170868673,0.09690806269645691,0.19637876749038696,159.4947773419944,GOOD_FORM,pushup_good_02.mp4,1011
97.16411170684775,178.7100198529476,1.043444575886677,0.20002260021639254,97.83353293976609,0.09772023558616638,0.19815585017204285,155.82344929389797,GOOD_FORM,pushup_good_02.mp4,1014
96.96337716556204,178.0796656562684,1.035202741905464,0.1974007540127545,96.48576871686639,0.09874814748764038,0.19613724946975708,150.5638696331953,GOOD_FORM,pushup_good_02.mp4,1017
98.55778381372554,179.4515059378557,1.0476783136031294,0.1977099723186007,98.65925445654753,0.0980428159236908,0.19545608758926392,150.08851690282447,GOOD_FORM,pushup_good_02.mp4,1020
103.4838099373273,178.0605542688736,1.0613994188681413,0.1969296371032271,101.0035723416479,0.0958591103553772,0.1933087706565857,151.38339510646992,GOOD_FORM,pushup_good_02.mp4,1023
100.58763856443663,177.91418545048253,1.0659226741252406,0.19673076296807288,101.7408336321681,0.09230911731719971,0.19261434674263,151.78866454361437,GOOD_FORM,pushup_good_02.mp4,1026
114.25574801897467,176.6212146816463,1.0820580037686018,0.1981313818558329,104.19259135403875,0.09016644954681396,0.1920832097530365,149.19202380342844,GOOD_FORM,pushup_good_02.mp4,1029
127.57322306855345,174.2788153950148,1.1128463252799787,0.20203699597191235,108.52591895074337,0.07853808999061584,0.1915663778781891,149.39613297387677,GOOD_FORM,pushup_good_02.mp4,1032
144.79312640359055,172.76957859360715,1.1486831645485962,0.20787714900723622,112.8092790691677,0.054693251848220825,0.1916196048259735,146.6485099553372,GOOD_FORM,pushup_good_02.mp4,1035
154.83354745213273,172.49588444639969,1.1755890368604962,0.21149955951988653,115.62189414142274,0.04344406723976135,0.19070017337799072,142.8861260675399,GOOD_FORM,pushup_good_02.mp4,1038
160.52737908175155,171.77006023931264,1.2102449810157687,0.2155341054201368,119.44937136307752,0.03876081109046936,0.18768227100372314,145.88327797071497,GOOD_FORM,pushup_good_02.mp4,1041
161.64231651076096,170.20494891474246,1.2286330151999556,0.2171090748352296,121.42573586150186,0.03568333387374878,0.185259610414505,148.92867567156563,GOOD_FORM,pushup_good_02.mp4,1044
163.48827612494273,171.87742200980082,1.2388023758791378,0.2160401392523974,122.21268994219551,0.031705379486083984,0.1827828288078308,151.80781185074417,GOOD_FORM,pushup_good_02.mp4,1047
167.8614697403941,175.18133696287188,1.2466710877375013,0.2176488283476282,122.18647112339595,0.024349480867385864,0.18419697880744934,152.6802141527969,GOOD_FORM,pushup_good_02.mp4,1050
171.7263019273921,177.36515762588505,1.2602293455881903,0.22018419064669031,122.69282396669882,0.017853766679763794,0.18529880046844482,155.53816944718272,GOOD_FORM,pushup_good_02.mp4,1053
174.24332157464394,178.71431013406652,1.2708333541025023,0.2203833449966147,123.43852606866874,0.011546701192855835,0.18390130996704102,154.17288741176782,GOOD_FORM,pushup_good_02.mp4,1056
168.09955550045095,178.0608984489452,1.2678879374832603,0.215754668310682,123.72664406640015,0.017969459295272827,0.17943859100341797,156.61398572635412,GOOD_FORM,pushup_good_02.mp4,1059
168.72040452771097,178.67181012518486,1.260655635145307,0.21465752750020253,123.17424592023845,0.016408294439315796,0.17966699600219727,158.55962323542508,GOOD_FORM,pushup_good_02.mp4,1062
167.71100266286032,178.4827223797173,1.2507675456137932,0.21179273290220146,122.11046533360783,0.017630577087402344,0.17939037084579468,156.18414843595107,GOOD_FORM,pushup_good_02.mp4,1065
165.74769627236446,177.35452609187598,1.2487777208769948,0.21180160303683207,121.77030830847325,0.02112928032875061,0.1800631880760193,158.234700123457,GOOD_FORM,pushup_good_02.mp4,1068
165.7667492169063,178.5444089196417,1.2593520597933758,0.21277337476941455,122.83747978185085,0.020855724811553955,0.1787712574005127,160.03731973491728,GOOD_FORM,pushup_good_02.mp4,1071
165.40464311513293,178.81327298944083,1.2569759188736782,0.21309446641374427,122.61475294773221,0.021318942308425903,0.1794889271259308,161.40304050138906,GOOD_FORM,pushup_good_02.mp4,1074
164.58707648870333,178.75401978909574,1.2519711975250107,0.21288763461737434,122.1853238376667,0.022191494703292847,0.18016976118087769,161.12995820748841,GOOD_FORM,pushup_good_02.mp4,1077
163.8326173003309,178.9523022623286,1.2312960811432532,0.2100021176929946,120.58952432791679,0.023123502731323242,0.18077418208122253,163.83404269571736,GOOD_FORM,pushup_good_02.mp4,1080
159.42170271598417,178.23771781680443,1.2026037269154066,0.2116645434028287,117.34871340827938,0.030659884214401245,0.1880037784576416,164.67341736182945,GOOD_FORM,pushup_good_02.mp4,1083
150.23087152477694,178.10974104523717,1.1785638871992912,0.20764113349878074,115.5217223706076,0.040956586599349976,0.18737787008285522,168.93711826065623,GOOD_FORM,pushup_good_02.mp4,1086
146.14461437502703,178.2457654687734,1.1814207142707194,0.21042528990557385,115.98636190743439,0.05019259452819824,0.18914881348609924,164.97953098994483,GOOD_FORM,pushup_good_02.mp4,1089
135.6156362774687,179.3295577491752,1.1554421951711615,0.20716104632051863,113.51453509415235,0.06083178520202637,0.1899564266204834,169.124895705407,GOOD_FORM,pushup_good_02.mp4,1092
130.25875985078937,177.36978767052392,1.1486878894579529,0.20900658963783703,112.86085407449815,0.06563600897789001,0.1925877034664154,172.5623413454404,GOOD_FORM,pushup_good_02.mp4,1095
114.61506747643567,179.56295917892552,1.1097031364580103,0.2050498161539556,107.83123211632054,0.07907262444496155,0.19519877433776855,170.80760928194968,GOOD_FORM,pushup_good_02.mp4,1098
104.56050234242026,175.42574120991895,1.0619402338879769,0.19928676402893447,100.82652466324654,0.09004467725753784,0.19573917984962463,167.87489133723653,GOOD_FORM,pushup_good_02.mp4,1101
104.18051647065205,174.9131638334062,1.043545119132503,0.20001616216267826,97.7919616518103,0.09377571940422058,0.19816920161247253,163.02057964624967,GOOD_FORM,pushup_good_02.mp4,1104
100.10672289433583,176.2054065155347,1.0344737014782137,0.19823537704505853,96.3209725844233,0.09408965706825256,0.19703012704849243,158.83094704788536,GOOD_FORM,pushup_good_02.mp4,1107
93.10642004465942,177.28836824752673,1.035983669073757,0.19959073866036808,96.56820292909156,0.09505495429039001,0.19828057289123535,158.47146400474782,GOOD_FORM,pushup_good_02.mp4,1110
100.98100134379804,177.009285927882,1.0421800455389423,0.19783860438183418,97.67413684251075,0.09489807486534119,0.1960664987564087,157.01491325580943,GOOD_FORM,pushup_good_02.mp4,1113
114.55435000654059,178.66254530449817,1.0547386707829138,0.19785604511254437,99.80522839629916,0.09220007061958313,0.19496554136276245,155.9478249334456,GOOD_FORM,pushup_good_02.mp4,1116
114.78116340145613,178.13832571951258,1.0526215157674899,0.19669633402036887,99.46549011233772,0.09031358361244202,0.19401800632476807,153.92962830144228,GOOD_FORM,pushup_good_02.mp4,1119
123.44498438264247,177.32864380389927,1.087319246189853,0.20247939341691396,104.7323363441684,0.0868760347366333,0.1958220899105072,151.365949253213,GOOD_FORM,pushup_good_02.mp4,1122
132.6662229577747,175.29859119998812,1.120541665156956,0.20680116716642136,109.14241660087514,0.07243871688842773,0.19536525011062622,153.15561580629512,GOOD_FORM,pushup_good_02.mp4,1125
145.21159247018875,172.40712349157403,1.1668913663817286,0.21449132075966607,114.47440385555049,0.05640646815299988,0.19521662592887878,150.54787477683257,GOOD_FORM,pushup_good_02.mp4,1128
152.33733900908797,171.80708025419753,1.182809550555043,0.21303042354965476,116.53015974563125,0.04581785202026367,0.19059595465660095,151.5302390111316,GOOD_FORM,pushup_good_02.mp4,1131
155.7652860661063,169.3994536887839,1.2186072145271527,0.21904598637237033,120.21696549032823,0.0412287712097168,0.18928036093711853,152.94303768773543,GOOD_FORM,pushup_good_02.mp4,1134
164.13484421604036,169.67547238616916,1.2354695926262615,0.2230889077064724,121.44541286874842,0.031812041997909546,0.19032233953475952,155.1158970622995,GOOD_FORM,pushup_good_02.mp4,1137
163.91068633891547,170.73618298394786,1.2548246196797248,0.22472026948505108,122.88824810258045,0.032056957483291626,0.18870112299919128,156.06918108722894,GOOD_FORM,pushup_good_02.mp4,1140
167.71282480488637,176.4685939020648,1.2597158124965755,0.22149381763339882,122.78323738071147,0.02553635835647583,0.18621191382408142,157.0856402379632,GOOD_FORM,pushup_good_02.mp4,1143
169.5982031875016,179.3807323424439,1.2645486855852412,0.21823938304013202,123.06409252399692,0.019584983587265015,0.18289431929588318,156.76720109436567,GOOD_FORM,pushup_good_02.mp4,1146
169.7670881041002,178.588007525831,1.2558031158150051,0.21623351404060737,122.00566907199635,0.018519967794418335,0.18336176872253418,158.12155804086188,GOOD_FORM,pushup_good_02.mp4,1149
169.66108282109775,177.4396232081224,1.2413207542666633,0.21327502580140958,120.5718282531445,0.01838749647140503,0.18362513184547424,158.37349580063415,GOOD_FORM,pushup_good_02.mp4,1152
170.06631332533888,176.2613021502009,1.2414548765246378,0.2111271362364692,120.54945390498978,0.017150789499282837,0.18181774020195007,162.56965766113586,GOOD_FORM,pushup_good_02.mp4,1155
169.66809097534647,176.38790538607518,1.2389895369860282,0.21052863056323173,120.35728471757511,0.017791718244552612,0.1816602349281311,165.04364136514116,GOOD_FORM,pushup_good_02.mp4,1158
168.79005692667002,175.89012782668823,1.2335404279923743,0.2099493193083815,119.86651496964329,0.01930329203605652,0.18206265568733215,165.27668191351532,GOOD_FORM,pushup_good_02.mp4,1161
168.53403783835918,176.5437605179065,1.2307836210772507,0.21017884306478898,119.73997428987045,0.01994222402572632,0.1824924349784851,165.62683703112873,GOOD_FORM,pushup_good_02.mp4,1164
164.15830091836204,176.87099011358825,1.230143745222301,0.2118693213821019,119.54372802135826,0.026006370782852173,0.18431919813156128,166.20854951095825,GOOD_FORM,pushup_good_02.mp4,1167
160.06281693208598,176.26575142805711,1.197869764181584,0.2065511240445547,116.71484785191792,0.030065208673477173,0.1845005452632904,165.7613871930768,GOOD_FORM,pushup_good_02.mp4,1170
154.51252682341467,176.5278377701743,1.180454967035065,0.20594374573135224,115.34624393528081,0.036848634481430054,0.186117023229599,165.9603144370602,GOOD_FORM,pushup_good_02.mp4,1173
151.23421913429144,177.67107799575504,1.1651684941601037,0.20465409652776498,114.08284104418608,0.039793968200683594,0.18683844804763794,166.01147036617925,GOOD_FORM,pushup_good_02.mp4,1176
146.91516226624233,178.9240550207825,1.1684833928114349,0.20847746176410004,114.80034414722431,0.04389375448226929,0.1892486810684204,167.6618755905183,GOOD_FORM,pushup_good_02.mp4,1179
137.55898310219516,177.61935637985474,1.1501485120117436,0.20726485488645177,112.94832547122328,0.053634047508239746,0.1908596158027649,170.94933157848766,GOOD_FORM,pushup_good_02.mp4,1182
132.3646317335432,176.93749302848565,1.135788366477224,0.20592998647143348,111.42863127911414,0.06121435761451721,0.19169330596923828,170.38793174988305,GOOD_FORM,pushup_good_02.mp4,1185
117.79355098800521,178.85501881716198,1.1019758774946466,0.20283492867682953,106.89328008254263,0.07940226793289185,0.19408124685287476,166.21286594836755,GOOD_FORM,pushup_good_02.mp4,1188
105.09652042262235,179.50921749581974,1.070322051928203,0.19895771624149655,102.31026091161749,0.08677211403846741,0.1943826973438263,161.7621197818499,GOOD_FORM,pushup_good_02.mp4,1191
102.81172956979037,179.1976466687059,1.060081248601598,0.19831407105031765,100.753624098772,0.0945502519607544,0.19483104348182678,159.54796758665162,GOOD_FORM,pushup_good_02.mp4,1194
107.89288753517576,179.03893380895133,1.0425567963311266,0.1966201829472476,97.83329033938428,0.0990714430809021,0.19478529691696167,155.24759323274125,GOOD_FORM,pushup_good_02.mp4,1197
101.14659277364733,179.31425655830657,1.0501815595438668,0.19672129962119672,99.17831067945069,0.0947561264038086,0.19420236349105835,155.57115770977796,GOOD_FORM,pushup_good_02.mp4,1200
99.82504912990922,178.2470592632445,1.0610734757182418,0.198825898608308,100.91418707430826,0.09469819068908691,0.19522914290428162,153.62105340675555,GOOD_FORM,pushup_good_02.mp4,1203
103.183868088029,176.33120476301946,1.0752448125344019,0.19980590111512717,103.17635321125088,0.09289750456809998,0.19454509019851685,152.92013035818613,GOOD_FORM,pushup_good_02.mp4,1206
104.20903172065968,174.46481494321912,1.0853981964769497,0.1999157649070457,104.83691889130286,0.08894959092140198,0.19324961304664612,153.69722916073005,GOOD_FORM,pushup_good_02.mp4,1209
119.02466931118266,171.0909703734069,1.1178720780912101,0.20541074549735702,109.35546244271173,0.07948702573776245,0.19379988312721252,153.73973890102724,GOOD_FORM,pushup_good_02.mp4,1212
135.93627731026632,166.8530934868697,1.1605465950852543,0.21389720473222656,114.56455460284712,0.060717642307281494,0.1945362091064453,153.10356621100746,GOOD_FORM,pushup_good_02.mp4,1215
146.15737186537515,165.79472321615717,1.1850997806282748,0.21785112124589626,117.20618558922368,0.049270033836364746,0.19374725222587585,151.49809173936274,GOOD_FORM,pushup_good_02.mp4,1218
152.4503623959941,164.2422997811712,1.213867759155725,0.2228977152361915,120.26505421912564,0.04349327087402344,0.19251450896263123,153.3884026932155,GOOD_FORM,pushup_good_02.mp4,1221
155.13781451922597,161.94259272470407,1.2529157501993942,0.22656700030241222,124.38493563520763,0.038870662450790405,0.18697327375411987,155.96260144930562,GOOD_FORM,pushup_good_02.mp4,1224
160.68654489127513,161.04334041479297,1.2846692692225596,0.23277225426554524,126.99233362225556,0.03258234262466431,0.18591439723968506,158.83334453518964,GOOD_FORM,pushup_good_02.mp4,1227
163.80443719709393,163.24677828183655,1.3065769022190665,0.23812026667089842,127.81083570425827,0.02473655343055725,0.1881195604801178,165.71417996605206,GOOD_FORM,pushup_good_02.mp4,1230
167.4869657452546,167.89448443738704,1.302807518664811,0.23288946978875627,127.21426047687677,0.01806303858757019,0.1854637861251831,165.22375098817736,GOOD_FORM,pushup_good_02.mp4,1233
168.44751478722358,175.27015301994248,1.2779345353450833,0.22495925832385705,124.25724176624556,0.014193743467330933,0.18592917919158936,158.3786151293564,GOOD_FORM,pushup_good_02.mp4,1236
168.51580713206997,178.91055882086363,1.2634216377108916,0.21791817866320734,123.03996628420627,0.011712700128555298,0.18267518281936646,159.74357698815288,GOOD_FORM,pushup_good_02.mp4,1239
167.72552326526318,123.15014057881694,1.0374543944572658,0.1848689837576676,95.33273663685166,0.027588367462158203,0.1840687394142151,167.42862377452613,GOOD_FORM,pushup_good_03.mp4,3
167.78287863551407,130.61825542141506,1.039477964547546,0.18668814381110269,95.55613854948432,0.027978479862213135,0.18581095337867737,177.81272444739773,GOOD_FORM,pushup_good_03.mp4,6
166.44681140124757,135.227131136193,1.053325747665658,0.18898759195722006,97.47075055311649,0.02951011061668396,0.18738317489624023,174.38138156437768,GOOD_FORM,pushup_good_03.mp4,9
162.07386275314857,141.33552689012484,1.0715765158611739,0.19061237605192716,100.19044400325846,0.03503158688545227,0.18760517239570618,173.4005533235905,GOOD_FORM,pushup_good_03.mp4,12
158.3724866654524,149.89336745011852,1.1021097294856075,0.19475812648140334,104.63240492769314,0.039035141468048096,0.18844076991081238,170.4426741480345,GOOD_FORM,pushup_good_03.mp4,15
152.97820183320846,153.89436705785403,1.0990877833623938,0.19997470500858316,104.34165932213034,0.04550471901893616,0.193742036819458,162.63870963513872,GOOD_FORM,pushup_good_03.mp4,18
146.18695168439427,163.68199116470825,1.1207381506269933,0.20970774332420558,107.30369243941894,0.05387786030769348,0.20021578669548035,158.1104311289177,GOOD_FORM,pushup_good_03.mp4,21
139.83519200071234,174.87110726636521,1.1406878802869074,0.21437742418677705,110.49970481686539,0.06054908037185669,0.20080044865608215,157.96591332807918,GOOD_FORM,pushup_good_03.mp4,24
134.97162864344455,175.37045576995064,1.1517569792027418,0.2191021062368207,111.88504894993501,0.06928393244743347,0.20331069827079773,158.05129023399718,GOOD_FORM,pushup_good_03.mp4,27
126.39030884593474,175.6736075148323,1.1295809037768507,0.2163183627850744,109.52447793331646,0.07637634873390198,0.20387861132621765,161.7343378516458,GOOD_FORM,pushup_good_03.mp4,30
115.63960452180727,175.23639065400891,1.1107446904346663,0.21519613646755228,107.1897240471316,0.08776557445526123,0.20558270812034607,164.54881485096698,GOOD_FORM,pushup_good_03.mp4,33
107.51377558780284,175.87424116010848,1.0942514849933265,0.21465085722005284,105.2169624450834,0.09286928176879883,0.2071242332458496,162.3900299583571,GOOD_FORM,pushup_good_03.mp4,36
106.06832749895166,174.6386782887984,1.0745004220010654,0.2130956237928232,102.41061114359232,0.09567931294441223,0.20811563730239868,164.01259777733415,GOOD_FORM,pushup_good_03.mp4,39
95.32606486215191,171.96691166532685,1.0493714742593168,0.2089337892872523,98.60715093952443,0.09661710262298584,0.2065804898738861,163.99156246716515,GOOD_FORM,pushup_good_03.mp4,42
91.1969521398131,166.79925952968495,1.0156160535149776,0.20495877879696928,92.87356993355101,0.09799528121948242,0.2047010362148285,159.5698022871295,GOOD_FORM,pushup_good_03.mp4,45
85.07257003749257,167.27856394789086,1.011416462287134,0.2002822219136424,92.16626117014478,0.10111859440803528,0.20013907551765442,158.79283038433016,GOOD_FORM,pushup_good_03.mp4,48
78.89499388841816,169.5590045949423,1.0124062886672975,0.20084157869885386,92.37718483291609,0.10272899270057678,0.20066872239112854,158.6883508404044,GOOD_FORM,pushup_good_03.mp4,51
72.19720350180955,171.36894151696407,1.0099956708084492,0.20201938912475642,91.93428064128611,0.10312476754188538,0.2019042670726776,163.57302183233742,GOOD_FORM,pushup_good_03.mp4,54
72.32490633993547,172.78360303154923,1.0150953983992006,0.20058096339019438,92.93149729824934,0.1020740270614624,0.20031845569610596,165.23884476462192,GOOD_FORM,pushup_good_03.mp4,57
66.54091822801479,172.81431920892754,1.0108796571650105,0.20019412094809513,92.13167500607643,0.10072430968284607,0.2000555694103241,162.2568185869711,GOOD_FORM,pushup_good_03.mp4,60
66.93000273538688,173.20498312858876,1.0122142876620779,0.20005582902499658,92.39385585766767,0.09855744242668152,0.19988122582435608,160.8382742057966,GOOD_FORM,pushup_good_03.mp4,63
66.67033703548029,173.06986531762325,1.0104299127083225,0.20015204151430616,92.04482914053209,0.09615316987037659,0.2000245749950409,159.6083367772733,GOOD_FORM,pushup_good_03.mp4,66
64.63654163288848,172.9789126709387,1.0070012720462642,0.20031276902837195,91.37982478693701,0.09388765692710876,0.2002546787261963,157.7924747833037,GOOD_FORM,pushup_good_03.mp4,69
64.26969827033975,173.8217413682525,1.008726015102775,0.20045124630855762,91.72055535478076,0.09315544366836548,0.20036086440086365,158.2644236472219,GOOD_FORM,pushup_good_03.mp4,72
64.28121386723483,175.15727725287252,1.011700527102183,0.20049934699258007,92.30537126056414,0.09288835525512695,0.20033705234527588,158.22011872520656,GOOD_FORM,pushup_good_03.mp4,75
64.24287097194099,176.43651022790752,1.0142315796379242,0.1998093914337677,92.81893200196734,0.09307202696800232,0.19956758618354797,159.19274160336437,GOOD_FORM,pushup_good_03.mp4,78
64.99900558300224,177.90457068845586,1.01982807484771,0.2003806780707141,93.90365122756833,0.09236377477645874,0.19991573691368103,158.7923319104605,GOOD_FORM,pushup_good_03.mp4,81
64.80988448781311,178.49605418353215,1.0215802646199874,0.2005059509250168,94.2456393782422,0.09132066369056702,0.19995567202568054,158.1552889085552,GOOD_FORM,pushup_good_03.mp4,84
65.85889086064681,179.00910542414823,1.0237521082638736,0.20007409915836033,94.67651014433143,0.09132993221282959,0.19940796494483948,156.9683745817062,GOOD_FORM,pushup_good_03.mp4,87
67.32868492864927,179.44082924915713,1.0250099501774972,0.19952706094139858,94.93717024662476,0.09174254536628723,0.1987866759300232,154.43495139102166,GOOD_FORM,pushup_good_03.mp4,90
69.7975783221664,179.61116211452682,1.028278744259517,0.19933909121537136,95.56594897437279,0.09172722697257996,0.198399156332016,154.34960559237007,GOOD_FORM,pushup_good_03.mp4,93
75.3982803286931,179.58576390347534,1.0331603527386972,0.2005581335010623,96.43606538068352,0.09659138321876526,0.19929400086402893,153.13156297829147,GOOD_FORM,pushup_good_03.mp4,96
84.67437760055266,178.37859653873522,1.0548997202501131,0.20501775247246995,100.09559149519603,0.0988163948059082,0.20184308290481567,154.16580999885025,GOOD_FORM,pushup_good_03.mp4,99
92.63702907915335,175.434700344502,1.0465955771548323,0.20459292632746132,98.41539693218203,0.09817317128181458,0.20238986611366272,150.36329147412152,GOOD_FORM,pushup_good_03.mp4,102
100.78417425594219,174.63762807921316,1.057559090573383,0.2036759758698042,100.18029402155307,0.09917819499969482,0.20046907663345337,152.69480322137372,GOOD_FORM,pushup_good_03.mp4,105
124.00838027725396,172.94157103001137,1.0650576585493619,0.2036897354110251,101.18980201475817,0.09094765782356262,0.19981715083122253,157.46216562507846,GOOD_FORM,pushup_good_03.mp4,108
130.66421419710187,174.62145607488273,1.0902763320235436,0.20717888739416554,104.80954878518034,0.0828494131565094,0.20029589533805847,156.92720774185833,GOOD_FORM,pushup_good_03.mp4,111
137.68458173238332,177.60946497375986,1.1392126508993219,0.21754907841695575,110.58694443350834,0.07743579149246216,0.20365500450134277,157.95672481554783,GOOD_FORM,pushup_good_03.mp4,114
148.29474325090158,178.32922528442518,1.1602569203088855,0.218946923862607,112.97765332194798,0.06439393758773804,0.20157340168952942,156.87151117573015,GOOD_FORM,pushup_good_03.mp4,117
151.44528775718229,177.4440202927762,1.1708444176178894,0.220934617312347,113.85276786715671,0.0582234263420105,0.20206227898597717,156.0828143683944,GOOD_FORM,pushup_good_03.mp4,120
155.7036042731331,177.5860851401749,1.1862781966712357,0.21950769687473512,115.73176824206305,0.04907342791557312,0.1977384388446808,157.77118907032735,GOOD_FORM,pushup_good_03.mp4,123
159.92754484580905,174.58415309253255,1.1910897963603815,0.21903186859919213,115.72593444225622,0.04220744967460632,0.19731947779655457,161.63137455118758,GOOD_FORM,pushup_good_03.mp4,126
162.3206726363853,172.61802306918025,1.1872713759459812,0.2141786823189327,115.35865155643533,0.03790229558944702,0.19353938102722168,166.29935168444624,GOOD_FORM,pushup_good_03.mp4,129
167.90209386307046,166.61778498432858,1.1778927813329318,0.20907883690591628,113.93992120693652,0.030176162719726562,0.19109028577804565,167.2116839228766,GOOD_FORM,pushup_good_03.mp4,132
168.71419046400675,165.17573586670028,1.1831490661549084,0.20554476188617804,114.53692647454012,0.026670843362808228,0.18698090314865112,172.33661612701,GOOD_FORM,pushup_good_03.mp4,135
173.24843452381523,161.35706168075149,1.1759730407604883,0.20283888383506113,113.60266111760906,0.02459418773651123,0.18586847186088562,174.43920638351878,GOOD_FORM,pushup_good_03.mp4,138
172.20356390219212,160.84427960955898,1.1867495888627657,0.2009666528738754,114.71659694646044,0.02512061595916748,0.18255358934402466,179.19644608770597,GOOD_FORM,pushup_good_03.mp4,141
171.75099761598042,157.34599966926382,1.1730887794693512,0.197235077455861,113.1550669204973,0.02204298973083496,0.1813449263572693,179.34985520881511,GOOD_FORM,pushup_good_03.mp4,144
171.65971593168996,154.53340794510936,1.1660799588728525,0.19881116218677025,111.95251140704367,0.020774424076080322,0.18439465761184692,179.17976519857976,GOOD_FORM,pushup_good_03.mp4,147
169.52301984218212,151.10366065494722,1.1442301495656289,0.19685699755448471,109.30934797632042,0.023641854524612427,0.1857820451259613,178.8190277885463,GOOD_FORM,pushup_good_03.mp4,150
169.11517344245158,144.6090686373848,1.1107670055181662,0.19172943863604824,105.0720259674886,0.02347731590270996,0.1851331889629364,178.77448155774854,GOOD_FORM,pushup_good_03.mp4,153
169.84823758361736,142.55054524379403,1.095836565515026,0.18956298155214976,103.29120241453931,0.02222505211830139,0.1844848394393921,176.09905851774053,GOOD_FORM,pushup_good_03.mp4,156
170.1243817451432,142.55839384932833,1.0921867289680804,0.18808820147591387,102.96366783946176,0.02161562442779541,0.18329378962516785,176.74117655185083,GOOD_FORM,pushup_good_03.mp4,159
170.9670973274464,141.42591108319994,1.0822046264975909,0.18629859494641737,101.69729943789238,0.020304888486862183,0.18242919445037842,176.17355262256757,GOOD_FORM,pushup_good_03.mp4,162
172.57368771078873,140.85134805188724,1.0786321720406564,0.18601113333683536,101.22717111011907,0.02057012915611267,0.1824510395526886,176.18706489620544,GOOD_FORM,pushup_good_03.mp4,165
172.6602820806709,140.36411530799867,1.076011914963135,0.1860995739670341,100.85673869285465,0.020664572715759277,0.18276825547218323,174.89347287305912,GOOD_FORM,pushup_good_03.mp4,168
171.2521539512871,140.29849459042677,1.074156047408471,0.18491866130042936,100.66987435539397,0.019953101873397827,0.18172112107276917,175.68822048323435,GOOD_FORM,pushup_good_03.mp4,171
170.24919179621742,140.26686698291277,1.0723275659026619,0.1848932383722099,100.44558620780197,0.02012506127357483,0.18182876706123352,175.6780116008588,GOOD_FORM,pushup_good_03.mp4,174
170.03168931359772,138.92985054346843,1.0654329551920227,0.1844571890735483,99.46396394623117,0.01934814453125,0.1819463074207306,175.16434026434538,GOOD_FORM,pushup_good_03.mp4,177
169.48563777868998,138.96256980181093,1.0655651612302046,0.18494813559735046,99.46195465204454,0.01998850703239441,0.1824316382408142,174.46346493971157,GOOD_FORM,pushup_good_03.mp4,180
169.0846686977816,139.17228985618792,1.0656578174839115,0.18462364490113076,99.49738713585008,0.020363718271255493,0.18209275603294373,174.76469735143485,GOOD_FORM,pushup_good_03.mp4,183
168.897148324202,138.7100115210765,1.0660521615559821,0.18444955428868642,99.56723182436448,0.020484179258346558,0.1818838119506836,174.45355413717274,GOOD_FORM,pushup_good_03.mp4,186
168.39187302923685,137.78622110903075,1.0608198116131888,0.18484674634188816,98.7845316556784,0.020815163850784302,0.1826781928539276,171.62003327323004,GOOD_FORM,pushup_good_03.mp4,189
169.83491030954812,137.40137433255447,1.0601641732045846,0.18591631175271642,98.64755107569745,0.021495699882507324,0.18380257487297058,173.2513518051975,GOOD_FORM,pushup_good_03.mp4,192
169.63392274960245,136.69743054698947,1.0588324394587143,0.18578908417732434,98.45125128835927,0.021611660718917847,0.18377143144607544,170.98813386087556,GOOD_FORM,pushup_good_03.mp4,195
170.03051159182752,137.04045146529725,1.0593394312740105,0.18375992059153193,98.6211909846957,0.020938247442245483,0.18168339133262634,171.26753047734127,GOOD_FORM,pushup_good_03.mp4,198
169.4088954275389,137.07312876532194,1.059398326161838,0.1835031948009522,98.6429528141781,0.020596474409103394,0.18141910433769226,170.8624437318911,GOOD_FORM,pushup_good_03.mp4,201
169.38162125906067,136.9984823960835,1.0593385626607135,0.1832061893436428,98.6512168410639,0.019329845905303955,0.18112149834632874,170.35943658601892,GOOD_FORM,pushup_good_03.mp4,204
168.7704154486031,138.08360791675648,1.0628294226971513,0.1841286955065663,99.12632118948197,0.020735323429107666,0.1817975640296936,169.62966561266273,GOOD_FORM,pushup_good_03.mp4,207
168.65497401325416,138.39042488193033,1.0621167854135147,0.18382046188175252,99.06152103418005,0.02051904797554016,0.1815260946750641,169.96808988960166,GOOD_FORM,pushup_good_03.mp4,210
168.7266789708023,138.88310825830382,1.0635819205310888,0.1845154356041513,99.24034235565985,0.020477503538131714,0.18212080001831055,169.34163862803885,GOOD_FORM,pushup_good_03.mp4,213
166.5449452728961,140.1342610236017,1.0691018258304241,0.1864351070011925,99.97276818450565,0.024152815341949463,0.18361780047416687,169.4248050951324,GOOD_FORM,pushup_good_03.mp4,216
163.43930379004527,143.08319859245483,1.0742961417325356,0.18939502321349905,100.7284753150905,0.03009098768234253,0.18608412146568298,170.32389487847814,GOOD_FORM,pushup_good_03.mp4,219
159.8556570285932,145.31435134544637,1.0725506941369796,0.19251511991699846,100.54236710120308,0.035462409257888794,0.18926510214805603,166.35087738651026,GOOD_FORM,pushup_good_03.mp4,222
154.7790229556944,150.21363916773385,1.0847185400942765,0.1998356843061036,102.12728321723267,0.04378637671470642,0.19537556171417236,165.58741620662585,GOOD_FORM,pushup_good_03.mp4,225
143.8630695832596,150.91623918517257,1.0705890543500138,0.20290260877108324,100.22474359674472,0.0589105486869812,0.19968000054359436,166.32709242456187,GOOD_FORM,pushup_good_03.mp4,228
138.33858660598716,156.54705632355257,1.0838639401075063,0.20419763858625703,102.34507684475678,0.06645679473876953,0.19947564601898193,167.3139364446297,GOOD_FORM,pushup_good_03.mp4,231
128.64532272895613,163.82057945166753,1.088060001243672,0.20630513297038747,103.38908107373355,0.07823660969734192,0.20069721341133118,164.54874807649526,GOOD_FORM,pushup_good_03.mp4,234
128.8431257465092,169.84310171565605,1.095656841598934,0.20812445663683907,104.9437542219581,0.08609801530838013,0.20108488202095032,166.4732278428644,GOOD_FORM,pushup_good_03.mp4,237
118.86653380092834,167.72524834843722,1.0673017077783409,0.2055884748375444,101.05011143097352,0.0933799147605896,0.20177647471427917,161.88216684975163,GOOD_FORM,pushup_good_03.mp4,240
111.58770259337206,166.39799404969293,1.0406257473783538,0.20059996839365782,97.123372373696,0.09521481394767761,0.19905146956443787,160.2774484002561,GOOD_FORM,pushup_good_03.mp4,243
101.42988068727252,163.8351020374266,1.0199426061568335,0.20149025367939907,93.59549193859942,0.0966193675994873,0.2010936141014099,158.05288669557453,GOOD_FORM,pushup_good_03.mp4,246
90.06001214146386,161.6229817855088,1.0022232955878627,0.20213212913017053,90.41013491107674,0.09879052639007568,0.20212695002555847,158.1163691032516,GOOD_FORM,pushup_good_03.mp4,249
88.11493787705507,159.52752844053816,0.9875461337706596,0.20245950735798426,87.65558032257034,0.10076174139976501,0.20229002833366394,160.85467664750612,GOOD_FORM,pushup_good_03.mp4,252
83.76633202397234,158.96559284768037,0.9822062630932237,0.20432868822432795,86.63613180754217,0.10524216294288635,0.2039766013622284,165.8082092228752,GOOD_FORM,pushup_good_03.mp4,255
76.24384331172685,160.68721924528305,0.9807774640739172,0.20575089736840585,86.33633465460034,0.10643142461776733,0.20533037185668945,169.81719821567256,GOOD_FORM,pushup_good_03.mp4,258
68.94679195549726,162.23043597345722,0.9819203326165429,0.20617907893695483,86.53096222737504,0.10289788246154785,0.20580124855041504,173.19314952819235,GOOD_FORM,pushup_good_03.mp4,261
67.82061252721962,164.23938289079766,0.987244746474286,0.2068855540268071,87.5563659942256,0.10142132639884949,0.20669740438461304,173.58723873113988,GOOD_FORM,pushup_good_03.mp4,264
65.62971978934547,165.00971993528339,0.9852533759499814,0.2070371627546223,87.15298737450607,0.09940218925476074,0.20678159594535828,171.05429274778714,GOOD_FORM,pushup_good_03.mp4,267
67.64706872185926,166.08126880559996,0.9913991655440471,0.20624918917544446,88.34551401403776,0.09558674693107605,0.2061631977558136,167.75265136034233,GOOD_FORM,pushup_good_03.mp4,270
66.4111679433722,167.6537767243692,0.9943213652926103,0.20591946543936243,88.90422446626492,0.0942356288433075,0.20588180422782898,165.94042667497138,GOOD_FORM,pushup_good_03.mp4,273
61.67383554260318,168.02298729433963,0.9977205904273958,0.20551928276866294,89.56169630735711,0.0909961462020874,0.20551326870918274,166.40955232189077,GOOD_FORM,pushup_good_03.mp4,276
58.985170844900246,169.67085026218186,0.9994976473797985,0.20599907193706748,89.90327083083262,0.09179824590682983,0.20599877834320068,168.22652344999918,GOOD_FORM,pushup_good_03.mp4,279
60.47245584599166,171.50438241963445,1.0055662060268344,0.2058092875580097,91.0706389278001,0.0916302502155304,0.20577335357666016,170.2138405903237,GOOD_FORM,pushup_good_03.mp4,282
59.427177684557996,172.22081114174833,1.0064850897767323,0.20549823364463407,91.2520680327636,0.09148004651069641,0.2054491639137268,171.5398223987852,GOOD_FORM,pushup_good_03.mp4,285
56.91180247975355,172.42268674893145,1.0069468354395514,0.20440154148233255,91.34847605958454,0.09066927433013916,0.20434492826461792,170.01054678879328,GOOD_FORM,pushup_good_03.mp4,288
56.059620361561414,173.2766425889774,1.0101548020146482,0.20418609379402833,91.97233495697046,0.09047505259513855,0.20406511425971985,169.5578309970521,GOOD_FORM,pushup_good_03.mp4,291
55.38843900088553,174.12799456203635,1.012722566556851,0.20412217449549547,92.47263183512518,0.09185996651649475,0.20393210649490356,171.38316112321186,GOOD_FORM,pushup_good_03.mp4,294
59.836004557113995,173.43221864267142,1.010226155815251,0.20426527403409714,91.98956957675364,0.09156551957130432,0.20414212346076965,171.05151762508325,GOOD_FORM,pushup_good_03.mp4,297
61.55609742677054,174.07635153726252,1.0132138626736729,0.20570339941972823,92.55042521634621,0.08977013826370239,0.20549961924552917,171.76872057394326,GOOD_FORM,pushup_good_03.mp4,300
66.10878102038379,173.67522797479958,1.012073361539687,0.20568059575974057,92.32942094572606,0.09134510159492493,0.20551061630249023,171.33922927264146,GOOD_FORM,pushup_good_03.mp4,303
75.01704263837148,171.5399171846192,1.0091361756181758,0.20747247438397196,91.73504932115881,0.09504017233848572,0.2073773443698883,167.07866917544715,GOOD_FORM,pushup_good_03.mp4,306
84.16077380816925,167.7086484436727,1.006121689249238,0.2073215167121667,91.14068850394342,0.10160878300666809,0.20728042721748352,161.4262550913021,GOOD_FORM,pushup_good_03.mp4,309
82.34778603600665,164.71097454056547,1.0070653165980232,0.20681928738493935,91.28915744677327,0.10187181830406189,0.20676693320274353,163.88486550965834,GOOD_FORM,pushup_good_03.mp4,312
96.71210958817302,169.67607011774842,1.0386010754293176,0.20739511062731195,96.7349022843455,0.10219988226890564,0.20596382021903992,164.34858463156965,GOOD_FORM,pushup_good_03.mp4,315
122.01367904443163,171.62219578989422,1.059279995497913,0.20390240907083104,100.17987807945123,0.09442993998527527,0.20069220662117004,161.84689765740129,GOOD_FORM,pushup_good_03.mp4,318
129.236821595407,173.15867457999695,1.0889499041013013,0.2090377467768718,104.25998719075295,0.08851084113121033,0.2025962471961975,161.45204666704532,GOOD_FORM,pushup_good_03.mp4,321
141.1210058197247,178.37376278126004,1.1507224943839665,0.22132350394969522,111.6123971493448,0.07319265604019165,0.20576229691505432,159.5754309335878,GOOD_FORM,pushup_good_03.mp4,324
146.76660174340088,179.6658503307457,1.1809240135079802,0.22802149025340246,114.510091674974,0.06772205233573914,0.20747217535972595,157.22326078621606,GOOD_FORM,pushup_good_03.mp4,327
151.00822232862717,178.1019149137268,1.1802896053861522,0.228088593102244,114.15437906326447,0.060339510440826416,0.20811673998832703,156.47818272180567,GOOD_FORM,pushup_good_03.mp4,330
156.22187628210023,177.4862491393796,1.183839721277811,0.22682191077404396,114.595719728894,0.05342826247215271,0.20623981952667236,157.49995056017812,GOOD_FORM,pushup_good_03.mp4,333
160.26680234863804,176.7300411770744,1.1946982080329238,0.22023499293790996,116.20802206634028,0.04269874095916748,0.1975919008255005,158.1259582153685,GOOD_FORM,pushup_good_03.mp4,336
162.88229893442022,176.1969411589484,1.2049337875788217,0.21776198491399373,117.3786478006725,0.036795973777770996,0.1933673918247223,161.39979295502616,GOOD_FORM,pushup_good_03.mp4,339
164.4081832006116,173.01316596574256,1.2051770208332553,0.2150650101619774,117.07627987432875,0.034077078104019165,0.19149184226989746,164.1694283859011,GOOD_FORM,pushup_good_03.mp4,342
166.09263804861916,171.82157868015776,1.214985723404034,0.2144706632364822,117.89634764980681,0.03268790245056152,0.18954572081565857,168.64620808165898,GOOD_FORM,pushup_good_03.mp4,345
169.4613937522297,171.0715199647791,1.2218186635446993,0.21342401479504217,118.33470468221559,0.030324846506118774,0.18785113096237183,168.90601585358368,GOOD_FORM,pushup_good_03.mp4,348
171.9609986268957,171.4900822236467,1.2406139893638963,0.21385897681779875,120.0464018008162,0.02608942985534668,0.18511775135993958,169.48664623243297,GOOD_FORM,pushup_good_03.mp4,351
172.1142022168613,170.43296784094414,1.2280209925424155,0.2121495122302281,118.95628697550096,0.025117307901382446,0.18562588095664978,170.32993057351794,GOOD_FORM,pushup_good_03.mp4,354
172.26343622195247,169.6053795438379,1.2268020110944287,0.2095844902500629,118.92085662892768,0.02332720160484314,0.18344423174858093,172.50622319338515,GOOD_FORM,pushup_good_03.mp4,357
171.32835749764766,170.14573632449014,1.2296375957249301,0.2100302068761705,119.18382002492574,0.024413764476776123,0.18336620926856995,174.63482245224841,GOOD_FORM,pushup_good_03.mp4,360
170.8078251948055,170.05007485643438,1.235831981715315,0.21138712691268896,119.58826730069586,0.024450361728668213,0.18381860852241516,175.36526349603662,GOOD_FORM,pushup_good_03.mp4,363
170.53436795973226,168.9772021470375,1.2255067570964764,0.2084846596427961,118.73977265605308,0.02388814091682434,0.1827993392944336,173.98377172484552,GOOD_FORM,pushup_good_03.mp4,366
170.17499415227505,169.85972194950097,1.2295567437055335,0.20977914773617687,119.17422475934214,0.024969279766082764,0.18316414952278137,173.97934106216812,GOOD_FORM,pushup_good_03.mp4,369
169.67788385934864,169.21908786065114,1.224427676766161,0.20893248399352526,118.82297988942763,0.02560955286026001,0.183045893907547,175.15013053367198,GOOD_FORM,pushup_good_03.mp4,372
169.25667013759616,168.61401998822512,1.2190966616296244,0.2081616264338269,118.3246309106626,0.026396721601486206,0.18323659896850586,175.27477625154313,GOOD_FORM,pushup_good_03.mp4,375
169.12888432139326,167.44319959092033,1.2119301650484624,0.20683129852461193,117.56527398770554,0.02677437663078308,0.18335026502609253,175.05413711519483,GOOD_FORM,pushup_good_03.mp4,378
169.07580501713906,165.65071720729838,1.202998348122758,0.20484028279868183,116.60261506995712,0.026704907417297363,0.18315237760543823,175.32419426468203,GOOD_FORM,pushup_good_03.mp4,381
168.82610768684242,165.07750744450658,1.1997380645948361,0.204165052234585,116.26941542481012,0.027011960744857788,0.18307727575302124,175.29720851490535,GOOD_FORM,pushup_good_03.mp4,384
168.46532432038452,164.648655866377,1.1977304670666187,0.20385752141226518,116.05281759850571,0.02766662836074829,0.1831413209438324,175.9171829304984,GOOD_FORM,pushup_good_03.mp4,387
168.084921419748,164.60991633285303,1.1979786097698335,0.20436074302408422,116.04441967004821,0.02843993902206421,0.1836065649986267,176.03582356028005,GOOD_FORM,pushup_good_03.mp4,390
167.9362233240647,164.98486760597032,1.197417119675403,0.20376553886306725,116.084110723248,0.02862909436225891,0.1830097734928131,175.30165292987564,GOOD_FORM,pushup_good_03.mp4,393
167.748882252873,165.33421823728088,1.1985285653084665,0.20318778645758992,116.30465012338797,0.02870076894760132,0.1821455955505371,173.65120184031048,GOOD_FORM,pushup_good_03.mp4,396
167.48941001929322,166.67974443764604,1.2070998711184033,0.20492510664748761,117.2906614440878,0.02880975604057312,0.1821129322052002,171.62067935846264,GOOD_FORM,pushup_good_03.mp4,399
167.26217358386782,167.62208858700706,1.213333572300831,0.20653821941887238,117.96082794584869,0.02899104356765747,0.18242618441581726,170.70064262730054,GOOD_FORM,pushup_good_03.mp4,402
166.85970325451646,167.5361174320715,1.212981461673848,0.20666537596157414,117.90212496005887,0.02939268946647644,0.18263769149780273,170.97755533325846,GOOD_FORM,pushup_good_03.mp4,405
166.15501393777797,167.82107446081724,1.2151285320528333,0.2079643429441786,118.02346379520688,0.03071114420890808,0.18357911705970764,171.50512060930637,GOOD_FORM,pushup_good_03.mp4,408
164.41855353485863,167.7198509001035,1.2056441904967476,0.20737545737987564,117.1058372270069,0.03311309218406677,0.18459632992744446,172.11886381305865,GOOD_FORM,pushup_good_03.mp4,411
161.58787353738813,166.6451203444772,1.1816762231512423,0.20599773359614387,114.68066290931854,0.03730696439743042,0.18717774748802185,173.0566700258068,GOOD_FORM,pushup_good_03.mp4,414
159.0629475325885,167.08364314959957,1.1712948241833827,0.20390013633594617,113.79287277692949,0.04043784737586975,0.18656885623931885,172.12042283604407,GOOD_FORM,pushup_good_03.mp4,417
155.7396352304734,170.06049049234636,1.1639379740497555,0.2037390444378792,113.55681626874515,0.04309290647506714,0.18675854802131653,167.89293672038104,GOOD_FORM,pushup_good_03.mp4,420
151.43287034240467,172.23194249633312,1.1580656457112046,0.20325017297373027,113.42221154860329,0.04796326160430908,0.18650075793266296,163.91794417893524,GOOD_FORM,pushup_good_03.mp4,423
145.48765251804352,173.7288975262553,1.1508279535959678,0.20716779697986426,112.50796526337216,0.05404186248779297,0.19138547778129578,161.55883520234548,GOOD_FORM,pushup_good_03.mp4,426
137.85255570277656,175.7448530789125,1.1499522369325197,0.21345167552278665,112.01239253334352,0.06475964188575745,0.19789013266563416,161.04935736301857,GOOD_FORM,pushup_good_03.mp4,429
132.24702987692686,177.26287913818086,1.146412797434223,0.21505148137035374,111.75009418020574,0.07120567560195923,0.19974026083946228,159.83013787521088,GOOD_FORM,pushup_good_03.mp4,432
124.33268342432223,176.11318504262206,1.1162830291545416,0.21037088103349516,108.23400730087852,0.08532890677452087,0.19980639219284058,161.50536425540497,GOOD_FORM,pushup_good_03.mp4,435
111.06277125529407,174.98713680117044,1.0854587495997938,0.20827256964445198,104.04905668642563,0.0931825041770935,0.20204216241836548,160.7461086205001,GOOD_FORM,pushup_good_03.mp4,438
100.80208092702756,170.6444263679218,1.0462591023699337,0.20657859669725828,98.01286419205813,0.10013055801391602,0.2045615315437317,156.6666053516882,GOOD_FORM,pushup_good_03.mp4,441
92.83344500319846,166.1877533286856,1.0181717953966365,0.20446636795128828,93.30686010876556,0.10091468691825867,0.20412588119506836,153.0942122919886,GOOD_FORM,pushup_good_03.mp4,444
89.08879876445346,163.9979406666375,1.0023584642531569,0.20456934592235007,90.43758446980331,0.09937319159507751,0.20456337928771973,152.38867104448815,GOOD_FORM,pushup_good_03.mp4,447
83.08385574827481,163.15591903065246,0.9967143221257793,0.20610090192371883,89.3863310473261,0.10269024968147278,0.2060890793800354,159.51375608052595,GOOD_FORM,pushup_good_03.mp4,450
77.82314150228568,163.86635617569024,0.9927971612459949,0.2043240021534436,88.62621931910036,0.101297527551651,0.2042652666568756,164.84786282047205,GOOD_FORM,pushup_good_03.mp4,453
74.55523838535161,165.00400963502352,0.9936605912436038,0.20428807054463932,88.78545784511968,0.10155779123306274,0.20424216985702515,167.3192328568482,GOOD_FORM,pushup_good_03.mp4,456
69.36233677172463,166.34844345929778,0.9954623903488403,0.2040267381960178,89.12503905210586,0.09658685326576233,0.20400294661521912,163.23060508703028,GOOD_FORM,pushup_good_03.mp4,459
70.69897776964488,167.745061419375,0.9998476829022319,0.20291512911443504,89.97051500716977,0.09588837623596191,0.20291510224342346,160.5779770210433,GOOD_FORM,pushup_good_03.mp4,462
69.02987195353539,168.4082108095128,1.0003658854136142,0.20419073652093567,90.07047580951645,0.09636428952217102,0.20419058203697205,161.43761812655256,GOOD_FORM,pushup_good_03.mp4,465
72.0889175686711,168.73614586805277,1.0000356775350079,0.20427462606218647,90.00688754214907,0.0966520607471466,0.20427462458610535,163.33991818110235,GOOD_FORM,pushup_good_03.mp4,468
73.60894969592869,171.18687419550992,1.010915768910121,0.20440063865139602,92.08757080957984,0.09534433484077454,0.20426496863365173,164.64969927666635,GOOD_FORM,pushup_good_03.mp4,471
77.21403001974295,170.79387827768906,1.012791036847307,0.20427120776934252,92.43240799853037,0.09521600604057312,0.20408713817596436,163.83903675282673,GOOD_FORM,pushup_good_03.mp4,474
73.73460386397198,168.96907084076685,1.0090491661798746,0.20415846455097597,91.71484141908996,0.09581893682479858,0.20406702160835266,163.70934448478468,GOOD_FORM,pushup_good_03.mp4,477
78.54088517859458,167.9015398202342,1.0139320464595858,0.20463900866833357,92.58531448771136,0.09645324945449829,0.2044306993484497,161.56316705440014,GOOD_FORM,pushup_good_03.mp4,480
84.66211211899194,163.67311236057444,1.0078110046105881,0.20330390301691348,91.43343373304475,0.10298225283622742,0.2032402753829956,161.48998946263052,GOOD_FORM,pushup_good_03.mp4,483
97.45844950680964,165.6828909678613,1.0292568632468297,0.20165720088863645,95.19812004465537,0.09939578175544739,0.20082777738571167,163.29017052656914,GOOD_FORM,pushup_good_03.mp4,486
123.7378894119802,167.76644580014457,1.0487724977972461,0.20249707265199737,98.3705132160032,0.09214159846305847,0.20033973455429077,166.40056876703824,GOOD_FORM,pushup_good_03.mp4,489
132.22445469751548,170.94870532722723,1.0773106192569706,0.20449569606114343,102.66165339902459,0.08628702163696289,0.19952216744422913,163.2492694182799,GOOD_FORM,pushup_good_03.mp4,492
147.6137440494681,177.61068742140756,1.1530768848220172,0.21719419521576472,111.97439554840429,0.06445518136024475,0.20141378045082092,159.4876121472028,GOOD_FORM,pushup_good_03.mp4,495
148.67153195879254,178.0787817744919,1.169511492721423,0.22216747918858146,113.48360935350034,0.05963221192359924,0.20376452803611755,157.14821646597264,GOOD_FORM,pushup_good_03.mp4,498
152.86555687675602,179.65119256123518,1.1815172361711048,0.22145478628211265,115.11056679290311,0.05160927772521973,0.2005232274532318,158.53542509753976,GOOD_FORM,pushup_good_03.mp4,501
156.36453815793098,178.68049102341453,1.2125652624677519,0.22257023201108064,118.5118237258188,0.046341150999069214,0.19557401537895203,160.80732450588707,GOOD_FORM,pushup_good_03.mp4,504
161.96277431923002,177.34901643456266,1.2069872091534803,0.21772283208968402,117.78251070191853,0.036334455013275146,0.19262200593948364,163.5424530392461,GOOD_FORM,pushup_good_03.mp4,507
163.18286005935062,175.84097742071376,1.2099684208256183,0.2154150176107679,118.12602108308516,0.03278234601020813,0.18997475504875183,166.14126053156386,GOOD_FORM,pushup_good_03.mp4,510
166.41923924321975,170.70083058821945,1.2091325307505447,0.21066698333053024,117.63781941742634,0.028331667184829712,0.18662694096565247,167.72651752047,GOOD_FORM,pushup_good_03.mp4,513
168.2241888146803,172.26693071389874,1.2268202582616885,0.21152517709212298,119.52189755426444,0.026890277862548828,0.1840595304965973,170.22447801229146,GOOD_FORM,pushup_good_03.mp4,516
168.75611245651132,170.53786349809533,1.222599032044925,0.20837836281154573,118.89494501297139,0.02485319972038269,0.18243408203125,167.30917038676796,GOOD_FORM,pushup_good_03.mp4,519
169.2651849569264,169.72891338912427,1.2176590856961935,0.20699510879735264,118.4412247908049,0.024142205715179443,0.1820094883441925,169.02540072768934,GOOD_FORM,pushup_good_03.mp4,522
169.48769298493087,171.04466379936795,1.2232009581936325,0.20686820065338754,119.2211361620902,0.022473067045211792,0.18053984642028809,172.01224993710602,GOOD_FORM,pushup_good_03.mp4,525
170.22230359036573,172.01298681506665,1.2332198435960182,0.20698759135856337,120.24446948765149,0.02006232738494873,0.17881035804748535,171.53515740745155,GOOD_FORM,pushup_good_03.mp4,528
169.34330476402047,171.25106387227302,1.2241992450751802,0.20769034557334526,119.19782179731563,0.021467775106430054,0.1812986135482788,172.22269046757413,GOOD_FORM,pushup_good_03.mp4,531
168.71951166377522,170.5214770120263,1.221251172822464,0.20651774490338895,118.8765360219708,0.023003429174423218,0.18083715438842773,173.1998942572098,GOOD_FORM,pushup_good_03.mp4,534
167.99078123127254,170.47276223883176,1.2191642797011402,0.20613810600341553,118.84891639059066,0.024521678686141968,0.18055269122123718,174.18930204024227,GOOD_FORM,pushup_good_03.mp4,537
167.64483358281052,169.7213485617395,1.218765541763946,0.20643663295296544,118.8219205550932,0.0251467227935791,0.18086108565330505,174.0129762529404,GOOD_FORM,pushup_good_03.mp4,540
166.9172215253996,169.50128880243864,1.217081091175133,0.20662968640215354,118.65264521211287,0.02553686499595642,0.18132376670837402,173.47215699738334,GOOD_FORM,pushup_good_03.mp4,543
166.48444583117978,169.0895004615048,1.2178932459522316,0.2073412387841826,118.68227182211501,0.02597445249557495,0.18189674615859985,174.38518157361213,GOOD_FORM,pushup_good_03.mp4,546
166.0690045326972,169.52708368077853,1.2218395681755878,0.2082117538748465,119.04022462889168,0.026797443628311157,0.1820324957370758,174.18281693397745,GOOD_FORM,pushup_good_03.mp4,549
165.83025602648445,169.68478126945456,1.2235979311984002,0.20837150105786803,119.23520165604809,0.0270136296749115,0.1818268597126007,174.23925195091945,GOOD_FORM,pushup_good_03.mp4,552
165.885235058886,169.76456705388944,1.224887807720328,0.20814367207074091,119.43082699222575,0.026767760515213013,0.18127986788749695,171.6163936842742,GOOD_FORM,pushup_good_03.mp4,555
165.77557011346687,170.02713615528256,1.2284397633480084,0.20862159349644602,119.77903099933317,0.026990652084350586,0.18106970191001892,168.63953966215198,GOOD_FORM,pushup_good_03.mp4,558
165.34134557042782,170.87872551658327,1.2340370117872563,0.2090246536478329,120.43530805721929,0.02708268165588379,0.1802184283733368,169.52753703637293,GOOD_FORM,pushup_good_03.mp4,561
163.89274020103468,171.76317653463508,1.237189184349421,0.20935723254654617,120.85295064288346,0.028537273406982422,0.17972725629806519,168.91759977845334,GOOD_FORM,pushup_good_03.mp4,564
161.95770835710422,172.1059415748332,1.221400016125218,0.2069933847921551,119.71993542267043,0.030267953872680664,0.17976245284080505,167.74127848169533,GOOD_FORM,pushup_good_03.mp4,567
160.04096883350834,174.61204470527798,1.1990637842922158,0.2037902125481582,118.0448508249131,0.03133738040924072,0.17985862493515015,167.67812189689056,GOOD_FORM,pushup_good_03.mp4,570
157.75901201974492,175.85946354821255,1.1882205070999414,0.2037543726437471,117.25520789400525,0.03405773639678955,0.1811302900314331,165.96466369795758,GOOD_FORM,pushup_good_03.mp4,573
153.1425678145892,176.43629345077588,1.1726656149533803,0.2054711101832,115.56254257901618,0.040753692388534546,0.18535646796226501,163.99441233912688,GOOD_FORM,pushup_good_03.mp4,576
146.26345695853027,179.4978170379433,1.1814992324277191,0.2132106138900063,116.2684587924792,0.05097401142120361,0.1911902129650116,163.23262828446101,GOOD_FORM,pushup_good_03.mp4,579
139.68569222114283,179.64940479383404,1.1690196584910628,0.21709641177127004,114.450056445119,0.06027516722679138,0.19762584567070007,167.19438275882607,GOOD_FORM,pushup_good_03.mp4,582
132.12636590375703,179.22711453857232,1.1538366216392495,0.2168978194201012,112.86456365436229,0.06850090622901917,0.19985362887382507,166.56199883002577,GOOD_FORM,pushup_good_03.mp4,585
118.11763794685278,179.6449377785316,1.1253838752372098,0.21294121712463704,109.65973914803075,0.08159139752388,0.20052707195281982,166.64781876352188,GOOD_FORM,pushup_good_03.mp4,588
106.79805385098601,176.74617401396705,1.0873791353429458,0.21003618400640162,104.37371905686511,0.09366083145141602,0.20346081256866455,166.53487543042291,GOOD_FORM,pushup_good_03.mp4,591
94.35371469499285,171.53602437173373,1.0467679598197996,0.20844774838642058,98.05827518476794,0.10099977254867554,0.20638933777809143,166.01503183167935,GOOD_FORM,pushup_good_03.mp4,594
90.0883727674275,167.35578044261865,1.02477600809082,0.20486817436225224,94.46782550116934,0.1001577079296112,0.20424556732177734,155.07092951714787,GOOD_FORM,pushup_good_03.mp4,597
85.52564568784142,166.76486107809794,1.015914012751276,0.2035744154643386,92.94412116797916,0.10093539953231812,0.2033056914806366,153.76820893351544,GOOD_FORM,pushup_good_03.mp4,600
74.51245670129877,164.22272032554176,0.9924688806929439,0.20347663777740457,88.55680385810258,0.10590511560440063,0.20341208577156067,161.27640645451652,GOOD_FORM,pushup_good_03.mp4,603
73.36615593714316,167.2420629347648,1.0008345464590604,0.20395676965731796,90.15961491591675,0.10716676712036133,0.2039559781551361,166.4461032362836,GOOD_FORM,pushup_good_03.mp4,606
65.58394785560073,166.9328130170759,0.9962064586467275,0.20409088800354536,89.26872473570815,0.10673165321350098,0.20407426357269287,168.0472957860525,GOOD_FORM,pushup_good_03.mp4,609
64.43734915024868,169.1468055340461,1.004325762342138,0.20381565911388988,90.83233284341641,0.10481035709381104,0.20379415154457092,164.34370339628268,GOOD_FORM,pushup_good_03.mp4,612
64.26263811406217,169.24501158083228,1.0014678346583417,0.20485066574845898,90.28279660008776,0.1008160412311554,0.20484817028045654,164.82860633483088,GOOD_FORM,pushup_good_03.mp4,615
65.71277585346064,170.04295098129884,1.0035210152238925,0.20360906523728423,90.68235053102474,0.0973086953163147,0.2035946249961853,164.5996685889624,GOOD_FORM,pushup_good_03.mp4,618
66.32692242760362,171.66839052202116,1.0076376772592117,0.2026259606765845,91.4886721345371,0.0962444543838501,0.20255756378173828,167.20635386142723,GOOD_FORM,pushup_good_03.mp4,621
69.19982021268909,174.25737319320595,1.0183005100900597,0.20301173225826685,93.53542788210217,0.09604611992835999,0.2026253342628479,167.51046461841784,GOOD_FORM,pushup_good_03.mp4,624
66.81393606733965,173.96183666239153,1.0153387345812876,0.20329290210120232,92.97169973071004,0.09344261884689331,0.20301949977874756,166.97209626398916,GOOD_FORM,pushup_good_03.mp4,627
65.4327737984816,174.12671761316523,1.0137237939384465,0.20319563583328953,92.66868137639476,0.09321323037147522,0.20297524333000183,167.5718319778454,GOOD_FORM,pushup_good_03.mp4,630
61.384637559378646,175.3210974469407,1.015706162299229,0.20325883827743754,93.0542494977114,0.09176057577133179,0.20297008752822876,167.40518842654188,GOOD_FORM,pushup_good_03.mp4,633
62.53208879336583,176.41150768036707,1.017328374777073,0.20344184887169647,93.3661387731084,0.09202292561531067,0.2030908167362213,166.70258446548243,GOOD_FORM,pushup_good_03.mp4,636
63.11645041096403,177.1789906099946,1.0207430465024436,0.2041274084899011,94.00836881290374,0.0951494574546814,0.2036280333995819,166.6765591155976,GOOD_FORM,pushup_good_03.mp4,639
68.12936437189232,177.4858621535453,1.0228807030710183,0.20389604524531008,94.41515291935741,0.09546595811843872,0.2032909095287323,164.65416585677966,GOOD_FORM,pushup_good_03.mp4,642
78.99663216183919,176.4183355409815,1.0321591620046284,0.20343560016228593,96.07547249049942,0.0944274365901947,0.20229285955429077,159.8681543560414,GOOD_FORM,pushup_good_03.mp4,645
86.85314859096897,174.92000860150378,1.0406100521882669,0.20399184063726628,97.45737229396373,0.09438937902450562,0.20226624608039856,153.58122008152318,GOOD_FORM,pushup_good_03.mp4,648
99.0074546959456,176.3386996531686,1.0682838529950494,0.20733077923371931,101.83082490596175,0.0943036675453186,0.20292606949806213,157.22173088000045,GOOD_FORM,pushup_good_03.mp4,651
114.92983276398887,177.18320081807133,1.081949653422605,0.20655933348045522,103.96254153866799,0.08668363094329834,0.2004556655883789,157.74306561081605,GOOD_FORM,pushup_good_03.mp4,654
124.17405263301252,178.57065005814763,1.1301253521939019,0.2169773919154681,110.1580655644346,0.08415254950523376,0.20368528366088867,157.9034699790519,GOOD_FORM,pushup_good_03.mp4,657
137.87638722788233,173.72750513935156,1.1867845643394073,0.2278541685274418,116.31577377242574,0.0742972195148468,0.2042381763458252,156.40050268355358,GOOD_FORM,pushup_good_03.mp4,660
143.04853341925906,172.68404826548928,1.209595166048024,0.22806616643281388,118.8817030139851,0.06758567690849304,0.1996963620185852,154.99559717835035,GOOD_FORM,pushup_good_03.mp4,663
148.76687491170637,169.87545069990705,1.2369324742746288,0.22937073081621812,121.79513173069785,0.05548796057701111,0.1949475109577179,158.42560054040146,GOOD_FORM,pushup_good_03.mp4,666
151.42071178610217,169.0501049169825,1.2493936886395347,0.22831352892349935,123.41272537047394,0.05045962333679199,0.190575510263443,160.76808333310817,GOOD_FORM,pushup_good_03.mp4,669
154.86620007253458,168.9736807092207,1.2695805876099264,0.23297553510653513,124.89251859215918,0.04445502161979675,0.1910887360572815,163.29382253084026,GOOD_FORM,pushup_good_03.mp4,672
158.79538149386696,171.18824040049861,1.288480266209444,0.23438728396040187,126.11722918611854,0.03750184178352356,0.18933671712875366,163.97550796471953,GOOD_FORM,pushup_good_03.mp4,675
161.29572386215483,175.1594203329943,1.2917462106518178,0.23434639328812182,125.66302106079952,0.031591445207595825,0.1903928816318512,164.28943127763858,GOOD_FORM,pushup_good_03.mp4,678
165.43391455553896,179.57968298024815,1.281640783902633,0.22823829065333845,124.35823651052941,0.02567470073699951,0.18841257691383362,163.6541654117358,GOOD_FORM,pushup_good_03.mp4,681
169.92223707588641,178.41404734442418,1.2767287002987606,0.22214308521583911,124.21829605611666,0.02131977677345276,0.1836865246295929,161.9337799530043,GOOD_FORM,pushup_good_03.mp4,684
168.83401516844302,177.40621323519403,1.2739961952045504,0.22140893067939402,123.89311077231275,0.02308279275894165,0.18378323316574097,165.5074522672804,GOOD_FORM,pushup_good_03.mp4,687
169.25879869430904,176.7628684544661,1.2651698990025713,0.21873830328146127,123.32824901710221,0.02193501591682434,0.18276023864746094,166.3519111982671,GOOD_FORM,pushup_good_03.mp4,690
168.43363674636817,175.16530795568477,1.2522170359820197,0.21544051362204314,122.25942899610831,0.02228713035583496,0.18218174576759338,167.19695350242284,GOOD_FORM,pushup_good_03.mp4,693
166.97118126462155,176.31332613449126,1.2596054164215964,0.21525260274813965,123.05085701494112,0.02340880036354065,0.18041834235191345,166.20487610805043,GOOD_FORM,pushup_good_03.mp4,696
166.2573978148322,177.08494126717557,1.2578809128302664,0.21571872997869798,123.01150479566148,0.02467760443687439,0.1808898150920868,165.69737714750187,GOOD_FORM,pushup_good_03.mp4,699
165.6809219249925,177.57450153028825,1.2597636263188179,0.21707822481918215,123.16929050035388,0.02441638708114624,0.18170341849327087,166.11368626982247,GOOD_FORM,pushup_good_03.mp4,702
166.1757278174428,178.61362492100744,1.2645436302383295,0.21708466060498297,123.825477060183,0.02282765507698059,0.18033653497695923,166.61063193376333,GOOD_FORM,pushup_good_03.mp4,705
165.8726063428961,178.81399252794802,1.2643870140406093,0.21761250244532432,123.76687782516512,0.023107141256332397,0.18089884519577026,166.4299399212794,GOOD_FORM,pushup_good_03.mp4,708
165.74173074892406,178.54285419036754,1.2632122611422403,0.2172907248968351,123.71274266051016,0.023187190294265747,0.18074539303779602,167.11465099914793,GOOD_FORM,pushup_good_03.mp4,711
165.15877975188758,178.00767131637036,1.2550239059499604,0.21596563791247436,123.07205855009744,0.023495852947235107,0.1809723973274231,168.38905763252282,GOOD_FORM,pushup_good_03.mp4,714
164.58682913509242,177.9492268112083,1.2422059261035205,0.21413212498295028,122.12237176964308,0.023040056228637695,0.18134823441505432,168.9453288367544,GOOD_FORM,pushup_good_03.mp4,717
163.37003942261495,179.62206338566727,1.2341854261564984,0.21409740531525118,121.77398789559491,0.02396199107170105,0.18200775980949402,170.38506588401728,GOOD_FORM,pushup_good_03.mp4,720
159.17206249604283,178.93004273105421,1.2294291278319753,0.21470649833492586,121.58370751985224,0.030030161142349243,0.182900071144104,167.29701393837308,GOOD_FORM,pushup_good_03.mp4,723
154.50250003956506,178.57483137089704,1.2178728080979218,0.21670278838473717,120.31706093228607,0.03836908936500549,0.18706470727920532,169.04196032832124,GOOD_FORM,pushup_good_03.mp4,726
146.13917188881396,179.159326206316,1.1963454753196316,0.21383417178593928,118.31908383456825,0.05160591006278992,0.18823981285095215,165.7084588240774,GOOD_FORM,pushup_good_03.mp4,729
140.96427433599683,177.0058979969043,1.1925690592604965,0.21913811430527555,117.69423521250282,0.06043848395347595,0.19403129816055298,169.2966552223366,GOOD_FORM,pushup_good_03.mp4,732
134.73353904968917,176.64141839665334,1.1859141590539009,0.2191557540531234,117.22771856727994,0.06442955136299133,0.19486987590789795,173.73127511713398,GOOD_FORM,pushup_good_03.mp4,735
125.66809326610316,179.24264433280516,1.153598312380447,0.2134294869350892,113.78147209286247,0.07007846236228943,0.19530543684959412,171.908726297839,GOOD_FORM,pushup_good_03.mp4,738
109.99434920229855,178.6939601824542,1.120392858325068,0.21283277560191066,109.26877476564324,0.08528923988342285,0.20090892910957336,171.99095961557325,GOOD_FORM,pushup_good_03.mp4,741
100.19675403032196,174.75609447794173,1.0772867856786987,0.20877425097943184,103.10550202195017,0.09635981917381287,0.20333603024482727,168.49849899398507,GOOD_FORM,pushup_good_03.mp4,744
93.54696648770852,170.90713080491497,1.0364986519790516,0.20758740101660672,96.50718244267966,0.09998929500579834,0.2062499225139618,163.99268435619638,GOOD_FORM,pushup_good_03.mp4,747
83.20580809558176,170.6885315466708,1.0217644701329893,0.20673310493257532,94.00053862431578,0.09942996501922607,0.2062293291091919,162.11768038815708,GOOD_FORM,pushup_good_03.mp4,750
78.58557013078754,171.25809430591337,1.017600492609785,0.20467758375724152,93.30098730336601,0.10135117173194885,0.2043379545211792,164.9289077351511,GOOD_FORM,pushup_good_03.mp4,753
74.09873477025971,171.76601253717968,1.010593588911752,0.20518103732253046,92.01727463244681,0.10268744826316833,0.20505386590957642,161.45970791003296,GOOD_FORM,pushup_good_03.mp4,756
68.49261357070047,172.80483594453767,1.0082999773946373,0.206257899094994,91.59109483310078,0.10271182656288147,0.20617836713790894,163.85849695761289,GOOD_FORM,pushup_good_03.mp4,759
66.61404867435792,174.38781703922353,1.0120176059661634,0.2056393790497362,92.31366691407291,0.10088443756103516,0.2054717242717743,166.08955912587334,GOOD_FORM,pushup_good_03.mp4,762
63.961245005589255,174.45770556638325,1.0115329966691737,0.2053253914454999,92.23208473497007,0.09620887041091919,0.20516958832740784,164.19456635789652,GOOD_FORM,pushup_good_03.mp4,765
66.16546181250347,177.39869540509252,1.0228528712739366,0.20641070747843773,94.37420396580299,0.09439599514007568,0.20580941438674927,164.00535132615826,GOOD_FORM,pushup_good_03.mp4,768
67.5777575546659,177.48865045506693,1.022241016775726,0.2057617360244725,94.26799008521223,0.093777596950531,0.20519107580184937,164.3319996957897,GOOD_FORM,pushup_good_03.mp4,771
66.15682751490628,178.339674267163,1.0225459777495172,0.2062363733145714,94.32994971565846,0.08882012963294983,0.20564767718315125,159.18260672680847,GOOD_FORM,pushup_good_03.mp4,774
65.70651060945266,179.28651629558078,1.0278030238513334,0.2062867309687339,95.34739345535118,0.08667445182800293,0.2053888738155365,161.5231332676006,GOOD_FORM,pushup_good_03.mp4,777
66.79727998540764,179.22503234282465,1.028448053211351,0.2061766889091462,95.46496894566897,0.08755356073379517,0.2052394449710846,161.58240694762466,GOOD_FORM,pushup_good_03.mp4,780
68.21412100938461,177.83222798211358,1.0323373915364435,0.2058470392285335,96.2107260015558,0.0880092978477478,0.2046387493610382,160.2883678029344,GOOD_FORM,pushup_good_03.mp4,783
69.46969118567104,177.87802812979055,1.033361636210046,0.2065830354664029,96.36720573033875,0.08919000625610352,0.20530861616134644,161.26822872404418,GOOD_FORM,pushup_good_03.mp4,786
71.00271925033312,177.88249993588923,1.0349820920415282,0.20694387567610753,96.64792049628302,0.09081649780273438,0.20555230975151062,161.172808738767,GOOD_FORM,pushup_good_03.mp4,789
80.17902643938922,177.07770512430088,1.0453790241497352,0.20767579961967583,98.4774295642372,0.09733188152313232,0.20540651679039001,161.07802321676337,GOOD_FORM,pushup_good_03.mp4,792
90.06516816726803,177.3523047210121,1.0592311557642775,0.2072209045598562,100.80219075032727,0.101490318775177,0.2035486102104187,158.25401902613206,GOOD_FORM,pushup_good_03.mp4,795
98.28237090647184,178.72169038908189,1.0609188842710722,0.2060858207444704,100.92141531785946,0.09983783960342407,0.20235282182693481,151.2984769928182,GOOD_FORM,pushup_good_03.mp4,798
110.64208609256059,179.61729500945756,1.086854059153887,0.20858115422713863,104.85186538536655,0.09773537516593933,0.20161214470863342,149.07432578313959,GOOD_FORM,pushup_good_03.mp4,801
120.59386325652528,179.51292712395096,1.1021282004830313,0.2096036192083193,106.86676507522614,0.0875207781791687,0.20058602094650269,147.1838466820694,GOOD_FORM,pushup_good_03.mp4,804
137.20000664903256,175.6051223076802,1.1617499233014452,0.22078023429101656,113.99378023296262,0.07614094018936157,0.20170071721076965,147.20306817537093,GOOD_FORM,pushup_good_03.mp4,807
142.20325563842928,172.3599114356889,1.1921959615983264,0.22730597176139908,117.22593662801115,0.07035306096076965,0.20212024450302124,151.42532825478722,GOOD_FORM,pushup_good_03.mp4,810
148.35949000735565,172.38036088880108,1.2076274062453674,0.22776427561441315,118.86169408447815,0.058943748474121094,0.1994704306125641,153.5193332396693,GOOD_FORM,pushup_good_03.mp4,813
153.20984290338995,168.900175965417,1.2424538939634728,0.23514837667642097,122.17557621707479,0.05120232701301575,0.19903099536895752,158.0630982661442,GOOD_FORM,pushup_good_03.mp4,816
154.44029060848845,167.52589295409703,1.258954229979891,0.2363958910585223,123.94641480405882,0.046545058488845825,0.1961008608341217,159.9731743897097,GOOD_FORM,pushup_good_03.mp4,819
155.3931205866921,166.70556786672117,1.2658374203893497,0.235503134845321,124.93467707549976,0.04125306010246277,0.19306275248527527,160.54009562799052,GOOD_FORM,pushup_good_03.mp4,822
158.01848607669825,165.14355196840347,1.2889042598104368,0.2388804718127479,126.97874321285494,0.036070048809051514,0.19082722067832947,162.3564203872768,GOOD_FORM,pushup_good_03.mp4,825
160.7194199007024,166.5684568211659,1.308838249189349,0.24346689976292912,127.94361034095348,0.029162466526031494,0.19199717044830322,163.29605642387696,GOOD_FORM,pushup_good_03.mp4,828
164.1074930851665,168.0904724099671,1.3214928896487403,0.24299782057984037,128.79688197067904,0.022883623838424683,0.1893806755542755,161.80416176960182,GOOD_FORM,pushup_good_03.mp4,831
166.10968075140704,169.9427827387555,1.333564099429387,0.24222500461114221,129.42835415717724,0.019864588975906372,0.1870940625667572,161.99689394182897,GOOD_FORM,pushup_good_03.mp4,834
169.21005972636246,172.8567626047071,1.333921909395146,0.24044446237308356,129.11876356373932,0.01958981156349182,0.18654125928878784,164.27754032865786,GOOD_FORM,pushup_good_03.mp4,837
168.75073511005382,174.56803500996833,1.3164325629851983,0.23700648447091505,127.69631133408275,0.020493924617767334,0.18752971291542053,164.12030644887827,GOOD_FORM,pushup_good_03.mp4,840
168.56615165747738,176.72526377881331,1.3024607140353788,0.23242345349524224,126.57508050796301,0.02129220962524414,0.18664944171905518,161.21765923130258,GOOD_FORM,pushup_good_03.mp4,843
167.58489481367394,176.03013158379008,1.3016877953563957,0.23049370304573788,126.9224238192591,0.022686004638671875,0.18426358699798584,162.45137692837832,GOOD_FORM,pushup_good_03.mp4,846
167.89804167493253,177.02957215560193,1.2924074823152898,0.22606665511341847,126.34371990692192,0.021409302949905396,0.1820869743824005,159.61502229512456,GOOD_FORM,pushup_good_03.mp4,849
167.30093152515846,178.11234887664344,1.2882359811113375,0.22579047716485462,125.89721095686043,0.022577911615371704,0.18290188908576965,160.969260709694,GOOD_FORM,pushup_good_03.mp4,852
166.3387145471421,179.65105359579795,1.2820845002905956,0.22436655540450934,125.31486867974772,0.023739278316497803,0.18307623267173767,161.73848071641913,GOOD_FORM,pushup_good_03.mp4,855
166.02060657705272,178.7650001712627,1.2798678105111128,0.223162351151148,125.20719010547374,0.023785412311553955,0.182335764169693,163.4468690123801,GOOD_FORM,pushup_good_03.mp4,858
165.21380563133738,179.3127609113341,1.2795902004926334,0.222766949270565,125.37240654091983,0.024391651153564453,0.18164154887199402,165.52956578889396,GOOD_FORM,pushup_good_03.mp4,861
163.4952246366597,178.99014005316604,1.2700911095956897,0.22145802552000565,124.6062606789794,0.025238126516342163,0.18227249383926392,168.49188191104793,GOOD_FORM,pushup_good_03.mp4,864
161.75327809918684,177.14102762933385,1.2446084437613762,0.2163703119452471,122.51504013896924,0.02609771490097046,0.18245092034339905,167.74890809703726,GOOD_FORM,pushup_good_03.mp4,867
158.08481368682757,176.35295895001406,1.2206651569058136,0.21574900538403333,120.11883070470205,0.03088057041168213,0.18661707639694214,168.74390786159358,GOOD_FORM,pushup_good_03.mp4,870
152.98378638893197,177.15797574682028,1.196434396399479,0.21158111391871462,118.32499933254279,0.035392194986343384,0.18624603748321533,168.70471552350386,GOOD_FORM,pushup_good_03.mp4,873
147.76233282609624,179.61806115637293,1.1952630016894206,0.21572987684230654,118.20319090592815,0.04403814673423767,0.19011527299880981,169.18040680715,GOOD_FORM,pushup_good_03.mp4,876
140.44923825639881,177.81842552623218,1.1799266031278353,0.2163051425442665,116.70142834625184,0.05258399248123169,0.19323614239692688,171.36068229727795,GOOD_FORM,pushup_good_03.mp4,879
130.7982406475604,177.15324369326757,1.1606740177480674,0.21573069467987271,114.56081524083154,0.06340712308883667,0.1962096095085144,173.42039277197242,GOOD_FORM,pushup_good_03.mp4,882
118.00076472156773,178.10537857757257,1.1311874622552047,0.21454996301443344,110.87939428466454,0.07356685400009155,0.20045968890190125,171.47467439402917,GOOD_FORM,pushup_good_03.mp4,885
107.98186239211283,178.63992753108468,1.1042046376466796,0.21262739050019366,107.31406363165206,0.08690550923347473,0.20299184322357178,165.53187694561493,GOOD_FORM,pushup_good_03.mp4,888
99.14114916629592,178.11382259242615,1.0708001195700199,0.20784593754533515,102.4213070681241,0.0959000289440155,0.20298027992248535,167.94543288989394,GOOD_FORM,pushup_good_03.mp4,891
101.21293905490991,176.06698418799624,1.0467191889499654,0.20749596082759209,98.45426448749804,0.0998711884021759,0.20524099469184875,169.88168555715094,GOOD_FORM,pushup_good_03.mp4,894
98.86597362166641,174.40211108684926,1.0350739424220383,0.20609373586603633,96.4567520702978,0.10067808628082275,0.20478636026382446,167.51705875424793,GOOD_FORM,pushup_good_03.mp4,897
91.08709164104458,174.26206689292684,1.0305542153236469,0.20789464572216798,95.61788971840978,0.10095754265785217,0.20689600706100464,165.34442802409222,GOOD_FORM,pushup_good_03.mp4,900
85.50243139324712,174.291133867491,1.0246551549384024,0.2063308553256942,94.61068242362055,0.10215240716934204,0.20566308498382568,165.12048601864166,GOOD_FORM,pushup_good_03.mp4,903
85.884551056453,176.71938020822864,1.034642025331444,0.20627177230148597,96.44592421497295,0.10140547156333923,0.2049676477909088,165.67102860675118,GOOD_FORM,pushup_good_03.mp4,906
81.91154935795028,177.13082813306508,1.0301385640558913,0.20585419467923716,95.6785385388838,0.10236361622810364,0.2048439085483551,162.76663577938407,GOOD_FORM,pushup_good_03.mp4,909
79.40189513810613,177.168341503922,1.0288833281624852,0.20425532836609436,95.49812331305861,0.10141703486442566,0.20331552624702454,160.06082578692474,GOOD_FORM,pushup_good_03.mp4,912
80.38723693922852,177.4452762774656,1.0311581466780457,0.20380514964099045,95.92799686604648,0.0977407693862915,0.2027151882648468,159.9549598912864,GOOD_FORM,pushup_good_03.mp4,915
81.5446588169489,178.12978453812846,1.0346114323113689,0.20309829358843998,96.59362081960091,0.09743353724479675,0.20175477862358093,156.79260547379045,GOOD_FORM,pushup_good_03.mp4,918
86.44665660956744,179.45597084444555,1.0427596591144626,0.2039782267303989,98.05657710282286,0.09835109114646912,0.20196479558944702,158.2457682911637,GOOD_FORM,pushup_good_03.mp4,921
89.50043759654972,179.3748520356436,1.0527349763597726,0.20503228653417427,99.79237264159482,0.09796556830406189,0.2020447850227356,158.26263983907816,GOOD_FORM,pushup_good_03.mp4,924
99.6988621475887,176.42727992898253,1.0784894839518888,0.2080898687054015,104.00386079411581,0.09924584627151489,0.20190471410751343,156.93663314423657,GOOD_FORM,pushup_good_03.mp4,927
107.8834954218422,177.42965522401457,1.096153690549032,0.21048318633066287,106.41889313318083,0.0989064872264862,0.20189902186393738,152.50016551082328,GOOD_FORM,pushup_good_03.mp4,930
114.0318076415927,178.4779708551231,1.109901563565795,0.2118849263203538,108.1331713077821,0.09049761295318604,0.2013607919216156,148.57721101244005,GOOD_FORM,pushup_good_03.mp4,933
129.50528211315722,176.81501424415038,1.1413625687182614,0.21471887298375553,112.21657149520178,0.07103443145751953,0.19877687096595764,145.53528994847113,GOOD_FORM,pushup_good_03.mp4,936
140.38652409216456,172.2204018372892,1.2010313754670439,0.22701022469697918,118.61631399972065,0.057439953088760376,0.19927754998207092,145.26964698594125,GOOD_FORM,pushup_good_03.mp4,939
149.5160362365976,170.54986592787697,1.225362555410008,0.23209357464762115,120.8420548642252,0.0491202175617218,0.19926872849464417,151.24231164174415,GOOD_FORM,pushup_good_03.mp4,942
149.0061998469987,168.528840219033,1.2438279429571648,0.23435115675046875,122.83992398775021,0.050265878438949585,0.1968957483768463,154.2526904928238,GOOD_FORM,pushup_good_03.mp4,945
153.62715649805716,166.45241717336185,1.266813284785306,0.236354925606503,125.27336696519858,0.041635870933532715,0.19295752048492432,158.2887231324179,GOOD_FORM,pushup_good_03.mp4,948
157.9571765327291,165.41773522741184,1.2892696446750642,0.2421028144999931,126.86352595985007,0.035199105739593506,0.19369390606880188,163.9349351476832,GOOD_FORM,pushup_good_03.mp4,951
160.9383924986608,165.80610554076824,1.312474350815353,0.24534787825702817,128.36480780251603,0.029285162687301636,0.19236618280410767,162.78718416628274,GOOD_FORM,pushup_good_03.mp4,954
163.96073174110305,168.61366665412478,1.3168673089067005,0.23992732210167075,128.6457636271666,0.022361814975738525,0.1873835027217865,160.27506065049064,GOOD_FORM,pushup_good_03.mp4,957
165.76084281648772,173.33161276953834,1.3145952407577979,0.23547833615711464,128.20089854514336,0.01881229877471924,0.18504512310028076,160.20367640047914,GOOD_FORM,pushup_good_03.mp4,960
165.623200031546,178.71951018089396,1.292430985888147,0.22891076368096558,126.03276998835511,0.017913222312927246,0.18511143326759338,162.00949032205622,GOOD_FORM,pushup_good_03.mp4,963
166.07757426019322,176.31904086466525,1.2681167950067143,0.22181096862379035,123.6140980276856,0.016054660081863403,0.18471717834472656,156.34368471810458,GOOD_FORM,pushup_good_03.mp4,966
176.6244328266027,126.79462354408383,0.9923330881205384,0.18511357061201997,89.07603714330207,0.008161097764968872,0.18508949875831604,169.5879456034969,NECK_STRAIN,pushup_neck_01.mp4,3
173.20343305958437,127.22181448137013,0.987412420875003,0.18273915960688825,88.45696850278887,0.010433226823806763,0.1826728880405426,166.25875625185202,NECK_STRAIN,pushup_neck_01.mp4,6
173.3798760426173,125.62785566462635,0.9772702133968526,0.1815065801018889,87.16491228484185,0.008760958909988403,0.18128439784049988,165.94155736947098,NECK_STRAIN,pushup_neck_01.mp4,9
174.26311252920516,123.07765718021908,0.9586522490635931,0.17989495028494026,84.7591923839316,0.004730701446533203,0.17914283275604248,169.10122716440804,NECK_STRAIN,pushup_neck_01.mp4,12
174.53411255402474,121.94603522519675,0.9511216202093193,0.1768797537302186,83.66655037506399,0.0026986002922058105,0.17580008506774902,169.36224636837116,NECK_STRAIN,pushup_neck_01.mp4,15
173.97087310904098,118.66983290581571,0.9328807737622938,0.17527967146259185,81.16535710259957,0.0003495216369628906,0.173199862241745,168.46612380306806,NECK_STRAIN,pushup_neck_01.mp4,18
172.91474073393874,114.80513563445538,0.9143631413753907,0.17803432718568013,78.8806691587238,0.0005406737327575684,0.1746918261051178,173.0879328383961,NECK_STRAIN,pushup_neck_01.mp4,21
172.56230962152497,114.82622449650536,0.9149167568141575,0.174996585435591,78.76461825122801,0.0016949772834777832,0.17164239287376404,175.21798548402913,NECK_STRAIN,pushup_neck_01.mp4,24
172.98024501024705,111.89917427326154,0.9012055436023101,0.17544600297410534,76.90983454907644,0.0023611783981323242,0.17088648676872253,179.0069715597785,NECK_STRAIN,pushup_neck_01.mp4,27
172.7387332995547,102.76893556508983,0.8966027475630163,0.17554960653164595,76.2990973218716,0.002305746078491211,0.17055383324623108,141.71787673729645,NECK_STRAIN,pushup_neck_01.mp4,30
172.74639898695378,103.92318483644891,0.8953669663735077,0.17570776211727754,76.14873591397654,0.0024406015872955322,0.17059767246246338,138.98532091859514,NECK_STRAIN,pushup_neck_01.mp4,33
172.95845451779604,103.65756925762935,0.8868088877987953,0.17409970017554044,74.85209904879262,0.004619479179382324,0.16804981231689453,147.2773678042416,NECK_STRAIN,pushup_neck_01.mp4,36
172.8516776394459,105.37067542313207,0.885290688884733,0.17456334348509547,74.66278692311013,0.004279762506484985,0.16834568977355957,149.69478772572657,NECK_STRAIN,pushup_neck_01.mp4,39
173.26697232696412,105.31286659609212,0.8825121419414559,0.17271066056200132,74.09675796613574,0.004162907600402832,0.16609951853752136,148.89815815142234,NECK_STRAIN,pushup_neck_01.mp4,42
173.1201310717431,105.80636395060706,0.8700616077445169,0.17551206669950423,72.65235029002228,0.003988415002822876,0.16752764582633972,176.2635518082282,NECK_STRAIN,pushup_neck_01.mp4,45
173.90765479474155,105.85081921953312,0.871048740413986,0.17545160145124294,72.74697132934743,0.0039910972118377686,0.16755610704421997,174.21848828901977,NECK_STRAIN,pushup_neck_01.mp4,48
175.00423113400115,105.5480738387477,0.8686364826446553,0.17630976025205225,72.41759445186152,0.002850055694580078,0.16807222366333008,177.71144964808295,NECK_STRAIN,pushup_neck_01.mp4,51
173.59138957106993,106.42074563745199,0.8710361717407707,0.17797225752973753,72.72662228815108,0.0005652904510498047,0.16994458436965942,179.2548059232375,NECK_STRAIN,pushup_neck_01.mp4,54
171.22409248865543,109.98254917760406,0.8807015323624847,0.18158081313436733,74.12577041634047,0.006397426128387451,0.17465534806251526,179.27293908047903,NECK_STRAIN,pushup_neck_01.mp4,57
169.6517308101212,111.92955674086627,0.8876223280865037,0.185257412745592,75.313026326916,0.010202467441558838,0.17920354008674622,179.17262190260558,NECK_STRAIN,pushup_neck_01.mp4,60
165.5286598178988,116.32816168372521,0.9074877179763775,0.1869376666953069,77.86025942207958,0.015152007341384888,0.18275684118270874,174.6766804164884,NECK_STRAIN,pushup_neck_01.mp4,63
160.70633504178952,124.3130058035461,0.9322933879354874,0.1860453689507536,80.84382825610294,0.019217640161514282,0.18367457389831543,171.2684002989173,NECK_STRAIN,pushup_neck_01.mp4,66
156.38393576486953,131.61190105327722,0.9587428522785783,0.18706409232383417,84.34597738733275,0.0251598060131073,0.18615391850471497,160.77481035642683,NECK_STRAIN,pushup_neck_01.mp4,69
152.99062378915585,132.38949633238613,0.9616756529718874,0.18963335907684242,84.75192710790935,0.03184393048286438,0.18883833289146423,161.29160625242383,NECK_STRAIN,pushup_neck_01.mp4,72
150.14178362435587,137.0189426454648,0.976446332004239,0.19051288489349283,86.70646660898721,0.03472992777824402,0.19019818305969238,151.9180378495819,NECK_STRAIN,pushup_neck_01.mp4,75
144.63213310587724,142.8485329330393,0.9952786813695721,0.19038947309573503,89.32632650854121,0.04105815291404724,0.19037631154060364,143.55964277747992,NECK_STRAIN,pushup_neck_01.mp4,78
137.4393146098918,152.04966093591753,1.0184729038417457,0.19059652596339138,92.7054669037373,0.04818767309188843,0.19038406014442444,152.20278473353275,NECK_STRAIN,pushup_neck_01.mp4,81
131.82964796957688,155.0453714119532,1.026282352146903,0.19228088322035305,93.88856248388414,0.0602898895740509,0.19183817505836487,161.73047500420296,NECK_STRAIN,pushup_neck_01.mp4,84
126.70060232270679,157.31236159507185,1.0311918403299054,0.1921730290109726,94.70342298525424,0.07063964009284973,0.19152581691741943,161.39657353900031,NECK_STRAIN,pushup_neck_01.mp4,87
124.93865797252907,161.0243011980226,1.03282206912108,0.19218507419195535,95.0743025591381,0.0759105384349823,0.19143179059028625,155.54142428013517,NECK_STRAIN,pushup_neck_01.mp4,90
122.46527952853155,164.35020780376223,1.0378379967115285,0.1908823579175831,95.99909552399632,0.07825073599815369,0.18983688950538635,153.80603140174125,NECK_STRAIN,pushup_neck_01.mp4,93
121.02691594527947,163.4183210437648,1.0208679005450547,0.18868613414056282,93.43321765745979,0.08237484097480774,0.1883474588394165,155.79573262516467,NECK_STRAIN,pushup_neck_01.mp4,96
120.68804663192327,165.13679861431234,1.0259525530121079,0.19020723128063108,94.21284994683563,0.08320239186286926,0.18969324231147766,153.1542503522049,NECK_STRAIN,pushup_neck_01.mp4,99
119.62011859082803,165.8736634464143,1.0257428018125494,0.19054520299339328,94.18308178734645,0.08251431584358215,0.1900375485420227,154.95100553576663,NECK_STRAIN,pushup_neck_01.mp4,102
120.94670736789824,165.93480556923683,1.0270561574636823,0.19029852036921568,94.37602458305327,0.08200123906135559,0.18974369764328003,155.2646429063084,NECK_STRAIN,pushup_neck_01.mp4,105
123.35888495793607,165.27111182255427,1.0293718738866617,0.18982810406958714,94.71419748635441,0.07992744445800781,0.18918585777282715,155.90983319716653,NECK_STRAIN,pushup_neck_01.mp4,108
127.40102294459567,164.42345042273806,1.0304560728759389,0.19000076828906906,94.83682134975778,0.06964278221130371,0.18932408094406128,154.4645550146063,NECK_STRAIN,pushup_neck_01.mp4,111
136.46027894502393,167.64906010026132,1.0550832369691487,0.1918823753065059,98.43845357676514,0.058885663747787476,0.18980485200881958,153.52541340331115,NECK_STRAIN,pushup_neck_01.mp4,114
139.34379001023584,167.3067073770138,1.0668748441823108,0.1924473135265613,99.97220344712994,0.054599761962890625,0.18953949213027954,154.76142143174172,NECK_STRAIN,pushup_neck_01.mp4,117
144.14194315521175,166.86861424809058,1.081073559751686,0.19330300873086964,101.69181442817676,0.04896116256713867,0.18929189443588257,157.16149002607636,NECK_STRAIN,pushup_neck_01.mp4,120
150.67492861274087,164.86719817146547,1.084692217933622,0.19258649318026413,101.96184126504909,0.04181104898452759,0.18840420246124268,158.5124599547891,NECK_STRAIN,pushup_neck_01.mp4,123
154.31806259695762,162.86856224833127,1.0958654493002002,0.1907599995486915,103.2270237910762,0.037084877490997314,0.18569880723953247,160.25047256043163,NECK_STRAIN,pushup_neck_01.mp4,126
158.3038815365091,161.28547983757593,1.099285467990893,0.1880665209168098,103.51227661658767,0.03220158815383911,0.18286025524139404,161.28435655099062,NECK_STRAIN,pushup_neck_01.mp4,129
158.47880094044905,158.9828956500745,1.0936907013101616,0.18411445315467254,102.83650252633721,0.031501322984695435,0.17951256036758423,167.6084134168429,NECK_STRAIN,pushup_neck_01.mp4,132
160.5035079471598,155.51971238823663,1.0938724182209025,0.1825519582912205,102.68136480436846,0.028424084186553955,0.17809829115867615,173.03562055870648,NECK_STRAIN,pushup_neck_01.mp4,135
163.66373896035373,155.77677294536193,1.1046993285548647,0.18145063693260638,103.8996551729421,0.02318134903907776,0.1761367917060852,166.9866404767911,NECK_STRAIN,pushup_neck_01.mp4,138
165.7776284278528,155.58624370064084,1.112044720332117,0.18501323719249368,104.30478839645093,0.017545491456985474,0.17927628755569458,162.85122049489138,NECK_STRAIN,pushup_neck_01.mp4,141
167.6609204823684,154.14108062124376,1.1238928544393865,0.1874529991929319,105.35981300072118,0.014657258987426758,0.18075671792030334,163.5142072664871,NECK_STRAIN,pushup_neck_01.mp4,144
170.60008947200888,152.63341613207663,1.1239312688138312,0.18473523042663792,105.37439468628136,0.011402040719985962,0.1781235635280609,162.47457316765338,NECK_STRAIN,pushup_neck_01.mp4,147
170.88377836462428,151.96838116611295,1.1203641752518232,0.18453831729831793,104.9860949570897,0.010124295949935913,0.17826122045516968,159.56371451935414,NECK_STRAIN,pushup_neck_01.mp4,150
171.31639677026536,151.18289114981332,1.119293029962531,0.1856983097969292,104.77453704209746,0.008677929639816284,0.17955785989761353,158.92260380903303,NECK_STRAIN,pushup_neck_01.mp4,153
170.18177773374757,149.40370035477505,1.1115982041918664,0.18518042741988275,103.83342069381216,0.0112132728099823,0.17980867624282837,157.02594021958834,NECK_STRAIN,pushup_neck_01.mp4,156
168.29694238883437,148.89410820574068,1.104138674096591,0.18572684940660852,103.00093205715775,0.01378968358039856,0.18096548318862915,158.00975531958963,NECK_STRAIN,pushup_neck_01.mp4,159
167.17769375697094,149.01285782929156,1.101419660340804,0.1855984602540791,102.7210290375512,0.015658974647521973,0.18104222416877747,161.017689402001,NECK_STRAIN,pushup_neck_01.mp4,162
168.136994022657,148.5191917273696,1.0873358273642288,0.18647742643482743,101.14451851507437,0.012395858764648438,0.1829605996608734,162.4129970445856,NECK_STRAIN,pushup_neck_01.mp4,165
166.84744031134838,150.4107939281968,1.0721565124198467,0.18996883714319795,99.38542452957829,0.014672011137008667,0.18742558360099792,162.56439165089304,NECK_STRAIN,pushup_neck_01.mp4,168
164.59776670528558,154.89267243908498,1.074662910204807,0.18762615775465208,100.14780902802977,0.017875492572784424,0.1846907138824463,163.75005802896695,NECK_STRAIN,pushup_neck_01.mp4,171
161.35001621262518,158.4406662413099,1.074337478713818,0.1869186561291577,100.5477918926113,0.01967570185661316,0.183759868144989,158.19601238219164,NECK_STRAIN,pushup_neck_01.mp4,174
155.7087257152267,157.58366766901614,1.0591515278490589,0.1866324124054758,98.70197013234456,0.02452373504638672,0.18448379635810852,158.86215664071722,NECK_STRAIN,pushup_neck_01.mp4,177
137.33084476098975,157.6483468080745,1.0387802661407655,0.18613188955300858,95.93340938656374,0.05307990312576294,0.185134619474411,158.87749567854814,NECK_STRAIN,pushup_neck_01.mp4,180
131.17789794197594,159.200185688344,1.04018431525089,0.18610971476832996,96.24694494247129,0.06148815155029297,0.18500450253486633,158.43342723735591,NECK_STRAIN,pushup_neck_01.mp4,183
127.80426961446037,162.52213766166665,1.0448326017330551,0.1862204951457663,97.07553226044436,0.07102435827255249,0.18480220437049866,160.42073344283648,NECK_STRAIN,pushup_neck_01.mp4,186
124.22834752270603,159.6369027134843,1.0246810199126575,0.18581111998827002,93.99054768391954,0.07729294896125793,0.18536058068275452,158.7804628384896,NECK_STRAIN,pushup_neck_01.mp4,189
128.41667697913462,159.84901683679962,1.023300716188404,0.18575513370118135,93.77806264300598,0.07144606113433838,0.1853514015674591,158.05913849449067,NECK_STRAIN,pushup_neck_01.mp4,192
131.22184096261697,160.2106909390954,1.0290020456849334,0.18614774526811664,94.63478565644252,0.0702911913394928,0.18553897738456726,157.36604137261423,NECK_STRAIN,pushup_neck_01.mp4,195
133.90155962051017,160.03733444242042,1.0358529489281967,0.1873796307183279,95.61934568271079,0.07046091556549072,0.18647906184196472,157.36640602019995,NECK_STRAIN,pushup_neck_01.mp4,198
138.91471441472942,157.84175867994986,1.0366378073980413,0.18785381024591827,95.69818886170768,0.06540551781654358,0.18692547082901,162.1634383428092,NECK_STRAIN,pushup_neck_01.mp4,201
141.03416341496998,159.0883093658237,1.0510598911567703,0.1881203523023231,97.81010408205819,0.057870686054229736,0.18637514114379883,160.98444118259653,NECK_STRAIN,pushup_neck_01.mp4,204
141.84260616649286,162.63221916484392,1.060540534353032,0.18836425535353474,99.05055785573145,0.05425292253494263,0.18601885437965393,159.8632289145779,NECK_STRAIN,pushup_neck_01.mp4,207
149.0972667776577,160.94712047511163,1.064911761910029,0.1853616464616672,99.58041603560878,0.04564768075942993,0.18277612328529358,157.77729114398542,NECK_STRAIN,pushup_neck_01.mp4,210
152.82944768258557,162.46611230826005,1.0852217274919793,0.18661447376692036,102.09143952409421,0.04258018732070923,0.18247389793395996,159.79358138349687,NECK_STRAIN,pushup_neck_01.mp4,213
155.21537287496827,163.87565792458625,1.1039907328187757,0.1868881909392402,104.3364560680165,0.03891938924789429,0.181067556142807,159.1445032085849,NECK_STRAIN,pushup_neck_01.mp4,216
157.13104072200835,163.41982466143205,1.115269770997229,0.18266402891116307,105.90033620175824,0.03451526165008545,0.1756744682788849,157.39161729313113,NECK_STRAIN,pushup_neck_01.mp4,219
160.33361858742157,162.18876675257664,1.1271324235511073,0.18168116273493923,107.16297260696533,0.028979957103729248,0.17358985543251038,160.79190725768103,NECK_STRAIN,pushup_neck_01.mp4,222
163.7211731821887,157.5295574489044,1.1301448013798916,0.18540950026301256,106.69404448104936,0.022224456071853638,0.17759406566619873,161.69634007861637,NECK_STRAIN,pushup_neck_01.mp4,225
166.97047622290614,157.44221561963292,1.1387696257050628,0.1853795716642452,107.56804012206437,0.017479687929153442,0.1767323613166809,164.68774100089,NECK_STRAIN,pushup_neck_01.mp4,228
169.30885117437384,156.20325711805725,1.1401820925459027,0.18451531835236265,107.5746616324461,0.013516604900360107,0.17590197920799255,166.65114520139764,NECK_STRAIN,pushup_neck_01.mp4,231
171.3424562991798,157.75614114196142,1.1440716268777484,0.18629233831099468,107.69261618583667,0.013323932886123657,0.17747986316680908,165.84640065824314,NECK_STRAIN,pushup_neck_01.mp4,234
172.08504089127484,155.0791976334309,1.1387353859850027,0.18579127246484986,107.00509749285786,0.013112753629684448,0.17766734957695007,164.86382012404576,NECK_STRAIN,pushup_neck_01.mp4,237
170.20878963224408,154.9203549786747,1.1315537674391045,0.1857100369122548,106.34691275976414,0.012296438217163086,0.17820191383361816,164.51944815875802,NECK_STRAIN,pushup_neck_01.mp4,240
168.26546679580525,154.5188852315806,1.1240972583167308,0.18516537721351747,105.62656842535796,0.012588948011398315,0.1783204972743988,163.3455303113498,NECK_STRAIN,pushup_neck_01.mp4,243
166.8865488882758,153.94797827505047,1.1163181786738832,0.1849048872312318,104.8067061948239,0.01320752501487732,0.17876416444778442,163.31097441969678,NECK_STRAIN,pushup_neck_01.mp4,246
164.39593101009027,151.0690652366358,1.0865089832407189,0.18320905276544128,101.42377848784379,0.016889125108718872,0.17957910895347595,162.56295191547804,NECK_STRAIN,pushup_neck_01.mp4,249
161.52264736508974,148.47200085359978,1.0696859398295904,0.18633839204447453,99.25474006142116,0.023338735103607178,0.18391257524490356,158.89836809572208,NECK_STRAIN,pushup_neck_01.mp4,252
159.20541040322192,151.9993902002444,1.0714592824420435,0.1873357402175029,99.78485398205186,0.026453375816345215,0.1846102476119995,159.362574870291,NECK_STRAIN,pushup_neck_01.mp4,255
157.11949579956536,156.93511735702057,1.0713935669527546,0.18737719669230513,100.09616561568468,0.028570353984832764,0.18447533249855042,162.3415061174073,NECK_STRAIN,pushup_neck_01.mp4,258
149.4574197874521,160.2877849668935,1.0719289985974414,0.18592682280558645,100.53162402357691,0.03732547163963318,0.18279439210891724,160.28590493957034,NECK_STRAIN,pushup_neck_01.mp4,261
135.9972628590889,161.82300458701684,1.0608633439619037,0.18556322481753135,99.22013621771228,0.05435261130332947,0.18316549062728882,158.72319669250845,NECK_STRAIN,pushup_neck_01.mp4,264
134.4103468916729,164.38646174643168,1.0596642613516327,0.1870033146147749,99.14122803114289,0.062776118516922,0.18462806940078735,158.50181833170146,NECK_STRAIN,pushup_neck_01.mp4,267
129.0768113230229,165.49342251237636,1.0553872627982654,0.18562253566873158,98.65920147172388,0.0706866979598999,0.18350645899772644,156.07181345868,NECK_STRAIN,pushup_neck_01.mp4,270
125.20610012532838,166.43192603484906,1.0474291315384938,0.18484783452280476,97.61986948066239,0.07365551590919495,0.18321537971496582,153.90341377560688,NECK_STRAIN,pushup_neck_01.mp4,273
124.99974571647887,165.29706136151927,1.0411885767071425,0.18316345233422757,96.6788896321825,0.07137763500213623,0.18192028999328613,152.17201333020367,NECK_STRAIN,pushup_neck_01.mp4,276
125.38644928457175,165.74170485083235,1.0452680813297837,0.18270054720142287,97.35350916436619,0.07259643077850342,0.18119773268699646,153.7215392980304,NECK_STRAIN,pushup_neck_01.mp4,279
130.03846279695605,166.1149366540974,1.0502725430471578,0.18184607785286816,98.13763283695944,0.07040104269981384,0.18001484870910645,154.08261864493636,NECK_STRAIN,pushup_neck_01.mp4,282
136.56733831678403,165.9258463338106,1.0523434797161413,0.18214454045842995,98.40368676733982,0.059250861406326294,0.1801886260509491,153.1709302162079,NECK_STRAIN,pushup_neck_01.mp4,285
135.78817788092678,167.30718829806509,1.0667036327239048,0.18476890626841716,100.42258728465406,0.05708929896354675,0.18171992897987366,153.19902293750155,NECK_STRAIN,pushup_neck_01.mp4,288
141.87025777626408,165.8176865424467,1.0684599625944895,0.18581711351520103,100.4703073001851,0.05071607232093811,0.1827227771282196,155.29589385568914,NECK_STRAIN,pushup_neck_01.mp4,291
146.59438215185557,162.54584342799112,1.072639809960894,0.18538155908733087,100.79562558341007,0.04519385099411011,0.18210023641586304,155.54199873440396,NECK_STRAIN,pushup_neck_01.mp4,294
152.70429875309816,161.88332641265526,1.082526467213448,0.1861237477984588,101.90590297776403,0.03898003697395325,0.18211936950683594,156.3846874217605,NECK_STRAIN,pushup_neck_01.mp4,297
155.7944281739201,162.30065850174978,1.0961602417712288,0.18493666252743896,103.50715345144918,0.03524550795555115,0.17982089519500732,157.32796808409637,NECK_STRAIN,pushup_neck_01.mp4,300
156.54663448136515,162.40107815206565,1.1116121555977343,0.18475418507196487,105.263905585766,0.035024285316467285,0.1782359778881073,158.6687444136128,NECK_STRAIN,pushup_neck_01.mp4,303
160.86599113214962,160.30370051050323,1.120173147000279,0.18105276814857343,106.21570536644326,0.027670711278915405,0.1738491654396057,161.23845670095633,NECK_STRAIN,pushup_neck_01.mp4,306
163.75386069042963,158.82262113352576,1.1277746366530383,0.18250057305932324,106.69748069444466,0.021755307912826538,0.17480459809303284,159.69385591874865,NECK_STRAIN,pushup_neck_01.mp4,309
166.73112974593386,156.5876345678772,1.1306931174725012,0.1827052937470745,106.91562451911658,0.01593226194381714,0.17479953169822693,162.8411964654102,NECK_STRAIN,pushup_neck_01.mp4,312
169.67397744176512,154.68748175760794,1.1294291536367231,0.18335537145194417,106.35566075001499,0.010270178318023682,0.1759345531463623,160.96023850548454,NECK_STRAIN,pushup_neck_01.mp4,315
171.13437790120673,153.67139836846505,1.1260141757820041,0.18284583528079887,105.912635891777,0.009096592664718628,0.17583855986595154,160.71506690390066,NECK_STRAIN,pushup_neck_01.mp4,318
172.0761351703251,152.8001686572619,1.1205045259011408,0.1823655137967229,105.29133276875697,0.0076802074909210205,0.17590856552124023,160.72093683152957,NECK_STRAIN,pushup_neck_01.mp4,321
170.38374040245947,152.59177222050582,1.1175298890055194,0.1838436541567553,104.95891018756451,0.008955270051956177,0.17761272192001343,161.42329090744332,NECK_STRAIN,pushup_neck_01.mp4,324
168.88488308226468,152.03994321112987,1.1095044253534418,0.1843056211814446,104.01159521008879,0.010581225156784058,0.17882132530212402,161.24649012321953,NECK_STRAIN,pushup_neck_01.mp4,327
167.83940038205435,152.22719661582232,1.1027912724774822,0.18458306462883525,103.26266978332953,0.01186320185661316,0.1796594262123108,156.5251247005379,NECK_STRAIN,pushup_neck_01.mp4,330
164.90159226616103,147.5714766245125,1.0613340949922503,0.1840578490888377,98.21352519400493,0.01800590753555298,0.18216967582702637,157.28739358859403,NECK_STRAIN,pushup_neck_01.mp4,333
164.04653642798246,149.5701432055935,1.0549616021282098,0.1862338739015958,97.58376876275055,0.019138842821121216,0.1846047043800354,156.6854142036598,NECK_STRAIN,pushup_neck_01.mp4,336
159.95172896038824,154.43712222947605,1.0595032975251388,0.1875087447484838,98.42293130111423,0.025569289922714233,0.18548601865768433,156.19137926855848,NECK_STRAIN,pushup_neck_01.mp4,339
149.4529446511729,161.08899428665117,1.0722244663027916,0.1874600372303353,100.56090816068783,0.03661149740219116,0.1842842400074005,157.94069458427848,NECK_STRAIN,pushup_neck_01.mp4,342
136.84268375862274,164.735958601668,1.0737441080653394,0.1889818875699557,100.97545184086377,0.056456536054611206,0.1855248212814331,158.11951762724098,NECK_STRAIN,pushup_neck_01.mp4,345
128.21331913612937,166.2720013892525,1.0644371518557387,0.1896910600864298,99.77302265446437,0.06842604279518127,0.18693795800209045,157.39812042861445,NECK_STRAIN,pushup_neck_01.mp4,348
123.69083134838513,165.48703601081607,1.0448701969013925,0.1876866403164745,97.05578830541488,0.08030062913894653,0.18626514077186584,154.03892992889664,NECK_STRAIN,pushup_neck_01.mp4,351
120.42748106182019,166.28538356136505,1.0406057915861042,0.18674848345225922,96.54311972907678,0.08063286542892456,0.18553194403648376,153.14453697441516,NECK_STRAIN,pushup_neck_01.mp4,354
118.07550404566626,165.90885630100644,1.0301106210429365,0.18611996739498612,94.95299977348468,0.08359792828559875,0.18542489409446716,153.6365082030213,NECK_STRAIN,pushup_neck_01.mp4,357
117.1944229162639,166.6903545659652,1.0362613220360326,0.1870733775013728,95.89770852316315,0.08214998245239258,0.18608307838439941,154.22004373064783,NECK_STRAIN,pushup_neck_01.mp4,360
119.92942542403331,168.0756207200187,1.0491103481273314,0.1873008759161661,97.85258559543087,0.08108171820640564,0.18554434180259705,155.46818399262438,NECK_STRAIN,pushup_neck_01.mp4,363
132.7717607332714,167.43932177089198,1.0517147514957497,0.18895749086778776,98.11460392732914,0.059680432081222534,0.18706539273262024,155.5079919547246,NECK_STRAIN,pushup_neck_01.mp4,366
146.43594555358553,169.96033241443146,1.072882186832155,0.19178669318942893,101.0434288374659,0.04222097992897034,0.1882348656654358,155.66634171429624,NECK_STRAIN,pushup_neck_01.mp4,369
144.9717855949382,171.48074906792638,1.0942675320233397,0.19364916292904463,103.74521430087857,0.04696935415267944,0.1881028413772583,155.466851077892,NECK_STRAIN,pushup_neck_01.mp4,372
149.7451510701618,171.28933129522895,1.1034888181991571,0.19420464349574018,104.66694238109575,0.04324978590011597,0.1878756284713745,157.53897218876168,NECK_STRAIN,pushup_neck_01.mp4,375
155.18131219717756,167.374776588488,1.1120127123353292,0.19350802893546531,105.4379326504193,0.03871670365333557,0.1865254044532776,156.36678220406571,NECK_STRAIN,pushup_neck_01.mp4,378
159.40505507458266,165.69206299445642,1.1232673671290279,0.19375966078126983,106.45242777027147,0.03432384133338928,0.185825377702713,161.812261993208,NECK_STRAIN,pushup_neck_01.mp4,381
162.49847737736664,161.1763516252916,1.1117607480618532,0.19032916024106428,104.65080763820883,0.030786961317062378,0.18413999676704407,156.7109271278995,NECK_STRAIN,pushup_neck_01.mp4,384
163.3289517762371,161.26546421984366,1.1390630397527617,0.18813059056103376,107.8927023643577,0.0274050235748291,0.1790303885936737,165.8372874377743,NECK_STRAIN,pushup_neck_01.mp4,387
167.27809861637468,159.80223097219755,1.1402668914337213,0.18486548383532653,108.06603608493225,0.02337825298309326,0.17575055360794067,168.96473362422893,NECK_STRAIN,pushup_neck_01.mp4,390
169.53064725530803,161.0120761539362,1.1550287060636184,0.1855103482606561,109.50409432770805,0.018126219511032104,0.17486414313316345,164.6820240198629,NECK_STRAIN,pushup_neck_01.mp4,393
171.194167588144,159.6876513077057,1.1547064293777234,0.18635739679056407,109.21782497738623,0.016230791807174683,0.17597129940986633,164.70723686144706,NECK_STRAIN,pushup_neck_01.mp4,396
171.5777475224717,158.45577875216205,1.152654786452904,0.1881853177954404,108.52414753077335,0.01577615737915039,0.1784343421459198,166.75612083617278,NECK_STRAIN,pushup_neck_01.mp4,399
171.8308691538515,160.0998930533474,1.1570126354626302,0.1879979852948177,109.1433388745088,0.014437437057495117,0.17760077118873596,169.64796264323923,NECK_STRAIN,pushup_neck_01.mp4,402
169.71109533370893,158.1661721279384,1.138234142549291,0.18638343885444777,107.22918868364104,0.016877949237823486,0.17801904678344727,167.5328103946474,NECK_STRAIN,pushup_neck_01.mp4,405
167.6039591409135,157.96475864571875,1.1347120700698903,0.18685688049379562,106.86389034702171,0.019290685653686523,0.17882052063941956,167.64676995018115,NECK_STRAIN,pushup_neck_01.mp4,408
165.22242743491984,157.5751410459797,1.13005720522374,0.18664524412458844,106.4096145704154,0.02088826894760132,0.17904171347618103,167.9442852471985,NECK_STRAIN,pushup_neck_01.mp4,411
161.27509072001206,153.0858356164784,1.0886868820258342,0.1874804601318496,101.51502159330715,0.02663925290107727,0.18370652198791504,168.30242328807321,NECK_STRAIN,pushup_neck_01.mp4,414
157.79975229148394,151.9221438969903,1.0641674766504696,0.18839927006778528,98.63821177172744,0.029350638389587402,0.18626192212104797,169.93740171112555,NECK_STRAIN,pushup_neck_01.mp4,417
154.21631710678727,151.98166893978467,1.0539077312082636,0.18745731753962283,97.5549271509873,0.032604366540908813,0.18582987785339355,164.82866314057142,NECK_STRAIN,pushup_neck_01.mp4,420
146.21607699185307,156.30380192825652,1.0647116914979389,0.18798675615986252,99.17448211209965,0.042133182287216187,0.18558165431022644,164.27805470324947,NECK_STRAIN,pushup_neck_01.mp4,423
133.62316582433175,156.19429546334027,1.0414034138583974,0.18736009364044362,96.14364124423462,0.05655166506767273,0.1862839162349701,154.6819246530126,NECK_STRAIN,pushup_neck_01.mp4,426
129.16294417288614,155.79971651044,1.020419812964787,0.18906946385279133,93.11896974656385,0.0709972083568573,0.18878936767578125,153.0094319890737,NECK_STRAIN,pushup_neck_01.mp4,429
126.11836627766876,157.27938233902847,1.0142883850827742,0.1877301013098001,92.25276984143265,0.07306602597236633,0.1875849962234497,151.50159341579757,NECK_STRAIN,pushup_neck_01.mp4,432
117.62767082374705,155.25143967838835,0.9994148693893958,0.18736429453010325,89.90589882505806,0.08101937174797058,0.18736404180526733,151.6687524898559,NECK_STRAIN,pushup_neck_01.mp4,435
120.19678869456969,155.03279164748122,0.9997209284759359,0.18688258357887613,89.95490214675893,0.07504567503929138,0.18688252568244934,154.26023930458493,NECK_STRAIN,pushup_neck_01.mp4,438
123.18729233535919,156.7270620971553,1.0138520515388874,0.18674735148824326,92.21403030225106,0.07430946826934814,0.18660792708396912,153.25105530235317,NECK_STRAIN,pushup_neck_01.mp4,441
126.32154497005064,156.8952761133968,1.0204837837195373,0.18666824733994683,93.23335358934759,0.07144227623939514,0.1863710582256317,153.89560041365235,NECK_STRAIN,pushup_neck_01.mp4,444
130.19883264266875,155.90046647489507,1.0235028992349515,0.1867780029950607,93.68055694696403,0.06693288683891296,0.18639272451400757,152.1170886182035,NECK_STRAIN,pushup_neck_01.mp4,447
137.00811001177414,156.934988040652,1.0379325685587775,0.18877335294186356,95.76919000954972,0.05929139256477356,0.18781709671020508,152.1556181225066,NECK_STRAIN,pushup_neck_01.mp4,450
146.85136297845676,157.13762349524626,1.0578913636397032,0.19086391017183266,98.41873787299684,0.04691767692565918,0.18880704045295715,150.854875402172,NECK_STRAIN,pushup_neck_01.mp4,453
153.67228700673522,158.99252746637467,1.0788623552468208,0.19223680257787595,101.12204402417011,0.03983756899833679,0.18862593173980713,151.6715663008705,NECK_STRAIN,pushup_neck_01.mp4,456
157.79889591007571,160.5325308616677,1.096295549222982,0.19331301016804264,103.10983394724131,0.03610077500343323,0.18827417492866516,152.53835623094537,NECK_STRAIN,pushup_neck_01.mp4,459
160.82142271556233,161.28188845957322,1.1160051236367885,0.19204055288968197,105.25080297179527,0.032670825719833374,0.18527686595916748,160.5843023710269,NECK_STRAIN,pushup_neck_01.mp4,462
162.33029399668476,162.10437970918792,1.1328905181213285,0.18934925993945098,107.23463404592131,0.02943897247314453,0.1808464527130127,160.66730987218287,NECK_STRAIN,pushup_neck_01.mp4,465
166.11757576896537,162.5084624657986,1.1528139013102467,0.18783936605386017,109.48081801577156,0.02377757430076599,0.17708498239517212,162.7568451322615,NECK_STRAIN,pushup_neck_01.mp4,468
169.59769347746698,160.8613755916196,1.158233547760717,0.1869160667852497,109.94199436960179,0.016182303428649902,0.17570704221725464,161.50081921885476,NECK_STRAIN,pushup_neck_01.mp4,471
170.3342860313823,156.79740832544434,1.1536444541347275,0.19074851871783002,108.59899176814685,0.013606727123260498,0.1807854175567627,159.52674505058977,NECK_STRAIN,pushup_neck_01.mp4,474
171.15407376735837,157.39493956472373,1.158631857999865,0.18940539442091722,109.20945741147807,0.010956764221191406,0.17885854840278625,162.68537325850153,NECK_STRAIN,pushup_neck_01.mp4,477
170.72442666404731,157.42893771230484,1.146550465766474,0.19061456374681165,107.75666666450377,0.01190224289894104,0.18153277039527893,160.78724174363217,NECK_STRAIN,pushup_neck_01.mp4,480
168.49215828233588,157.8538241724682,1.1423656131456579,0.1921990918299505,107.26910706246538,0.013531208038330078,0.18353402614593506,163.530425385942,NECK_STRAIN,pushup_neck_01.mp4,483
167.4169421486893,158.30254011018388,1.1365900795625954,0.19134194024361467,106.78573783372876,0.014867007732391357,0.18318825960159302,162.44702620084306,NECK_STRAIN,pushup_neck_01.mp4,486
164.8645044156675,157.07939757741656,1.113713065156877,0.18992539187474358,104.49220571780306,0.017602354288101196,0.18388164043426514,158.77305836465834,NECK_STRAIN,pushup_neck_01.mp4,489
161.09786466696457,161.44393319809635,1.1115053705256892,0.19198402936642558,104.8266271627708,0.022161006927490234,0.18559116125106812,154.76716098880087,NECK_STRAIN,pushup_neck_01.mp4,492
158.21595957181006,164.57217979551092,1.1146276497698298,0.19316422514430082,105.46881914594287,0.025438010692596436,0.18616625666618347,153.94894764787287,NECK_STRAIN,pushup_neck_01.mp4,495
150.33715620328778,169.41007294833008,1.1195195601487218,0.19313779075002943,106.63321193916234,0.035828232765197754,0.1850554347038269,155.78552712755834,NECK_STRAIN,pushup_neck_01.mp4,498
142.49082859882787,172.08998993137013,1.1133987520537898,0.1935691098574468,106.26310477564154,0.044930458068847656,0.18582278490066528,154.09853613139077,NECK_STRAIN,pushup_neck_01.mp4,501
130.2127138309808,174.89910601682888,1.1079131382075116,0.1935915435023907,105.96811284430072,0.06010943651199341,0.18612101674079895,146.16836947292592,NECK_STRAIN,pushup_neck_01.mp4,504
124.19138938785275,176.49736510135546,1.097638543633826,0.19125387293781762,104.98428728759725,0.07184559106826782,0.18474993109703064,137.4337130446835,NECK_STRAIN,pushup_neck_01.mp4,507
123.85318164780483,177.52704669014273,1.0930265111657715,0.19112358681640718,104.43700353684136,0.07963362336158752,0.18508771061897278,139.03911203873383,NECK_STRAIN,pushup_neck_01.mp4,510
123.33849139559892,178.42501252823683,1.0942245288344816,0.19160222243867095,104.65182758463686,0.08218714594841003,0.1853708028793335,142.94585470090718,NECK_STRAIN,pushup_neck_01.mp4,513
126.71536924154826,179.08878335460446,1.105314403879858,0.19299179733292093,106.08617017715851,0.078881174325943,0.18543460965156555,141.125757747876,NECK_STRAIN,pushup_neck_01.mp4,516
129.60938933353074,179.22831955475357,1.1123670383246804,0.19396129942761314,106.91056827155722,0.07457733154296875,0.1855735182762146,143.40600757664853,NECK_STRAIN,pushup_neck_01.mp4,519
131.14107857204115,178.0411244826143,1.1084126414532913,0.19258271214034273,106.34317633409538,0.06291276216506958,0.18480029702186584,142.85695356821506,NECK_STRAIN,pushup_neck_01.mp4,522
139.04103477385829,179.6035228665906,1.1233020800999485,0.19363484438217973,108.2996395545577,0.05120643973350525,0.18384119868278503,146.37665950352584,NECK_STRAIN,pushup_neck_01.mp4,525
144.4022177552189,176.77809577145675,1.1259799230365655,0.1932962714283325,108.19795057479901,0.04536977410316467,0.183627188205719,151.53812029696033,NECK_STRAIN,pushup_neck_01.mp4,528
149.6611439922006,174.48621230620324,1.1349779972442497,0.1932961014587481,108.92424079670016,0.04031994938850403,0.18284699320793152,157.01509466150833,NECK_STRAIN,pushup_neck_01.mp4,531
154.27658310354434,174.48215251089056,1.1599410448326326,0.19584272951050175,111.33425376930215,0.03727889060974121,0.18242096900939941,159.246589306215,NECK_STRAIN,pushup_neck_01.mp4,534
155.01338201112245,172.4017599069194,1.1672023590126706,0.19579768431156092,111.72437737313285,0.037773579359054565,0.18188971281051636,157.53749458160488,NECK_STRAIN,pushup_neck_01.mp4,537
159.85250688408198,171.02004582468402,1.1794842634218188,0.19293894235142145,113.29015140214344,0.03224492073059082,0.17721548676490784,162.181134132196,NECK_STRAIN,pushup_neck_01.mp4,540
165.04053127322567,167.25374791816654,1.1945630449151166,0.19101490053750697,114.48905173506817,0.02700752019882202,0.17382940649986267,166.9088028711514,NECK_STRAIN,pushup_neck_01.mp4,543
166.98433763176527,160.79764636413233,1.1783237518928709,0.19072205011284168,112.04920584323013,0.02132841944694519,0.17677146196365356,173.3700796365697,NECK_STRAIN,pushup_neck_01.mp4,546
168.8895486237274,161.04737671358697,1.1836699446042662,0.19131028799683528,112.35466506482622,0.018467992544174194,0.176931232213974,170.40945560032114,NECK_STRAIN,pushup_neck_01.mp4,549
169.47060832982123,159.78621807951092,1.1731025718427415,0.19283862440088528,110.7719296406603,0.016372203826904297,0.1803026795387268,168.79588983578307,NECK_STRAIN,pushup_neck_01.mp4,552
170.49783625053777,161.27402302193588,1.1821526370730717,0.1938140194258828,111.63064550460025,0.014738202095031738,0.18016406893730164,165.7790690812389,NECK_STRAIN,pushup_neck_01.mp4,555
171.24701801481075,160.6648145607121,1.1797103308102206,0.19406564538559656,111.26991038405234,0.014085590839385986,0.18084484338760376,165.95423173864566,NECK_STRAIN,pushup_neck_01.mp4,558
169.20308099853395,161.03563694817495,1.1700962366893228,0.1932217596828828,110.45091876454005,0.017437338829040527,0.18104204535484314,163.36933494703428,NECK_STRAIN,pushup_neck_01.mp4,561
165.54128081928278,159.79406796282422,1.1597926699446324,0.19220323435485498,109.41544310709477,0.021714121103286743,0.18127205967903137,159.8599589108,NECK_STRAIN,pushup_neck_01.mp4,564
161.25219926258558,161.32167489598666,1.1410845445246072,0.19405951455311105,107.71561335226116,0.026117801666259766,0.18485596776008606,154.4521335206303,NECK_STRAIN,pushup_neck_01.mp4,567
158.072175607186,163.88987660873596,1.1238273846281295,0.19283714344928732,106.42367014782619,0.0284041166305542,0.1849680244922638,150.3264657092462,NECK_STRAIN,pushup_neck_01.mp4,570
151.43689944287266,167.50237468165693,1.1226083800439555,0.19351004502597804,106.66675011089723,0.03682321310043335,0.18537965416908264,149.88627515283207,NECK_STRAIN,pushup_neck_01.mp4,573
143.82905142949656,170.7313333115136,1.118077515927113,0.19329606780726977,106.6245902833903,0.04579845070838928,0.18521541357040405,150.27345742664093,NECK_STRAIN,pushup_neck_01.mp4,576
134.34497230602193,171.78059707002203,1.0993722369422538,0.19137419864000468,104.6860929952874,0.05928462743759155,0.18512120842933655,146.1677084765597,NECK_STRAIN,pushup_neck_01.mp4,579
132.68755440292,172.26262004782805,1.0813084299903688,0.1885132781758163,102.56420876099712,0.061968326568603516,0.18399843573570251,143.3099953012077,NECK_STRAIN,pushup_neck_01.mp4,582
125.89505753540712,170.0379286420068,1.0616021344538806,0.18668549109457871,99.78295202465436,0.07431313395500183,0.18397051095962524,141.30678276119966,NECK_STRAIN,pushup_neck_01.mp4,585
125.30618153453646,170.02754915014887,1.0511250585663192,0.18563849331636945,98.30505306643593,0.07806116342544556,0.18369150161743164,142.91672622874836,NECK_STRAIN,pushup_neck_01.mp4,588
125.39922208212573,169.79264315290786,1.0474710560538563,0.1867515330516728,97.70199129578074,0.08070668578147888,0.1850665807723999,144.53113680150778,NECK_STRAIN,pushup_neck_01.mp4,591
124.24212447324224,170.29974967203327,1.0487986512202827,0.18724963643442952,97.89795823480871,0.07956403493881226,0.1854732632637024,145.5453520116821,NECK_STRAIN,pushup_neck_01.mp4,594
125.52625174464107,172.4945663979309,1.06742086906233,0.18940436923095919,100.5908099639995,0.08004575967788696,0.18617749214172363,145.65092763049574,NECK_STRAIN,pushup_neck_01.mp4,597
129.39537511064336,174.29301106797357,1.0803628892012989,0.18965913232773432,102.47516210611273,0.0700007975101471,0.18518075346946716,148.3551244083263,NECK_STRAIN,pushup_neck_01.mp4,600
141.23473016676618,172.8088762186184,1.087727951641937,0.1890908091913736,103.3015240588904,0.05455705523490906,0.18401747941970825,149.4469305312055,NECK_STRAIN,pushup_neck_01.mp4,603
147.00665825330057,170.7123222111013,1.0913718236740941,0.18910621120235632,103.50951592262413,0.048743486404418945,0.18387329578399658,149.27317343549308,NECK_STRAIN,pushup_neck_01.mp4,606
150.93413583990923,171.04489118937468,1.1102606404393074,0.1910061464913356,105.67526563312732,0.04645085334777832,0.1839015781879425,150.47015298113837,NECK_STRAIN,pushup_neck_01.mp4,609
154.02747481678074,170.0102463371964,1.1257823814261665,0.19126566593620023,107.26908675115871,0.04361993074417114,0.18264269828796387,150.759945022626,NECK_STRAIN,pushup_neck_01.mp4,612
157.1808941006421,170.6110431107957,1.1593349775542618,0.19127934917303982,111.04205324594653,0.040045201778411865,0.17852291464805603,154.129275115387,NECK_STRAIN,pushup_neck_01.mp4,615
160.50692033676106,167.19785195502763,1.1720373561029536,0.1877364339995268,112.35735668027327,0.03412818908691406,0.17362260818481445,163.678718188272,NECK_STRAIN,pushup_neck_01.mp4,618
163.77024923373693,163.86092522147425,1.1651460779338096,0.18540676174879206,111.38295194292523,0.02927723526954651,0.17264273762702942,164.05064450133915,NECK_STRAIN,pushup_neck_01.mp4,621
165.21477395699597,163.1288463200687,1.1714464717879955,0.18821691954641076,111.6153339109453,0.02584245800971985,0.17497965693473816,163.56607577086214,NECK_STRAIN,pushup_neck_01.mp4,624
167.75641459088743,161.35259529000527,1.1630110931897795,0.18823547649169287,110.36650002613148,0.020453333854675293,0.17646676301956177,162.3524726812253,NECK_STRAIN,pushup_neck_01.mp4,627
169.08008779309256,158.8820890629528,1.1668714727579397,0.192097910085661,110.18990436816848,0.016850382089614868,0.18029296398162842,160.88832718432613,NECK_STRAIN,pushup_neck_01.mp4,630
168.95869724144674,156.00630384300806,1.1527541840617588,0.1919267715288861,108.48325078628676,0.01627930998802185,0.18202543258666992,162.3563054464499,NECK_STRAIN,pushup_neck_01.mp4,633
167.2779885336323,156.2777291194285,1.14278269739252,0.19097758575978438,107.50443335113955,0.01818394660949707,0.18213316798210144,161.98309255416754,NECK_STRAIN,pushup_neck_01.mp4,636
165.0844533769835,158.3652136954944,1.1521225351657345,0.19211554034945746,108.60085992799759,0.020182669162750244,0.18207904696464539,161.8275204425052,NECK_STRAIN,pushup_neck_01.mp4,639
160.87576391854955,158.34529706870944,1.1158849353429545,0.18873158255644934,105.17155223429799,0.02255234122276306,0.18215292692184448,156.96535863788353,NECK_STRAIN,pushup_neck_01.mp4,642
157.9147268187189,162.3495304213403,1.1123181348999343,0.1903209996119077,105.2341615264312,0.025404155254364014,0.18363240361213684,152.2361593401681,NECK_STRAIN,pushup_neck_01.mp4,645
155.89757112680604,168.2322308851225,1.1222158505612825,0.1933605297555006,106.78150671038286,0.02851518988609314,0.1851249635219574,151.81730138698398,NECK_STRAIN,pushup_neck_01.mp4,648
147.9590147867338,172.49192280866149,1.1251105238037933,0.19357278918623164,107.58878523561197,0.04015350341796875,0.18452227115631104,146.2273870038391,NECK_STRAIN,pushup_neck_01.mp4,651
140.9289896962911,176.28687668302138,1.127040009858113,0.19397728344770587,108.23821166745765,0.051125943660736084,0.18423151969909668,144.1258253550075,NECK_STRAIN,pushup_neck_01.mp4,654
135.32182199179513,179.29558852635887,1.1097060894722526,0.18815152573539834,106.68229634032589,0.05780136585235596,0.18023160099983215,138.4586211217672,NECK_STRAIN,pushup_neck_01.mp4,657
130.75833924724435,179.02778141148258,1.0944616903898032,0.1873253533695028,104.68579919902382,0.06867587566375732,0.1812048852443695,137.47462662195778,NECK_STRAIN,pushup_neck_01.mp4,660
128.10856403112754,178.65435628868903,1.0888540198430212,0.18750243429085167,103.91600093629707,0.07266899943351746,0.18199852108955383,140.29940673932214,NECK_STRAIN,pushup_neck_01.mp4,663
127.80795480505448,179.2659538257585,1.0868106066317276,0.18769907419936102,103.70606477511414,0.07456177473068237,0.18235358595848083,140.81449703612867,NECK_STRAIN,pushup_neck_01.mp4,666
128.27528125639174,179.28851161513447,1.0968454277209876,0.18888275628943582,105.07338391992856,0.07208842039108276,0.18238326907157898,140.71481171072543,NECK_STRAIN,pushup_neck_01.mp4,669
127.23142151339185,179.5392194784351,1.103363366771092,0.1911069619313747,105.72442625274995,0.07200703024864197,0.18395426869392395,137.79874471013875,NECK_STRAIN,pushup_neck_01.mp4,672
138.02800322371414,178.05694136435798,1.1222275866228912,0.1936225110750146,108.09725492025837,0.05667129158973694,0.18404310941696167,139.49277596747473,NECK_STRAIN,pushup_neck_01.mp4,675
149.7916667931104,179.5220059818606,1.136066419753985,0.19330927628232336,109.53402570274396,0.042807936668395996,0.18218180537223816,141.668038708873,NECK_STRAIN,pushup_neck_01.mp4,678
151.866269139919,178.40316647039703,1.1503053453113579,0.19514653041357333,110.81271516445852,0.04216596484184265,0.18241125345230103,148.62736670420506,NECK_STRAIN,pushup_neck_01.mp4,681
155.14794226937667,176.82587201505746,1.1662386409918442,0.19693681362068421,112.14473748195267,0.04025354981422424,0.1824081540107727,151.99885410753797,NECK_STRAIN,pushup_neck_01.mp4,684
160.43227482720988,173.87025016734344,1.1737855085781461,0.1948230210278722,112.66392228952456,0.03348422050476074,0.1797773540019989,155.5215266277786,NECK_STRAIN,pushup_neck_01.mp4,687
162.75795653601736,171.30363398488385,1.1820157846884884,0.19189861491730403,113.34292763403138,0.02800413966178894,0.17618995904922485,157.1158761118216,NECK_STRAIN,pushup_neck_01.mp4,690
165.84960292412148,169.02501813424195,1.2020686338953523,0.19264345232110933,115.13525927319931,0.02379786968231201,0.17439958453178406,165.58643198659644,NECK_STRAIN,pushup_neck_01.mp4,693
167.96984801155554,166.7898427111576,1.2100646199652034,0.19179878535680836,115.79253953705171,0.019095897674560547,0.1726888120174408,169.4437331287332,NECK_STRAIN,pushup_neck_01.mp4,696
169.8336659450842,164.01034222649707,1.2007564064500018,0.19111904339550206,114.45232604815703,0.0156400203704834,0.1739749312400818,168.89351601455212,NECK_STRAIN,pushup_neck_01.mp4,699
169.47515641500698,161.63066576707817,1.1929892067308607,0.19261170069181233,113.10533832489094,0.015238910913467407,0.17715966701507568,167.5556129723904,NECK_STRAIN,pushup_neck_01.mp4,702
169.06205992687543,159.63164959436483,1.1684215876546726,0.18946222525424752,110.75774508418688,0.015895038843154907,0.17716237902641296,165.10265087136378,NECK_STRAIN,pushup_neck_01.mp4,705
168.0458988590799,161.56770930654426,1.1663577180727922,0.18963704798567949,110.76054671910158,0.01612958312034607,0.17732256650924683,166.73725777482244,NECK_STRAIN,pushup_neck_01.mp4,708
164.67243680947314,159.6232569933114,1.1316695674506971,0.18594249373339256,107.34322233105966,0.018923252820968628,0.17748790979385376,164.06421979930477,NECK_STRAIN,pushup_neck_01.mp4,711
161.35102018549787,162.78326266093362,1.1119139827091777,0.18498501052848423,105.71406710014489,0.020721375942230225,0.17807048559188843,154.64254574875991,NECK_STRAIN,pushup_neck_01.mp4,714
154.05016296386253,165.05399153795003,1.1035222103896034,0.1853915209369469,105.04691358442479,0.028122276067733765,0.17903441190719604,148.8016729176378,NECK_STRAIN,pushup_neck_01.mp4,717
143.33436191076444,169.07891386656172,1.1090128923028648,0.1883744066732379,105.88472948736447,0.0401555597782135,0.1811804175376892,146.7847612646172,NECK_STRAIN,pushup_neck_01.mp4,720
124.09265240289506,171.87063779968406,1.0980214756936464,0.1888951424095999,104.71395903400742,0.06259182095527649,0.18269982933998108,144.3733902585724,NECK_STRAIN,pushup_neck_01.mp4,723
118.71924761953156,172.75472562100737,1.0861607958394544,0.18703689804486945,103.34739325046925,0.07116934657096863,0.18198415637016296,140.45997754229438,NECK_STRAIN,pushup_neck_01.mp4,726
115.77021872549645,172.47877199418681,1.0686323997093972,0.1843514064230867,101.01889393764836,0.07608428597450256,0.18095237016677856,137.27585230305934,NECK_STRAIN,pushup_neck_01.mp4,729
117.47538962364004,173.8981814564642,1.068379044323156,0.1853223421525511,101.01824674545043,0.0744868814945221,0.1819058060646057,140.03939418404232,NECK_STRAIN,pushup_neck_01.mp4,732
119.55354014179728,175.7042560397827,1.0724042799373958,0.18713440500823583,101.54045266131489,0.07255777716636658,0.1833508312702179,139.27213152794556,NECK_STRAIN,pushup_neck_01.mp4,735
119.84032243757453,176.02991327623124,1.0736093201787267,0.18727401983400344,101.71918360096986,0.0719703733921051,0.18336984515190125,138.46460291437552,NECK_STRAIN,pushup_neck_01.mp4,738
121.38917563086444,176.33234935234682,1.0818577509589298,0.18801768727226198,102.82028950214439,0.07144886255264282,0.18333005905151367,139.1479853567736,NECK_STRAIN,pushup_neck_01.mp4,741
122.80169230219154,175.36664015619112,1.082452073316478,0.18867401939942616,102.80689963498686,0.06731811165809631,0.1839798092842102,141.20214915654972,NECK_STRAIN,pushup_neck_01.mp4,744
138.82457114875612,177.86238898141602,1.1042489732322505,0.19210546621927616,105.63677109643228,0.050301194190979004,0.18499484658241272,145.14114445436917,NECK_STRAIN,pushup_neck_01.mp4,747
147.23816640385053,176.54025415120924,1.1206178770601614,0.19456028117307558,107.24730223899816,0.043129295110702515,0.18581074476242065,151.649082534106,NECK_STRAIN,pushup_neck_01.mp4,750
151.64192640173414,175.21610619711623,1.133172300007475,0.19559566210075116,108.41846943571119,0.03847500681877136,0.18557506799697876,154.38098934323975,NECK_STRAIN,pushup_neck_01.mp4,753
151.0483973106175,174.50775861331712,1.1542369378123347,0.19805143764285615,110.50037841296995,0.0410994291305542,0.18550750613212585,158.48838543085552,NECK_STRAIN,pushup_neck_01.mp4,756
154.16249245947677,172.40322966642574,1.1690832870948629,0.19916468181403102,111.68848462582088,0.038673967123031616,0.18506371974945068,162.80316731032474,NECK_STRAIN,pushup_neck_01.mp4,759
159.88745733945163,172.84752724271402,1.1814184386159747,0.197532564156233,113.05612555135977,0.033329784870147705,0.18175232410430908,160.72838150239258,NECK_STRAIN,pushup_neck_01.mp4,762
165.1199962758209,171.90823623734747,1.1943495228650567,0.1985840065604977,114.00185730522212,0.0266093909740448,0.18141108751296997,162.31125129510306,NECK_STRAIN,pushup_neck_01.mp4,765
167.9498748191099,172.97099765240205,1.2089916712158848,0.19849484110617246,115.64889455719633,0.021460384130477905,0.1789337694644928,163.3820176678176,NECK_STRAIN,pushup_neck_01.mp4,768
170.5150102742321,174.81519808685496,1.2353169423571733,0.1992638803697951,118.21684120667035,0.016199886798858643,0.17558172345161438,163.40853765767145,NECK_STRAIN,pushup_neck_01.mp4,771
172.1214194177106,175.86151899822795,1.2508033804438643,0.2009560187705275,119.54111659239928,0.013744443655014038,0.174829363822937,161.27283055700195,NECK_STRAIN,pushup_neck_01.mp4,774
171.13776024709,115.89112963022279,0.9259732623315918,0.20268436142904547,81.7542777074233,0.0013973414897918701,0.20058882236480713,176.65672270673537,NECK_STRAIN,pushup_neck_02.mp4,3
170.69694056381437,112.77141472027803,0.9074728752734093,0.19809331099892089,79.12662695240843,0.0011704564094543457,0.1945364773273468,177.5219783664025,NECK_STRAIN,pushup_neck_02.mp4,6
171.3182426691735,108.44318984295664,0.8812243366643222,0.19538224770533813,75.44609008771423,0.0005612075328826904,0.1891120970249176,176.4736554649283,NECK_STRAIN,pushup_neck_02.mp4,9
169.7148914328758,104.6190080959361,0.8638080120854362,0.19007833539407984,72.78756320124258,0.0003692507743835449,0.181564599275589,172.98412956190703,NECK_STRAIN,pushup_neck_02.mp4,12
169.90016287706388,97.92902804093538,0.8246109686039274,0.19211663274281005,67.82615742071135,0.0022659599781036377,0.17790672183036804,179.28521918276832,NECK_STRAIN,pushup_neck_02.mp4,15
170.2229980363142,94.34659657567062,0.8031461422398071,0.19556463102973043,65.46063713427955,0.002172023057937622,0.1778985857963562,172.62884322702237,NECK_STRAIN,pushup_neck_02.mp4,18
170.13494057752163,91.56386233548126,0.7840044838516915,0.19898764647010023,63.359905664956784,0.00204312801361084,0.17786100506782532,175.21493780555056,NECK_STRAIN,pushup_neck_02.mp4,21
170.38709539218394,90.4347963072894,0.7714240247553954,0.20150092974550873,62.13753239074991,0.0025316178798675537,0.1781388521194458,172.6140415500857,NECK_STRAIN,pushup_neck_02.mp4,24
170.41683792635104,90.55004945951448,0.7728392234766851,0.20051335362728467,62.211867912585184,0.0024506449699401855,0.17738720774650574,174.21758875456717,NECK_STRAIN,pushup_neck_02.mp4,27
171.79852012383566,88.96722803156896,0.7609862405157898,0.20438435446030578,61.24164111423393,0.003214329481124878,0.17917224764823914,174.6148099916799,NECK_STRAIN,pushup_neck_02.mp4,30
171.7948889638344,90.42323422392836,0.7694105227812071,0.20424428340220108,62.347062077575025,0.0015858709812164307,0.1809120774269104,174.50390979574718,NECK_STRAIN,pushup_neck_02.mp4,33
171.46965244787887,93.2757165186327,0.7865218400272105,0.20383344367931924,64.58515638178191,0.0014188587665557861,0.18410524725914001,167.34394797563695,NECK_STRAIN,pushup_neck_02.mp4,36
172.3393091465646,97.92666820023435,0.8164458770823626,0.20010575648316,67.92423344525353,0.0027417540550231934,0.1854340136051178,167.97498259008066,NECK_STRAIN,pushup_neck_02.mp4,39
173.66589734907123,106.60513907346592,0.8678923896436388,0.19208915754933853,73.62535335245532,0.004346489906311035,0.18429696559906006,167.2852420835336,NECK_STRAIN,pushup_neck_02.mp4,42
174.20853278320158,110.32960150906328,0.8895434911196124,0.19005438649302026,76.28875406961261,0.007422298192977905,0.18463775515556335,167.54129273717376,NECK_STRAIN,pushup_neck_02.mp4,45
173.90246889324533,113.83024164084465,0.9005145203436313,0.1883170010300411,77.6393559776359,0.009006679058074951,0.1839512586593628,164.67115245013517,NECK_STRAIN,pushup_neck_02.mp4,48
173.36550736381858,116.51028298427433,0.9123654248035789,0.18426202914252068,78.90822390154524,0.010855257511138916,0.18081969022750854,163.59390977106185,NECK_STRAIN,pushup_neck_02.mp4,51
171.97078064339408,121.00233001717937,0.9323696408882621,0.17858072623332655,81.18874003420741,0.014659851789474487,0.17647293210029602,165.2706921728814,NECK_STRAIN,pushup_neck_02.mp4,54
173.0292455529595,119.70785591583001,0.9330741167023199,0.17988609924016916,81.37166902736708,0.01392674446105957,0.17784997820854187,166.19798782344532,NECK_STRAIN,pushup_neck_02.mp4,57
172.83157178041193,119.72010760585874,0.9310571031077607,0.18038909279661985,81.18728188668719,0.016257375478744507,0.1782592535018921,164.2324041823582,NECK_STRAIN,pushup_neck_02.mp4,60
173.62274618909944,119.86865603899963,0.9327138404016375,0.18101082557604786,81.40812143456698,0.01595255732536316,0.17897921800613403,166.50283175035787,NECK_STRAIN,pushup_neck_02.mp4,63
174.7355073557304,123.83164544295906,0.9512623193675227,0.18387586045655196,83.8829661844639,0.014649301767349243,0.18282881379127502,165.85846432384554,NECK_STRAIN,pushup_neck_02.mp4,66
173.56820286688261,127.07769479831666,0.9711034714873586,0.18386031531096078,86.3681427232417,0.015963315963745117,0.18349102139472961,169.21236085268328,NECK_STRAIN,pushup_neck_02.mp4,69
167.64548106083666,134.2928012413845,1.0012793995459217,0.18130388376947534,90.16698425556166,0.02176252007484436,0.18130311369895935,164.37746506712725,NECK_STRAIN,pushup_neck_02.mp4,72
162.3356253015962,138.17249152767266,1.0091165593098859,0.18449588643642906,91.19903436842165,0.027301758527755737,0.1844554841518402,162.25739298949415,NECK_STRAIN,pushup_neck_02.mp4,75
159.22160934489509,145.77179015864283,1.0390591053977527,0.18895481253389154,95.11451759303131,0.03260987997055054,0.1882024109363556,166.40088074764526,NECK_STRAIN,pushup_neck_02.mp4,78
152.70530813772197,156.51475827410306,1.0759260023153385,0.19335763170764828,100.12999451273703,0.04062575101852417,0.19034311175346375,161.20604806626238,NECK_STRAIN,pushup_neck_02.mp4,81
148.23410623751562,166.2021017995789,1.1019760608404716,0.19636581860179328,103.81785882248106,0.0454728901386261,0.19068238139152527,156.0487253704856,NECK_STRAIN,pushup_neck_02.mp4,84
140.25715205393197,172.65946490115562,1.123870252372374,0.19621131991225807,107.09798409535479,0.05437934398651123,0.1875385344028473,148.37707169021962,NECK_STRAIN,pushup_neck_02.mp4,87
137.9375607725583,175.94328078399073,1.1252040835171395,0.19475945368834027,107.88201904134485,0.05577084422111511,0.18534979224205017,150.11436481489957,NECK_STRAIN,pushup_neck_02.mp4,90
126.14571403509441,179.0566372276831,1.1314302073910913,0.19600496704246465,109.02362092758574,0.07229873538017273,0.185298889875412,152.47966099460376,NECK_STRAIN,pushup_neck_02.mp4,93
123.55456835278981,177.23658619342856,1.1200564032755993,0.1954768990117912,107.99278033888938,0.07178479433059692,0.18591618537902832,157.88958829259434,NECK_STRAIN,pushup_neck_02.mp4,96
119.02809849926118,175.61309379103864,1.114980233839401,0.19501075053245634,107.5349101991599,0.07592654228210449,0.18594834208488464,161.80836541453985,NECK_STRAIN,pushup_neck_02.mp4,99
118.90605007990116,174.12373888890716,1.1062192638683659,0.19391392961260967,106.65485857829665,0.08302643895149231,0.18577811121940613,165.38334839167308,NECK_STRAIN,pushup_neck_02.mp4,102
113.71449968335993,174.48996709404983,1.0994860074795396,0.1931390592290353,105.77682830036866,0.08642563223838806,0.18586236238479614,161.39037987261045,NECK_STRAIN,pushup_neck_02.mp4,105
114.06409912007824,175.85468203576758,1.0953230505488614,0.19288315961627417,105.13093163110382,0.0845264196395874,0.18619555234909058,159.11280690436902,NECK_STRAIN,pushup_neck_02.mp4,108
111.6864700919664,175.76850934336585,1.1030427319037597,0.19345561135497585,106.14053672477466,0.08405038714408875,0.1858293116092682,154.45447904092217,NECK_STRAIN,pushup_neck_02.mp4,111
109.96815056998636,176.23375449617768,1.1076869608723015,0.1962167205550014,106.46835162200703,0.08602264523506165,0.18816637992858887,152.83129336900765,NECK_STRAIN,pushup_neck_02.mp4,114
108.4170852337676,178.28302766540455,1.1031420065507422,0.19527848805048434,105.74940557600453,0.0861697793006897,0.18794658780097961,153.73217979845168,NECK_STRAIN,pushup_neck_02.mp4,117
120.19944738434452,177.6155991093639,1.1156151257950888,0.19613715830289055,107.35668213487455,0.07336923480033875,0.18720534443855286,154.10414445048966,NECK_STRAIN,pushup_neck_02.mp4,120
134.18163736369127,173.1531822869584,1.158065540122737,0.20171767507923236,112.42667144369135,0.06217557191848755,0.18645989894866943,154.10149495993943,NECK_STRAIN,pushup_neck_02.mp4,123
146.54657705893283,170.705875988549,1.1894382302044848,0.2063189382406632,115.77381587078267,0.049229174852371216,0.1857917308807373,157.37521812031173,NECK_STRAIN,pushup_neck_02.mp4,126
155.72486573363256,173.14966066698426,1.2025044495394916,0.20710687876140177,116.76633993898513,0.039931535720825195,0.18491321802139282,156.28876824858844,NECK_STRAIN,pushup_neck_02.mp4,129
155.54090117720185,174.3424676980155,1.21100707489716,0.20683985231740004,117.19432943606395,0.0421375036239624,0.1839737594127655,149.45610017128558,NECK_STRAIN,pushup_neck_02.mp4,132
160.5813558720075,173.40878623620551,1.2247070278867922,0.20851644175079465,118.33629838021204,0.037371039390563965,0.18352878093719482,149.2429913578545,NECK_STRAIN,pushup_neck_02.mp4,135
160.6832755792168,172.77484995691094,1.2594282747130185,0.2109623325641661,121.18166749160886,0.037288546562194824,0.1804814636707306,152.2476310220778,NECK_STRAIN,pushup_neck_02.mp4,138
164.1235843961741,175.31886052324793,1.2601323200959116,0.20835063899688008,121.03826987924073,0.03245970606803894,0.17851653695106506,154.20886199958844,NECK_STRAIN,pushup_neck_02.mp4,141
170.00938981964222,174.43860683001984,1.2773376132123266,0.20938889900435811,122.5030906937035,0.02358037233352661,0.17658731341362,152.40535149131168,NECK_STRAIN,pushup_neck_02.mp4,144
170.02743043606716,175.68957151381434,1.2824395590657687,0.2086292845695798,122.69878742069228,0.022316187620162964,0.17556270956993103,152.32203176805578,NECK_STRAIN,pushup_neck_02.mp4,147
168.91991325859593,175.3555210616832,1.2743533051399625,0.20763512524946753,122.10843589452091,0.02370205521583557,0.17587268352508545,153.8910453421228,NECK_STRAIN,pushup_neck_02.mp4,150
169.58071695925955,175.20249120190928,1.2644366833329175,0.2084310634218656,121.11083195957161,0.023839950561523438,0.17844918370246887,154.6954134247056,NECK_STRAIN,pushup_neck_02.mp4,153
159.0100561607926,174.86061670293347,1.2624534119542823,0.2088195946686243,120.9563736347043,0.03765636682510376,0.1790720820426941,155.81118730315475,NECK_STRAIN,pushup_neck_02.mp4,156
149.5674261903248,172.88760474705015,1.2385086471920137,0.20785037207503892,119.54328071035702,0.04732966423034668,0.18082359433174133,160.92438025636935,NECK_STRAIN,pushup_neck_02.mp4,159
143.35694766798616,171.40197880337547,1.2157357940618947,0.2059389658266223,118.04573562504473,0.051899343729019165,0.18175357580184937,162.18002205752146,NECK_STRAIN,pushup_neck_02.mp4,162
137.53573218234385,169.73609078474837,1.1947146570561322,0.20550060945530121,116.26261193929128,0.058228105306625366,0.1842857003211975,161.8568785679637,NECK_STRAIN,pushup_neck_02.mp4,165
128.44387682602337,168.0410192212621,1.1782152001469537,0.2044525928275733,114.93270559623626,0.06562277674674988,0.18539637327194214,160.28975506507516,NECK_STRAIN,pushup_neck_02.mp4,168
120.4711344431878,168.6588604241168,1.1538316341058505,0.20203587286761382,112.34028760592291,0.07782712578773499,0.1868700385093689,161.2047411681381,NECK_STRAIN,pushup_neck_02.mp4,171
113.0503690646429,171.04002461185183,1.1119725993521457,0.1971237752046076,107.39754304601253,0.08194530010223389,0.188105046749115,157.2969895064152,NECK_STRAIN,pushup_neck_02.mp4,174
106.99968364932549,169.96184856413214,1.1007738973373264,0.19505878922603262,106.13078311497533,0.087643563747406,0.18737852573394775,155.15152411241047,NECK_STRAIN,pushup_neck_02.mp4,177
107.25612651924756,170.82050954983197,1.0847028905995444,0.1932522398123034,103.96004469603905,0.08499833941459656,0.18754377961158752,153.51041622275625,NECK_STRAIN,pushup_neck_02.mp4,180
106.3521426305834,170.9645619045327,1.0783031602443736,0.1926592556186277,103.09166762533599,0.0910598635673523,0.18765130639076233,154.15502175377665,NECK_STRAIN,pushup_neck_02.mp4,183
106.35899743691245,168.59345993266078,1.0841793051957254,0.19447039169874503,104.00187625912885,0.09053024649620056,0.188691645860672,155.06348578643764,NECK_STRAIN,pushup_neck_02.mp4,186
104.54053236574954,166.54921316912984,1.089954709753343,0.19548081861873812,104.926412383758,0.0883718729019165,0.18888410925865173,154.75964135742487,NECK_STRAIN,pushup_neck_02.mp4,189
106.81984163409489,165.34355349572883,1.1008101682777913,0.19781822858544912,106.41361825809268,0.08799242973327637,0.18975567817687988,154.37152140434227,NECK_STRAIN,pushup_neck_02.mp4,192
106.73062215613123,166.66528975049448,1.1025145503907572,0.1988903754250987,106.45964722536509,0.08814436197280884,0.19073891639709473,149.0591432815623,NECK_STRAIN,pushup_neck_02.mp4,195
105.82878446776023,167.20415835587778,1.1057770900332948,0.2000958060552774,106.78140974030383,0.0878363847732544,0.19157350063323975,149.5060446043635,NECK_STRAIN,pushup_neck_02.mp4,198
110.93157402579997,173.33759189846356,1.0984912470311958,0.19991383214162484,105.3125594992774,0.08591002225875854,0.19281607866287231,145.88146722017538,NECK_STRAIN,pushup_neck_02.mp4,201
120.36928855546768,175.03500762214452,1.1115566943077675,0.20302642802753224,106.61200817786151,0.07535287737846375,0.19455179572105408,142.58817519395706,NECK_STRAIN,pushup_neck_02.mp4,204
128.45320582975543,174.76447907765404,1.1339786299890222,0.2057496802029161,109.1377046438108,0.06481695175170898,0.19437745213508606,144.82528114205917,NECK_STRAIN,pushup_neck_02.mp4,207
138.42373738534152,173.6130296669453,1.1647347858255186,0.20996232233217257,112.27995989579601,0.05807986855506897,0.19428548216819763,148.78458277006638,NECK_STRAIN,pushup_neck_02.mp4,210
146.13994811976002,175.01765857477682,1.1842161952661079,0.2127489816605149,113.77822517859248,0.053219497203826904,0.19468757510185242,155.3191336885752,NECK_STRAIN,pushup_neck_02.mp4,213
152.3784024170714,176.74281543204233,1.186794087674953,0.2124634056262067,113.6910980422553,0.047888487577438354,0.19455629587173462,155.386088804623,NECK_STRAIN,pushup_neck_02.mp4,216
155.13542873076986,179.58935394695993,1.1946783810715165,0.21075735594371742,114.08243657577945,0.04752698540687561,0.19241106510162354,157.10417970267463,NECK_STRAIN,pushup_neck_02.mp4,219
159.22556726754823,178.30224467072188,1.2237918702200226,0.21121072080141787,116.90817852095616,0.042097896337509155,0.18834125995635986,158.5552098179684,NECK_STRAIN,pushup_neck_02.mp4,222
163.78966519617234,178.2821133409978,1.2308341885786882,0.20903821839823494,117.05068193464018,0.0359167754650116,0.18616807460784912,157.55969325777113,NECK_STRAIN,pushup_neck_02.mp4,225
166.94964607490684,178.19011383267167,1.2482103607809862,0.20965951792568022,118.26811713810099,0.03158918023109436,0.18465319275856018,161.8287676764982,NECK_STRAIN,pushup_neck_02.mp4,228
171.19994240572626,173.61888581885623,1.250508550586712,0.20923257071628412,117.97514829832383,0.02498355507850647,0.1847814917564392,168.23484658578352,NECK_STRAIN,pushup_neck_02.mp4,231
170.87218964861344,172.57124888789778,1.2417322843609233,0.20675165465820886,117.33002206165295,0.023744702339172363,0.1836709976196289,170.74043961022522,NECK_STRAIN,pushup_neck_02.mp4,234
169.78068969897075,174.24816066166636,1.2351430069912266,0.20635534580872694,116.9680727993323,0.02486899495124817,0.18391382694244385,170.29921549585146,NECK_STRAIN,pushup_neck_02.mp4,237
166.40537370209736,173.85559672021074,1.2325771652936282,0.2058780199317109,117.12330506276723,0.029522448778152466,0.18323475122451782,173.3424591052589,NECK_STRAIN,pushup_neck_02.mp4,240
165.23230883857707,175.0969060339682,1.234166612584995,0.20856033625576126,117.41342349103006,0.030669808387756348,0.18513819575309753,176.41851496034576,NECK_STRAIN,pushup_neck_02.mp4,243
162.90674007699417,177.851024498059,1.2080745004321654,0.2085683092114048,115.62678175103794,0.029523134231567383,0.18804946541786194,179.27910643025362,NECK_STRAIN,pushup_neck_02.mp4,246
152.9770046098246,179.43873618459963,1.1974000266463662,0.20929293244141836,115.03673772406535,0.04140785336494446,0.189625084400177,178.96237259272087,NECK_STRAIN,pushup_neck_02.mp4,249
150.38359250843084,176.4485742485086,1.1811734421837214,0.2073143937930033,114.0264057119032,0.04186651110649109,0.189350426197052,178.7100400627423,NECK_STRAIN,pushup_neck_02.mp4,252
134.57176734385777,175.28232456007552,1.148890572545038,0.20302318921067966,110.97782991757998,0.05752256512641907,0.1895652413368225,171.9802921906922,NECK_STRAIN,pushup_neck_02.mp4,255
120.30890219836105,174.3544356190934,1.1321731385757956,0.20246884401343715,109.20540639300378,0.07671183347702026,0.19119936227798462,168.53757044920943,NECK_STRAIN,pushup_neck_02.mp4,258
114.88467124889283,174.1099645967552,1.1038970792269143,0.198831248195022,105.93410033094592,0.0861559510231018,0.19119098782539368,163.30282264081725,NECK_STRAIN,pushup_neck_02.mp4,261
118.81179937616044,173.11408902597663,1.0887650130712514,0.19704469527757618,104.08357287045766,0.07727706432342529,0.19112128019332886,161.6760664361969,NECK_STRAIN,pushup_neck_02.mp4,264
113.06879564935338,172.38469127566876,1.0780231482564429,0.19541159900294913,102.7539541204057,0.08003807067871094,0.19058972597122192,161.05588935143737,NECK_STRAIN,pushup_neck_02.mp4,267
108.87829687440436,171.73499292626903,1.078966732574997,0.1946924699503461,103.05744333410065,0.0808810293674469,0.18965798616409302,159.20582666831532,NECK_STRAIN,pushup_neck_02.mp4,270
104.40926664067663,170.60084753511063,1.0847764776413178,0.19483740805740524,103.96786778296307,0.08587470650672913,0.18907570838928223,155.79107932558944,NECK_STRAIN,pushup_neck_02.mp4,273
101.77290536767053,168.93086650521153,1.0952095044278662,0.19607842314003104,105.48233264339697,0.08295166492462158,0.18896254897117615,155.20329773340515,NECK_STRAIN,pushup_neck_02.mp4,276
107.94022211085289,170.52406044027262,1.0920521836786985,0.19555314050918204,104.91080654430493,0.0811421275138855,0.18896770477294922,150.93135208007655,NECK_STRAIN,pushup_neck_02.mp4,279
108.49143652489573,176.48615806128126,1.0728662643661582,0.19408851093932075,101.81614842587315,0.08101776242256165,0.1899752914905548,146.94895585380166,NECK_STRAIN,pushup_neck_02.mp4,282
116.09570293274713,178.76640533505278,1.080180951803256,0.1952173727999465,102.61112743691517,0.07455641031265259,0.19050714373588562,144.43955680402112,NECK_STRAIN,pushup_neck_02.mp4,285
125.20285498544065,178.66083893937108,1.091663791261103,0.1963633511505811,103.8749580724504,0.06647920608520508,0.1906331479549408,142.88481613281957,NECK_STRAIN,pushup_neck_02.mp4,288
138.72552398953826,176.18664203905342,1.1042509372280809,0.19846045152773428,105.05295169871353,0.05487769842147827,0.19164982438087463,145.86801870176262,NECK_STRAIN,pushup_neck_02.mp4,291
148.328832997325,178.25641623369057,1.134935022277718,0.2021973665874713,108.49770896345206,0.04763874411582947,0.19175004959106445,151.2405655190296,NECK_STRAIN,pushup_neck_02.mp4,294
154.454206024377,176.57221353202107,1.1480579004440008,0.20394312532686748,109.53174024244217,0.04230165481567383,0.19220632314682007,154.22529448829346,NECK_STRAIN,pushup_neck_02.mp4,297
162.7896175757461,176.81796328312885,1.1722936092625862,0.20587752159140535,111.73156764021078,0.03241446614265442,0.19124406576156616,158.22731854963672,NECK_STRAIN,pushup_neck_02.mp4,300
163.56887271843144,173.1954292239982,1.1830188422273584,0.20525888554404584,112.24066345259656,0.03072601556777954,0.18998652696609497,162.27602223127036,NECK_STRAIN,pushup_neck_02.mp4,303
165.8353311345276,169.73894874350236,1.1860145152081627,0.20097049989985977,112.5655803044711,0.028823494911193848,0.18558278679847717,162.109181787368,NECK_STRAIN,pushup_neck_02.mp4,306
169.62983509670337,169.57626719091084,1.2151386691401562,0.20188577574122765,115.00696550472172,0.024758875370025635,0.18295830488204956,167.87330144407628,NECK_STRAIN,pushup_neck_02.mp4,309
172.28222147211167,168.79004155386022,1.2265430322917608,0.20242097139896612,115.93143568563912,0.019778072834014893,0.18203869462013245,164.04732381367162,NECK_STRAIN,pushup_neck_02.mp4,312
172.2312056905586,170.22774162535242,1.2401477559751608,0.2045277887949903,117.06482226255648,0.01883244514465332,0.18212810158729553,169.74235742640192,NECK_STRAIN,pushup_neck_02.mp4,315
171.78950108261142,171.84913315334498,1.2449128124995923,0.20534642770894912,117.59712766327587,0.019232451915740967,0.18198108673095703,169.26052227335504,NECK_STRAIN,pushup_neck_02.mp4,318
170.35169286529936,172.52081232583237,1.2364886786282965,0.20531291171909097,117.05473989264617,0.020437389612197876,0.18284368515014648,167.9739966586057,NECK_STRAIN,pushup_neck_02.mp4,321
167.8451345831616,177.7196407555012,1.2625295906720913,0.21237424116195344,119.40784902220935,0.025496095418930054,0.18500632047653198,170.35389762496936,NECK_STRAIN,pushup_neck_02.mp4,324
164.25088806438455,178.45392602309994,1.2352258556868114,0.21366838903998506,117.30344694811083,0.03133058547973633,0.18986114859580994,172.2508199269336,NECK_STRAIN,pushup_neck_02.mp4,327
159.75945811768167,178.95685052816543,1.202774832691873,0.20996377132958294,115.32718166358268,0.03571194410324097,0.18977996706962585,175.46386422851822,NECK_STRAIN,pushup_neck_02.mp4,330
154.799310550524,177.249939332012,1.1757642156162493,0.20794750335720003,113.1764924896616,0.037472695112228394,0.1911638081073761,173.23649543906785,NECK_STRAIN,pushup_neck_02.mp4,333
142.29036468891576,175.1774368915221,1.160645778108429,0.2057354332694305,112.15908137006782,0.0487041175365448,0.19053831696510315,164.77171868519184,NECK_STRAIN,pushup_neck_02.mp4,336
124.22910343137922,172.06519194704111,1.1457358933999915,0.20417668130019923,110.87374392713687,0.06978034973144531,0.19077476859092712,165.88189137137527,NECK_STRAIN,pushup_neck_02.mp4,339
117.94730508625202,171.4329470813238,1.1194020721179871,0.2008369049523321,107.98486283675103,0.07773983478546143,0.19102263450622559,164.10912697822437,NECK_STRAIN,pushup_neck_02.mp4,342
108.3750831054644,170.13762106941542,1.1006011802623714,0.19752650422413773,105.94606564324741,0.086375892162323,0.18992504477500916,158.44044930543842,NECK_STRAIN,pushup_neck_02.mp4,345
101.83447758255043,169.1414510018059,1.09208840734637,0.19666806430049674,104.94911686548087,0.08685222268104553,0.19001120328903198,151.05410577235529,NECK_STRAIN,pushup_neck_02.mp4,348
98.68038885291521,168.54207179445214,1.0893175815413283,0.19617875028422987,104.66830121674114,0.0862022340297699,0.1897842288017273,150.57125835732376,NECK_STRAIN,pushup_neck_02.mp4,351
97.13606242876128,167.60332540941366,1.0899585335489452,0.19613231866132785,104.84549518076686,0.08620002865791321,0.18958479166030884,149.30583442473295,NECK_STRAIN,pushup_neck_02.mp4,354
101.25647906726758,164.98942386726114,1.1087973818146775,0.19876534750067007,107.49407603506143,0.08602669835090637,0.18957111239433289,146.47862251734435,NECK_STRAIN,pushup_neck_02.mp4,357
105.68771065904971,167.40053723596347,1.1053956397122007,0.19836722290954095,106.81775529621784,0.08847853541374207,0.18988215923309326,144.66285193793777,NECK_STRAIN,pushup_neck_02.mp4,360
109.97084378980972,170.03624002944022,1.1012886619278648,0.19772702416297214,106.05456351940165,0.08641272783279419,0.19001463055610657,143.5010546548961,NECK_STRAIN,pushup_neck_02.mp4,363
117.57373722202061,172.02989693755478,1.1090391708107357,0.19939172747889722,106.75131491305937,0.0822809636592865,0.1909296214580536,138.78864752253457,NECK_STRAIN,pushup_neck_02.mp4,366
128.01360656434488,173.45318013687975,1.1248997352308534,0.2016632225447387,108.40327802570363,0.06982594728469849,0.19134870171546936,139.30544085457538,NECK_STRAIN,pushup_neck_02.mp4,369
139.3676741444257,173.61334064402251,1.1569365247865127,0.20672435327305033,111.65090932228989,0.05475965142250061,0.19213828444480896,139.64877936595914,NECK_STRAIN,pushup_neck_02.mp4,372
150.72115704549478,172.98860569744264,1.1776475859412954,0.21131015759631414,113.4611560750131,0.043339669704437256,0.19383946061134338,147.0984424215159,NECK_STRAIN,pushup_neck_02.mp4,375
160.14887991192347,170.75049418006066,1.2029116290388735,0.21563699410942622,115.8657242998937,0.03448766469955444,0.19403213262557983,150.47615964948432,NECK_STRAIN,pushup_neck_02.mp4,378
160.8599164080407,170.15981895194076,1.2400518314415785,0.21482785493485795,119.52127662017644,0.034168392419815063,0.18693456053733826,152.88869127401207,NECK_STRAIN,pushup_neck_02.mp4,381
164.5313712166353,169.4745224617834,1.2688443610606128,0.2187060581797388,121.9213882450412,0.029068589210510254,0.18562880158424377,152.698819768413,NECK_STRAIN,pushup_neck_02.mp4,384
165.40514564991813,169.45953352475217,1.29324681064023,0.22070772964886065,123.69583378935492,0.025716632604599,0.18362390995025635,155.24973087676196,NECK_STRAIN,pushup_neck_02.mp4,387
169.45640941638698,169.7285436312884,1.3274017694124889,0.2230507759741209,126.08187978532696,0.018142491579055786,0.18026003241539001,156.34394028592524,NECK_STRAIN,pushup_neck_02.mp4,390
172.42371398815098,171.29720109028807,1.3349125178000179,0.22232543955978662,126.44839820643777,0.012197494506835938,0.17883247137069702,158.1567511848345,NECK_STRAIN,pushup_neck_02.mp4,393
172.52921943665532,173.16004066007238,1.3304459901999426,0.22039217889325455,125.99298894919683,0.012748479843139648,0.17831259965896606,156.28837298880094,NECK_STRAIN,pushup_neck_02.mp4,396
170.11412095551503,175.55164375334022,1.2957696632200042,0.21676147926587436,123.31253142519122,0.01646527647972107,0.181141197681427,156.80153112616028,NECK_STRAIN,pushup_neck_02.mp4,399
165.07623276168903,174.3429151969229,1.2805459757667763,0.2172731735313423,121.96823444772127,0.02268722653388977,0.18431860208511353,159.72675649510214,NECK_STRAIN,pushup_neck_02.mp4,402
156.9063118717194,174.82046312053566,1.2589438050752781,0.21501679033502463,120.49390850813984,0.03164270520210266,0.18527334928512573,153.06445988870604,NECK_STRAIN,pushup_neck_02.mp4,405
147.89841078867062,175.0546163065818,1.221007643637243,0.20882928363146044,118.00547993412519,0.042281925678253174,0.18437343835830688,151.9500986187771,NECK_STRAIN,pushup_neck_02.mp4,408
145.40738283060637,172.83540246055568,1.2029241085093767,0.20878720398756087,116.61789828029816,0.04432108998298645,0.18665650486946106,152.27063956632566,NECK_STRAIN,pushup_neck_02.mp4,411
142.51793764559505,168.28662434783934,1.1968914427246755,0.21047325731760383,116.41168478662637,0.04616212844848633,0.18850207328796387,151.50073297458542,NECK_STRAIN,pushup_neck_02.mp4,414
135.51248661476038,166.3772668559612,1.1768324717637535,0.20811705623793952,114.66656161771756,0.053463488817214966,0.18912485241889954,151.9296793242465,NECK_STRAIN,pushup_neck_02.mp4,417
122.75565448232581,165.39469074734507,1.1485339550081655,0.2017671687917247,112.19808098170157,0.0690678060054779,0.18681129813194275,153.83325733360908,NECK_STRAIN,pushup_neck_02.mp4,420
112.53690767220294,165.77609276777036,1.1244412264968742,0.19763619488495066,109.49300123314403,0.07933643460273743,0.18630695343017578,153.39769225307103,NECK_STRAIN,pushup_neck_02.mp4,423
104.3843682656998,167.7217954691024,1.09525558870938,0.19482904371638907,105.5330715072857,0.0842055082321167,0.18771237134933472,146.85902766650773,NECK_STRAIN,pushup_neck_02.mp4,426
99.0668591371642,166.86976995581497,1.091487251724445,0.19574513244439629,105.02846135448512,0.08562657237052917,0.1890493929386139,147.39586185052116,NECK_STRAIN,pushup_neck_02.mp4,429
96.32260019221971,164.23761159836766,1.0966249764488136,0.19689308521385,105.93049181697812,0.0852726399898529,0.18933069705963135,149.4201276199599,NECK_STRAIN,pushup_neck_02.mp4,432
96.12406577971122,163.33125599726992,1.1045609291353458,0.1973115588694027,107.09401760826344,0.08704894781112671,0.18859416246414185,144.4489471941614,NECK_STRAIN,pushup_neck_02.mp4,435
101.4638594743593,163.7754076282928,1.1112458172966158,0.19677220891766983,108.00134099935744,0.08615443110466003,0.18713906407356262,142.37156887348783,NECK_STRAIN,pushup_neck_02.mp4,438
106.00090795068084,170.91130307496232,1.0912630457213788,0.19445670933696882,104.76180673169894,0.08583831787109375,0.1880376935005188,136.46631164637847,NECK_STRAIN,pushup_neck_02.mp4,441
116.97604619323187,175.38499034192517,1.085501873249493,0.19554884426465738,103.51072939288709,0.07160750031471252,0.19013670086860657,132.41249174480532,NECK_STRAIN,pushup_neck_02.mp4,444
128.22182022968775,174.23931801344898,1.1154641197986175,0.1992311972938857,107.3090889529123,0.06541123986244202,0.1902078092098236,132.95143646962634,NECK_STRAIN,pushup_neck_02.mp4,447
139.7353048215217,174.50245349376286,1.1501232138506658,0.20430912453091293,111.03210159497316,0.05727532505989075,0.1906965672969818,142.34273207520147,NECK_STRAIN,pushup_neck_02.mp4,450
154.05808543467333,172.2948862719844,1.1834964523686877,0.20987178091389996,114.355660511945,0.042359620332717896,0.19119197130203247,146.98350429654724,NECK_STRAIN,pushup_neck_02.mp4,453
159.0846196547205,170.58571410930278,1.2147240826429548,0.2152402674042251,117.07826901690615,0.03736957907676697,0.19164448976516724,153.21945184494274,NECK_STRAIN,pushup_neck_02.mp4,456
159.7282524218405,171.10226198742652,1.2375781951741245,0.21443454753282382,119.15629854592044,0.035210996866226196,0.1872616708278656,157.39947824388662,NECK_STRAIN,pushup_neck_02.mp4,459
164.29846893197015,172.75032687303545,1.2519278284379247,0.21488155226017003,120.19958161025501,0.027698904275894165,0.18571457266807556,160.44028156510493,NECK_STRAIN,pushup_neck_02.mp4,462
168.09613357241375,171.23682904744587,1.2941920023059508,0.21735029745376028,123.80719286169013,0.02146071195602417,0.18059581518173218,159.60856320208805,NECK_STRAIN,pushup_neck_02.mp4,465
169.94874136676123,173.12225726286658,1.2942540898252315,0.21703343220644178,123.52432923094325,0.017732560634613037,0.18092656135559082,158.64853712667275,NECK_STRAIN,pushup_neck_02.mp4,468
171.06134638884328,173.4183732823041,1.2972694130797966,0.21687699023610038,123.776162828272,0.015784770250320435,0.18026787042617798,157.687980035972,NECK_STRAIN,pushup_neck_02.mp4,471
170.4936659450464,174.4499831728098,1.291689833591161,0.2168685954497494,123.20716123367542,0.014875829219818115,0.18144947290420532,157.83131768087082,NECK_STRAIN,pushup_neck_02.mp4,474
167.15524144759257,175.33461247308634,1.276621363661667,0.21721057917141248,121.80304641367026,0.019931167364120483,0.18459632992744446,157.60234333217838,NECK_STRAIN,pushup_neck_02.mp4,477
164.82130000544015,172.4743401626931,1.2859521036790453,0.22001795116490636,122.69666858426383,0.021609127521514893,0.18515092134475708,154.31363782040538,NECK_STRAIN,pushup_neck_02.mp4,480
159.5429931677061,171.8685793766205,1.2598061618338992,0.21659639736124103,121.12152454596358,0.02776584029197693,0.1854192018508911,154.3298428199612,NECK_STRAIN,pushup_neck_02.mp4,483
146.0419658486287,169.21011862322797,1.2325221015883445,0.21141346557333704,119.80645155032099,0.04249221086502075,0.183442622423172,153.9571458599625,NECK_STRAIN,pushup_neck_02.mp4,486
144.84172104102157,165.85387267953465,1.2180892636297076,0.2125535260331049,118.70584031449548,0.04290774464607239,0.18642747402191162,155.14382742942502,NECK_STRAIN,pushup_neck_02.mp4,489
137.39816128334465,165.47458855728948,1.1867472846480749,0.21008884228844685,115.7245000376972,0.04917299747467041,0.1892651617527008,155.1048154492146,NECK_STRAIN,pushup_neck_02.mp4,492
127.10550471093937,164.35120600245378,1.1586633148971948,0.20501689892036937,113.17427382794904,0.0621945858001709,0.18847283720970154,154.7412448913342,NECK_STRAIN,pushup_neck_02.mp4,495
115.68602495468008,164.43364876355335,1.1342041279605413,0.20122908575205256,110.60284827231384,0.07578903436660767,0.18835756182670593,157.0305981772326,NECK_STRAIN,pushup_neck_02.mp4,498
106.99773143589721,162.95344754328607,1.1132040664184462,0.19687725480754928,108.18544918697053,0.08222594857215881,0.1870424747467041,147.28076964471236,NECK_STRAIN,pushup_neck_02.mp4,501
101.08881246227021,160.4683221940445,1.1131473078390115,0.1976016839830199,108.33611018037423,0.08626207709312439,0.18756788969039917,144.14775384931343,NECK_STRAIN,pushup_neck_02.mp4,504
95.66136293073838,161.78714625085502,1.1029883527155746,0.19679802236228083,106.98333587673635,0.08944010734558105,0.1882147192955017,143.18209823042753,NECK_STRAIN,pushup_neck_02.mp4,507
94.52349164587285,162.9983931145231,1.0996839355205403,0.19674187277515512,106.43170865936486,0.0868033766746521,0.18870562314987183,145.7897379977517,NECK_STRAIN,pushup_neck_02.mp4,510
96.28806722957788,162.96046067642288,1.105261513755667,0.19727928325381797,107.1709864801833,0.08523175120353699,0.18848523497581482,142.93201007671885,NECK_STRAIN,pushup_neck_02.mp4,513
100.32380760556032,162.34070689710953,1.113645903957939,0.19837027132205073,108.2798339405113,0.08485716581344604,0.18835866451263428,142.1442942910537,NECK_STRAIN,pushup_neck_02.mp4,516
103.60494263351124,166.00334157093934,1.1063891201861362,0.19811114809776334,107.0020812585267,0.08149069547653198,0.18945163488388062,142.03555549828528,NECK_STRAIN,pushup_neck_02.mp4,519
114.3556111303887,169.6389746867428,1.112158266397569,0.19948629328394926,107.26998013839186,0.07838904857635498,0.19049182534217834,138.21911259701545,NECK_STRAIN,pushup_neck_02.mp4,522
131.1699706266934,171.67893326042773,1.1309043805714927,0.20518975561208025,108.99828952655054,0.06279978156089783,0.1940115988254547,136.75627684186986,NECK_STRAIN,pushup_neck_02.mp4,525
138.43104806784106,170.10686903756303,1.1616593341560482,0.21122985614957115,112.11150680694035,0.056772470474243164,0.1956930160522461,139.68825334760893,NECK_STRAIN,pushup_neck_02.mp4,528
143.7032835764319,169.64926547240236,1.1868223914036318,0.21568745717422103,114.33574205189102,0.051247477531433105,0.19652098417282104,145.58753246480694,NECK_STRAIN,pushup_neck_02.mp4,531
154.35277643197256,168.991275800739,1.2158732844987254,0.21863500133042688,116.94286394068877,0.04053029417991638,0.19490179419517517,155.27020299721661,NECK_STRAIN,pushup_neck_02.mp4,534
157.81046351323462,171.06980592584375,1.2301233740425075,0.21553927747818805,118.3772304519599,0.03461077809333801,0.1896369755268097,158.48918016726785,NECK_STRAIN,pushup_neck_02.mp4,537
163.13705761901028,171.48273324023705,1.2502996658249097,0.215861594993322,120.17347861634572,0.027559667825698853,0.18661105632781982,164.29130125535016,NECK_STRAIN,pushup_neck_02.mp4,540
164.23812044466968,175.9028639495838,1.2686151830224928,0.2148723666814978,121.15328943870429,0.024673789739608765,0.1838817000389099,165.03644808060997,NECK_STRAIN,pushup_neck_02.mp4,543
167.4832352966254,175.9001361659353,1.2886967867129273,0.21620940483216688,122.6925208859537,0.01949372887611389,0.18195432424545288,163.0607077905126,NECK_STRAIN,pushup_neck_02.mp4,546
169.77963122714692,174.72542923644224,1.3144493391407361,0.2197936292142672,124.50436838182438,0.015985876321792603,0.18112429976463318,160.91245363096408,NECK_STRAIN,pushup_neck_02.mp4,549
170.3131974453624,175.18372360684177,1.309702050280296,0.2180080493252089,124.18868356158761,0.015937328338623047,0.18033060431480408,160.69766772218105,NECK_STRAIN,pushup_neck_02.mp4,552
170.02331697150595,175.2996249141744,1.3029579622332403,0.21912249074163134,123.6772161086909,0.0164811909198761,0.1823444962501526,160.978892449293,NECK_STRAIN,pushup_neck_02.mp4,555
169.28032538222678,176.50106345551723,1.2808583990210243,0.21573969910220245,122.22964972105478,0.017616868019104004,0.18249458074569702,161.28849127296007,NECK_STRAIN,pushup_neck_02.mp4,558
166.2287714980282,173.43193265347563,1.2780801020157089,0.21882962699071803,122.07221780418351,0.023787260055541992,0.1854284107685089,160.60908487480035,NECK_STRAIN,pushup_neck_02.mp4,561
160.1810569528728,173.65438022467643,1.2315544474031344,0.21319380533400986,118.76888188088039,0.031304359436035156,0.18687626719474792,162.08828305323925,NECK_STRAIN,pushup_neck_02.mp4,564
153.5293883567491,172.20085807800467,1.2022451137811356,0.21122040165914158,116.44189325443236,0.03483700752258301,0.18912166357040405,161.41591139400091,NECK_STRAIN,pushup_neck_02.mp4,567
144.5259451604712,170.93175194176837,1.1769307269255624,0.20988005085000158,114.02670980453263,0.04274818301200867,0.19169333577156067,159.08473632554956,NECK_STRAIN,pushup_neck_02.mp4,570
125.19380725442586,169.86715146643473,1.1494390339585487,0.20662558155080438,111.36164854861673,0.06421703100204468,0.19242894649505615,160.0414769969256,NECK_STRAIN,pushup_neck_02.mp4,573
111.53256032271412,166.35816131218044,1.1231904748998627,0.2018664167531528,108.8701639308379,0.07511010766029358,0.19101577997207642,157.59178345359297,NECK_STRAIN,pushup_neck_02.mp4,576
96.69775503388568,166.91146146683758,1.100544109300432,0.198783619678617,106.10615449689028,0.08785581588745117,0.1909804344177246,155.73950273780613,NECK_STRAIN,pushup_neck_02.mp4,579
88.61843382495644,169.87944310892382,1.070285570414597,0.19722105253449354,101.71132202643332,0.09337562322616577,0.1931150257587433,154.69237892941325,NECK_STRAIN,pushup_neck_02.mp4,582
85.06427900921865,168.75200469819217,1.0684618619405444,0.19749817631681266,101.5261507551301,0.08937934041023254,0.19351494312286377,157.1280504855175,NECK_STRAIN,pushup_neck_02.mp4,585
85.32560195962944,168.92349921235723,1.0667874211906037,0.1983403451105359,101.22078934120607,0.08937427401542664,0.1945486068725586,155.0142833245013,NECK_STRAIN,pushup_neck_02.mp4,588
91.26177874916034,169.2032557947226,1.0743179298639156,0.1989506905167919,102.26653855843074,0.09053951501846313,0.19440814852714539,151.7707552813138,NECK_STRAIN,pushup_neck_02.mp4,591
94.61893558073876,168.16290931550992,1.0879486940971201,0.2007604747663773,104.16777112149934,0.08989998698234558,0.19465336203575134,150.40474555967705,NECK_STRAIN,pushup_neck_02.mp4,594
97.94539364189981,173.86092980536293,1.0698220876257363,0.19829689247221582,101.31174579600088,0.08606874942779541,0.194444477558136,147.48763147859668,NECK_STRAIN,pushup_neck_02.mp4,597
113.46532549400213,173.7312375583822,1.0929198813406726,0.20039959464781246,104.36584078040309,0.08488652110099792,0.1941327154636383,143.71011292372475,NECK_STRAIN,pushup_neck_02.mp4,600
128.62727034578435,173.98858178736393,1.1155310564957555,0.202547393047241,107.1055797787999,0.06651145219802856,0.19358667731285095,141.61192936756595,NECK_STRAIN,pushup_neck_02.mp4,603
143.24836897314168,172.2077788432205,1.1589244600677004,0.20811991420486278,111.90883632681768,0.05392169952392578,0.19308772683143616,142.26494970934328,NECK_STRAIN,pushup_neck_02.mp4,606
148.32637581475473,169.34757306592266,1.1951668266348285,0.21472000549783937,115.36790734493087,0.048328518867492676,0.19401368498802185,145.66526480057726,NECK_STRAIN,pushup_neck_02.mp4,609
151.45298764656044,166.57093990223078,1.2341628822559672,0.22171235530715325,118.80236917982904,0.04770764708518982,0.1942809522151947,151.32993315462755,NECK_STRAIN,pushup_neck_02.mp4,612
160.46381728937124,165.5569823454504,1.2648526160715678,0.22351153549720995,121.52453073224865,0.03512752056121826,0.19052168726921082,163.3568626737477,NECK_STRAIN,pushup_neck_02.mp4,615
163.79957402110495,166.18220546563484,1.2684873164534192,0.22086921275011395,122.06363082628815,0.02907589077949524,0.18717429041862488,164.35880511681844,NECK_STRAIN,pushup_neck_02.mp4,618
165.71608029279628,165.4974870426989,1.3159234985138217,0.22664116278955823,125.32517232676796,0.023347169160842896,0.18490871787071228,165.91630590801196,NECK_STRAIN,pushup_neck_02.mp4,621
168.8973686073449,165.2866108777434,1.3404397912335833,0.2324156252943406,126.50812261303611,0.018678754568099976,0.1868048906326294,165.45708038722952,NECK_STRAIN,pushup_neck_02.mp4,624
168.77016295414964,167.28400515510387,1.3352534607196942,0.23027754300665754,126.07900546262081,0.017868906259536743,0.186107337474823,165.62743677996954,NECK_STRAIN,pushup_neck_02.mp4,627
169.74038618710782,168.08153545408496,1.3382896558926443,0.22995130419912838,126.114592450541,0.016414016485214233,0.1857595145702362,165.83889785543846,NECK_STRAIN,pushup_neck_02.mp4,630
168.3751130916167,170.45823424207165,1.3095367734019965,0.2271755685983323,123.92620039723433,0.017971038818359375,0.18849679827690125,164.74470037447256,NECK_STRAIN,pushup_neck_02.mp4,633
166.09525413782876,170.75601111168083,1.295375252722745,0.22492302048265694,123.0414937313586,0.01980254054069519,0.18854400515556335,165.04895657131013,NECK_STRAIN,pushup_neck_02.mp4,636
160.85233483506858,171.207446939492,1.2459427284959392,0.21653730169056684,119.95975540544372,0.02612552046775818,0.18759992718696594,162.8628044928703,NECK_STRAIN,pushup_neck_02.mp4,639
146.77814088570338,171.68929055881674,1.2167421412676926,0.21453695485516397,117.46252016071618,0.0430474579334259,0.190358966588974,159.28412480676747,NECK_STRAIN,pushup_neck_02.mp4,642
134.28700391542853,168.4402227952108,1.1952646619097391,0.21252925051134292,116.00591308654127,0.055818915367126465,0.19100826978683472,157.82718398394792,NECK_STRAIN,pushup_neck_02.mp4,645
130.95996079368786,168.19639966336814,1.1645922514396756,0.20964144923434327,112.85938816556217,0.05967727303504944,0.19317477941513062,154.15872007793772,NECK_STRAIN,pushup_neck_02.mp4,648
120.79230918630525,165.8857328957809,1.1363439217295157,0.20316421606330193,110.35662976361081,0.0729357898235321,0.19047442078590393,155.76339182059021,NECK_STRAIN,pushup_neck_02.mp4,651
108.98157210210064,164.6710044957961,1.1168497286065961,0.20120940928280645,108.21876155207826,0.08093419671058655,0.19112169742584229,152.2082894424151,NECK_STRAIN,pushup_neck_02.mp4,654
100.18349657577716,163.8754656919888,1.101013893659356,0.20067307993834138,106.16879407587719,0.0853528380393982,0.1927347481250763,148.21080897511047,NECK_STRAIN,pushup_neck_02.mp4,657
91.09158428351378,162.43351484670671,1.091141165841149,0.2002737701645163,104.98330447900842,0.08532243967056274,0.1934640109539032,149.9603395924039,NECK_STRAIN,pushup_neck_02.mp4,660
89.30044982699104,159.0055700527546,1.0979363278941385,0.20123755954558595,106.11962520206525,0.08493375778198242,0.19332492351531982,143.9706737388288,NECK_STRAIN,pushup_neck_02.mp4,663
89.25773122313943,159.17119575571786,1.0905857300730286,0.19990179021010862,105.11582679251663,0.0855492651462555,0.19298461079597473,139.05421240064987,NECK_STRAIN,pushup_neck_02.mp4,666
92.05341894390486,161.07548818060266,1.0932105813582593,0.1995497128268421,105.47513605499955,0.08690506219863892,0.19231456518173218,141.40050960099342,NECK_STRAIN,pushup_neck_02.mp4,669
96.79139232325826,162.06232338078797,1.1046556149264748,0.20036443599214787,107.04943982486166,0.08718600869178772,0.19155794382095337,143.3384284007189,NECK_STRAIN,pushup_neck_02.mp4,672
100.96747135896489,162.82912933099504,1.1058754973317866,0.20072248366967888,107.11222757300924,0.08593824505805969,0.19183564186096191,142.89017794142995,NECK_STRAIN,pushup_neck_02.mp4,675
111.26609499813598,167.45083773840875,1.101680303406571,0.2012327239551817,106.05124920680719,0.07815000414848328,0.19338682293891907,141.47285153303667,NECK_STRAIN,pushup_neck_02.mp4,678
125.63679035535858,168.0687196439733,1.1281472572053874,0.2043067925250522,109.10802324666452,0.07090210914611816,0.19304898381233215,139.5859073388738,NECK_STRAIN,pushup_neck_02.mp4,681
138.3091978092659,165.99044167075849,1.1687873613782023,0.21131268943105794,113.391588966153,0.05993977189064026,0.1939437985420227,142.90996735053574,NECK_STRAIN,pushup_neck_02.mp4,684
144.03677274887272,165.27479809572324,1.2028456145157473,0.21834775133643136,116.39891483738607,0.05605673789978027,0.1955762803554535,149.5275771215743,NECK_STRAIN,pushup_neck_02.mp4,687
156.32779692128628,164.9943653242542,1.2312009659517529,0.2235208365275674,118.46551837741309,0.042567551136016846,0.19649550318717957,162.8461284387719,NECK_STRAIN,pushup_neck_02.mp4,690
157.1501438816505,164.49461768871112,1.2447281790431295,0.22266090389840315,119.94069188169179,0.039367854595184326,0.19294226169586182,165.7094443338555,NECK_STRAIN,pushup_neck_02.mp4,693
161.00271789831427,163.08254160407256,1.2721330333996452,0.22300259239421666,122.54239140854635,0.03346499800682068,0.1879863440990448,169.38455489201044,NECK_STRAIN,pushup_neck_02.mp4,696
163.25118520389466,164.7768434342682,1.295992898898644,0.22415214734966293,124.16780608896799,0.027593761682510376,0.18545883893966675,171.45640249009202,NECK_STRAIN,pushup_neck_02.mp4,699
164.7380794349703,164.7827538912002,1.3186117691765893,0.22806681411473806,125.46516592803407,0.02689450979232788,0.1857490837574005,168.9092545082391,NECK_STRAIN,pushup_neck_02.mp4,702
164.77122461325916,166.54840311815164,1.327353613645964,0.23044600818760053,125.51090675782227,0.026837587356567383,0.18758004903793335,166.83428046244083,NECK_STRAIN,pushup_neck_02.mp4,705
164.4644675931008,166.0816904063685,1.3288220021176853,0.23135744624628585,125.63525830928653,0.026347994804382324,0.18802982568740845,172.7698550831148,NECK_STRAIN,pushup_neck_02.mp4,708
164.3796000189403,167.24180435463902,1.3162983583968069,0.22894386093932845,124.76912114782972,0.025287777185440063,0.18806350231170654,168.76547478258146,NECK_STRAIN,pushup_neck_02.mp4,711
154.56899982628255,163.90848604387816,1.3300140638580906,0.23277908407746895,125.87871081194072,0.036638736724853516,0.18860721588134766,169.14989215346571,NECK_STRAIN,pushup_neck_02.mp4,714
156.06060694924514,164.15400423884134,1.28321478936916,0.22286794687984565,123.50497583814337,0.033416926860809326,0.18583208322525024,165.57390847808404,NECK_STRAIN,pushup_neck_02.mp4,717
154.46053699707247,164.11744846205085,1.2508497412981416,0.22006598768773153,121.20856983047342,0.033720582723617554,0.18821638822555542,160.0601619254932,NECK_STRAIN,pushup_neck_02.mp4,720
142.42810276433488,165.29666278630378,1.212589963394773,0.2151005138363419,117.98310839701763,0.0452023446559906,0.18994975090026855,157.01371922070157,NECK_STRAIN,pushup_neck_02.mp4,723
129.20397775862602,165.43795871761188,1.1737017022415028,0.2078927348763448,114.53152966588297,0.059168875217437744,0.1891249716281891,154.65762605435128,NECK_STRAIN,pushup_neck_02.mp4,726
124.09736345219547,160.79826540694114,1.1634221483306204,0.20435729022515414,114.24714913795326,0.06732290983200073,0.18632754683494568,153.85292444095415,NECK_STRAIN,pushup_neck_02.mp4,729
110.10929389107525,161.56391018139112,1.1289254090425673,0.19708896025178685,110.56518502981746,0.07840529084205627,0.18452778458595276,149.5717732783876,NECK_STRAIN,pushup_neck_02.mp4,732
103.47360244923685,163.33403157814567,1.1035335259262966,0.19578565680364657,106.99581281136729,0.08376389741897583,0.1872340440750122,143.60049799343946,NECK_STRAIN,pushup_neck_02.mp4,735
97.56286748472402,162.1223246029895,1.101496702725229,0.1960094308496232,106.82754786101478,0.08219462633132935,0.1876155138015747,144.05182607836463,NECK_STRAIN,pushup_neck_02.mp4,738
96.12327530179022,162.3441660333603,1.1027094339042203,0.1972124998518172,106.89380444224777,0.08169141411781311,0.18870091438293457,144.09398894039794,NECK_STRAIN,pushup_neck_02.mp4,741
96.86938820661321,162.76517580182227,1.1063198161201717,0.19790486381743835,107.3378035365274,0.0836525559425354,0.18891200423240662,141.31449614368555,NECK_STRAIN,pushup_neck_02.mp4,744
102.27349960325562,162.5870500926463,1.1159207035301022,0.19933900741282037,108.56845744478075,0.08207288384437561,0.18896111845970154,142.40914660374366,NECK_STRAIN,pushup_neck_02.mp4,747
108.17429924381393,164.80127860315815,1.1110915596799245,0.20014789743290898,107.63034293222738,0.08131462335586548,0.19074606895446777,141.6393048142821,NECK_STRAIN,pushup_neck_02.mp4,750
118.13933537888113,168.27637902085178,1.112613992669602,0.20010009846981433,107.48977052872917,0.07157835364341736,0.19084864854812622,137.65101878898594,NECK_STRAIN,pushup_neck_02.mp4,753
131.25470121780592,168.93728097525218,1.13899853556771,0.20419677664816888,110.34451496597504,0.06204387545585632,0.19145750999450684,133.211627627756,NECK_STRAIN,pushup_neck_02.mp4,756
142.25512917919767,168.5206825760957,1.1751741722792424,0.21311572073861193,113.54376679360526,0.05520963668823242,0.19537320733070374,136.30496341678756,NECK_STRAIN,pushup_neck_02.mp4,759
158.05726324808924,164.26195912354143,1.2297591551571485,0.2226696237304421,118.63361248935139,0.039910584688186646,0.19543495774269104,145.28488723498603,NECK_STRAIN,pushup_neck_02.mp4,762
156.47134962403777,164.03406901508453,1.2349453021163481,0.22370096918889731,119.04719999014394,0.04284870624542236,0.19556117057800293,158.36510080813767,NECK_STRAIN,pushup_neck_02.mp4,765
161.34993131768465,165.73572386129544,1.247764823864798,0.22364358292462966,119.85697277422425,0.0350896418094635,0.19395670294761658,166.07457555105478,NECK_STRAIN,pushup_neck_02.mp4,768
162.9908114694664,162.69304649405473,1.2789744965258032,0.2253291545511716,122.91160542358597,0.03174591064453125,0.18916252255439758,168.23213790747687,NECK_STRAIN,pushup_neck_02.mp4,771
165.5868884478918,162.93511711251674,1.3091745948379458,0.22732875266374064,125.01811312980287,0.026674658060073853,0.18617156147956848,168.03920063690558,NECK_STRAIN,pushup_neck_02.mp4,774
168.64175698064278,163.09851378742601,1.3333747842755124,0.22808966399101152,126.74542493339887,0.02213674783706665,0.18276414275169373,169.14344520748833,NECK_STRAIN,pushup_neck_02.mp4,777
169.1428818939275,162.82688092781842,1.3638779746543381,0.2319154549436138,128.6217444606052,0.02056846022605896,0.1811867654323578,166.35331854348976,NECK_STRAIN,pushup_neck_02.mp4,780
171.21418266817784,162.38866306023937,1.3748004025220537,0.2305297347687258,129.79376567812713,0.018749356269836426,0.17712292075157166,163.6893408749881,NECK_STRAIN,pushup_neck_02.mp4,783
170.37050019357028,164.93714144300097,1.3378675970512621,0.22672523688148802,127.20465955357157,0.021563977003097534,0.18057769536972046,164.55570217566964,NECK_STRAIN,pushup_neck_02.mp4,786
161.1634161416527,162.13609572434802,1.3421091655271913,0.2289683371493445,127.90452297281763,0.03428003191947937,0.18065938353538513,162.56729576687042,NECK_STRAIN,pushup_neck_02.mp4,789
158.19804632498992,163.994703899809,1.2970066225902366,0.2228973195263906,124.82432947350145,0.033717215061187744,0.1829739511013031,162.47299097595854,NECK_STRAIN,pushup_neck_02.mp4,792
157.89121483783128,163.89201459869093,1.2534685771526433,0.21784936627787788,121.77510831899457,0.03145056962966919,0.1851951777935028,159.2347589776513,NECK_STRAIN,pushup_neck_02.mp4,795
151.26680637381986,163.05342390320766,1.2306513012991906,0.21538056456060659,120.01504108080756,0.03769674897193909,0.1864938735961914,156.37599489486618,NECK_STRAIN,pushup_neck_02.mp4,798
130.8958904214608,163.78208561389312,1.2011577060331395,0.2109735036502562,117.47126489451867,0.05778709053993225,0.18718221783638,157.22027081946328,NECK_STRAIN,pushup_neck_02.mp4,801
123.98986362347112,163.73365946220702,1.157730053059738,0.2050278221273283,112.90536447890157,0.06400707364082336,0.18885952234268188,147.33049890452256,NECK_STRAIN,pushup_neck_02.mp4,804
116.64804114167988,165.16781076363145,1.128405381646704,0.2014621151032515,109.54067503213689,0.0688142478466034,0.1898575723171234,149.14033602029986,NECK_STRAIN,pushup_neck_02.mp4,807
108.60690319674447,167.69503203096136,1.0973161079075373,0.19691774673914197,105.60522121582972,0.07742515206336975,0.18965822458267212,147.5193675413109,NECK_STRAIN,pushup_neck_02.mp4,810
103.22929340391171,167.5438366649748,1.0900050647749542,0.1960559433449798,104.68990330561184,0.08100205659866333,0.18964669108390808,147.31699242439367,NECK_STRAIN,pushup_neck_02.mp4,813
99.42535566960407,166.2410052798633,1.0925673323136629,0.197312851339712,105.10574546439561,0.08352521061897278,0.19049429893493652,150.7435835627642,NECK_STRAIN,pushup_neck_02.mp4,816
102.60061595387323,168.1782853190208,1.1040294186240176,0.199479734341527,106.57957652273657,0.08918699622154236,0.1911853849887848,154.88553876310576,NECK_STRAIN,pushup_neck_02.mp4,819
108.59657419959193,166.99880515160044,1.1193643118552368,0.20190541730476877,108.53753900004229,0.08582255244255066,0.19142860174179077,153.75220775435616,NECK_STRAIN,pushup_neck_02.mp4,822
109.86342423959226,169.51514705971343,1.1138793504360056,0.201361931135945,107.59233720550837,0.08514413237571716,0.19194349646568298,151.4725348509852,NECK_STRAIN,pushup_neck_02.mp4,825
122.58739233310433,172.1133829163916,1.1227187058631074,0.2022150406764088,108.2989294671589,0.0731554627418518,0.1919882595539093,145.68726576529463,NECK_STRAIN,pushup_neck_02.mp4,828
136.41736607282877,170.3494640334162,1.1563084722165062,0.20671332009997173,111.96122111624179,0.0610717236995697,0.19171211123466492,140.3059028020436,NECK_STRAIN,pushup_neck_02.mp4,831
150.09755796397656,171.51178645895345,1.1719482689947764,0.20945526403810344,113.41950587500077,0.04765969514846802,0.1921984851360321,146.7160455280383,NECK_STRAIN,pushup_neck_02.mp4,834
152.89019291259345,169.0254154960053,1.1999074856177554,0.21464924245109027,115.9992292527643,0.04694473743438721,0.1929245889186859,148.18278766550023,NECK_STRAIN,pushup_neck_02.mp4,837
156.157101049304,168.1331422907773,1.2194595666404588,0.21525255546764105,118.08140689310137,0.04084885120391846,0.18991044163703918,156.27141529062868,NECK_STRAIN,pushup_neck_02.mp4,840
161.28664743672294,166.1857347469185,1.2541052996797653,0.21825522329513922,121.30563835220133,0.03435325622558594,0.18647578358650208,162.16335768594953,NECK_STRAIN,pushup_neck_02.mp4,843
164.45599690866277,166.73164372448085,1.2679107186552068,0.21650468662869662,122.59024150127345,0.0282956063747406,0.1824113130569458,162.56802928068302,NECK_STRAIN,pushup_neck_02.mp4,846
166.7159149583529,165.17992930461824,1.2979649336551595,0.22034372281090286,124.97064451389396,0.023672938346862793,0.18055573105812073,160.6942955883563,NECK_STRAIN,pushup_neck_02.mp4,849
169.11748378326098,165.39780144690963,1.3184817307000782,0.22275797773663233,126.11962909204156,0.019601941108703613,0.17993691563606262,164.09373383871676,NECK_STRAIN,pushup_neck_02.mp4,852
169.1935111716117,166.020122253263,1.3324307323401037,0.22532585723926474,126.61356279702123,0.01889970898628235,0.1808592975139618,162.9602639067834,NECK_STRAIN,pushup_neck_02.mp4,855
170.1315179270267,165.42346360474806,1.3364029632758492,0.22678722504357346,126.95066739456901,0.016831636428833008,0.1812332570552826,162.93704355172466,NECK_STRAIN,pushup_neck_02.mp4,858
168.5212054542654,165.4500132332339,1.3243338573401449,0.2258649512656507,126.0704356584209,0.01877152919769287,0.18256095051765442,161.99393971044853,NECK_STRAIN,pushup_neck_02.mp4,861
165.49460592404316,164.22132332652464,1.3233863492263997,0.22722127127749372,126.12898412963095,0.022387683391571045,0.18352043628692627,163.1099328631877,NECK_STRAIN,pushup_neck_02.mp4,864
164.04196979796836,158.89052097112528,1.3440772865753348,0.23365290838911806,128.08879018392793,0.024171173572540283,0.18389302492141724,159.94244844601684,NECK_STRAIN,pushup_neck_02.mp4,867
155.7824909789987,159.15156068012166,1.2967787731459217,0.2238596191018958,125.68280132191313,0.03278893232345581,0.18182772397994995,156.26475340801792,NECK_STRAIN,pushup_neck_02.mp4,870
154.16248760935957,159.79246889346993,1.269719848820145,0.22308426081280994,123.20506361004455,0.036985844373703,0.18665456771850586,153.78259254147477,NECK_STRAIN,pushup_neck_02.mp4,873
150.98688102651343,160.6438365370209,1.2355921270994354,0.21720589957542105,120.45721253316405,0.03890877962112427,0.18723022937774658,149.45133679768307,NECK_STRAIN,pushup_neck_02.mp4,876
140.91621685276039,160.03065180132248,1.1897262705931428,0.2081831851032571,116.50759314949514,0.04735955595970154,0.186295747756958,140.84343112424503,NECK_STRAIN,pushup_neck_02.mp4,879
134.0202010750819,158.55307798235592,1.1632995876915906,0.20258030410236788,113.98603776596676,0.05626437067985535,0.18508458137512207,135.04150643914437,NECK_STRAIN,pushup_neck_02.mp4,882
121.76071371688342,158.9379167866209,1.1284462705285374,0.19897402724901805,109.99575612657164,0.06370067596435547,0.18697822093963623,136.73292213844147,NECK_STRAIN,pushup_neck_02.mp4,885
113.78691471645077,159.59621595625583,1.1149960556645104,0.19685072332959486,108.39302156438153,0.07672998309135437,0.18679344654083252,136.8943056333724,NECK_STRAIN,pushup_neck_02.mp4,888
112.6246344092564,158.84398123432942,1.1128172433921024,0.19597704709100505,108.3148862906557,0.07993462681770325,0.18604856729507446,137.13990280886523,NECK_STRAIN,pushup_neck_02.mp4,891
109.57896931087782,157.69710924238348,1.1153112056362144,0.1966468350884575,108.73082490986694,0.08249726891517639,0.18623086810112,134.09464211477945,NECK_STRAIN,pushup_neck_02.mp4,894
115.83805976141801,156.1328964171153,1.1313757881642879,0.1993802482915633,110.7793615213099,0.07933267951011658,0.18640992045402527,133.88222780508616,NECK_STRAIN,pushup_neck_02.mp4,897
118.03632783470054,155.92311931268114,1.1388020479995562,0.2001847394153507,111.68207674452084,0.07672944664955139,0.18601983785629272,134.025410329206,NECK_STRAIN,pushup_neck_02.mp4,900
126.73628629512756,154.9262650042816,1.1626667454737845,0.20599682689955354,114.16039220175983,0.06626701354980469,0.18795034289360046,133.47365133848442,NECK_STRAIN,pushup_neck_02.mp4,903
138.21199175594552,157.69250309688815,1.1794909271082388,0.20798648373626943,115.492981060022,0.05560404062271118,0.187734454870224,127.81904775649237,NECK_STRAIN,pushup_neck_02.mp4,906
146.41050941102628,156.48490856945128,1.210514556580039,0.21321497693605923,118.37756670896847,0.049474239349365234,0.18759137392044067,126.68216858219267,NECK_STRAIN,pushup_neck_02.mp4,909
151.5363729007985,156.99714882798972,1.2225398048611127,0.21606229393064735,119.1519133884169,0.04423719644546509,0.18869122862815857,124.03294656251757,NECK_STRAIN,pushup_neck_02.mp4,912
157.8794902909751,158.8249970166563,1.2464035993666034,0.21887906060719778,121.20155050157655,0.03797551989555359,0.18721511960029602,135.46526933217805,NECK_STRAIN,pushup_neck_02.mp4,915
158.98229831676636,159.4272316293583,1.257584601424118,0.21897967095531837,122.02980444155965,0.03707006573677063,0.1856415867805481,136.76039863409017,NECK_STRAIN,pushup_neck_02.mp4,918
162.32182885958977,160.5532384941798,1.2840690843301201,0.2167686554447787,124.32634500050062,0.03125658631324768,0.17901217937469482,138.38199642512734,NECK_STRAIN,pushup_neck_02.mp4,921
164.19056170005996,166.4074852683564,1.272535780368432,0.2128781021650082,122.70622487885935,0.028443366289138794,0.17912325263023376,136.8566199699607,NECK_STRAIN,pushup_neck_02.mp4,924
175.48824693147364,145.2643292089192,1.085650973655316,0.20316483733272725,99.61345093918277,0.004654586315155029,0.20031148195266724,164.94354353907715,NECK_STRAIN,pushup_neck_03.mp4,3
175.76131883261837,145.78895599744965,1.0993102161145094,0.20268174208361242,101.05101312464367,0.005935072898864746,0.1989230215549469,161.8833302082514,NECK_STRAIN,pushup_neck_03.mp4,6
175.7895796252851,149.3961503862684,1.1226484428023291,0.20332001255292606,103.5693724993015,0.0071440935134887695,0.19764408469200134,159.625927434752,NECK_STRAIN,pushup_neck_03.mp4,9
174.94565776053332,153.45973090889223,1.1430003066821748,0.20186091427628874,105.90902696094255,0.007622718811035156,0.19412848353385925,161.38414742413826,NECK_STRAIN,pushup_neck_03.mp4,12
173.4036464745446,159.55158357542626,1.1749669177641984,0.20592015385542897,109.20168967732647,0.010046780109405518,0.19446298480033875,157.88733562744318,NECK_STRAIN,pushup_neck_03.mp4,15
170.32840234116182,166.77784864449052,1.208252707324485,0.210500432541095,112.7804604479019,0.01588231325149536,0.19407877326011658,153.8638121032432,NECK_STRAIN,pushup_neck_03.mp4,18
168.76524256169373,169.92596512165568,1.2312723471346982,0.2143017091687363,115.2821868268331,0.01793646812438965,0.19377288222312927,163.0700983141111,NECK_STRAIN,pushup_neck_03.mp4,21
166.22850737649554,177.4931534648553,1.2422350122628871,0.21659081726975893,117.30768233571818,0.02040332555770874,0.1924506425857544,158.23778230475395,NECK_STRAIN,pushup_neck_03.mp4,24
163.67562060649126,176.5372305361281,1.2451317235220172,0.21933248404302988,118.55467260937029,0.022217124700546265,0.19265058636665344,154.76397290160685,NECK_STRAIN,pushup_neck_03.mp4,27
159.70307484522544,170.44602000296564,1.242327836583201,0.2195770572437466,119.37678459791726,0.027649641036987305,0.19133946299552917,154.62743029899954,NECK_STRAIN,pushup_neck_03.mp4,30
147.85955813257,165.48077074529746,1.2425437026562134,0.22105118774740187,120.23355650749846,0.043353915214538574,0.19098088145256042,157.80596261013164,NECK_STRAIN,pushup_neck_03.mp4,33
142.72711690473844,161.30866772278313,1.2312035126127148,0.21984708420258767,120.03887734737255,0.04767662286758423,0.1903156340122223,162.23378528937022,NECK_STRAIN,pushup_neck_03.mp4,36
134.35662775508078,159.47117966965484,1.2225164062495664,0.21488477530700018,120.02790517909281,0.05927172303199768,0.18604043126106262,158.93866211522422,NECK_STRAIN,pushup_neck_03.mp4,39
127.36479097619541,158.0465626662437,1.2097965189290911,0.21338354523488326,119.16970714651917,0.06759557127952576,0.186319500207901,148.4148117695169,NECK_STRAIN,pushup_neck_03.mp4,42
121.45720890395222,157.88601317789994,1.1827375239006954,0.2079590992195115,116.90771237145586,0.0705590546131134,0.18544244766235352,149.91793318111507,NECK_STRAIN,pushup_neck_03.mp4,45
117.59570325739521,158.75596762955772,1.1624505812903925,0.2045659047475997,114.80288038463213,0.0720432698726654,0.18569406867027283,145.43261062930247,NECK_STRAIN,pushup_neck_03.mp4,48
114.57568866591583,158.82221485289168,1.1423121793288886,0.20159671735715162,112.54263139625724,0.0749138593673706,0.18619203567504883,148.70677974270419,NECK_STRAIN,pushup_neck_03.mp4,51
111.0502594227973,159.85911196897473,1.137376976691242,0.2017479100071746,111.76510447774706,0.08206146955490112,0.18736419081687927,147.23820899364154,NECK_STRAIN,pushup_neck_03.mp4,54
109.66307076871317,158.90406646841203,1.1411919184302732,0.20427276916890258,112.01165292693106,0.08078417181968689,0.18938133120536804,146.63248456735295,NECK_STRAIN,pushup_neck_03.mp4,57
112.26821485722213,158.4552729129995,1.1502048043466042,0.20545803863926299,113.04929982860963,0.08325105905532837,0.18905431032180786,140.44690907867363,NECK_STRAIN,pushup_neck_03.mp4,60
112.39562995947344,159.183806249748,1.1551887469693176,0.20704162455815753,113.35438730717745,0.08185410499572754,0.19007709622383118,139.68673270066745,NECK_STRAIN,pushup_neck_03.mp4,63
120.20253689476871,159.08520531547802,1.1700581616951755,0.20932711121276645,114.98590595482527,0.07679805159568787,0.1897345781326294,143.5606472155647,NECK_STRAIN,pushup_neck_03.mp4,66
131.5253758057135,160.60954675236556,1.1828971113899323,0.2121471399427224,116.01275298877998,0.06353208422660828,0.1906537413597107,144.4450540472835,NECK_STRAIN,pushup_neck_03.mp4,69
137.44913422324748,161.02438886783088,1.1990719086764294,0.21438854741472618,117.39783684504103,0.05784064531326294,0.19033879041671753,141.82946710282945,NECK_STRAIN,pushup_neck_03.mp4,72
146.6988349077498,161.54609909804648,1.2194501798211936,0.2203094968707667,118.54968533271271,0.046956866979599,0.19351792335510254,150.4399418462601,NECK_STRAIN,pushup_neck_03.mp4,75
152.72767501985004,163.1142054719189,1.2282553112508863,0.2209800398154235,118.96508321429059,0.0405462384223938,0.19333606958389282,154.56422108522892,NECK_STRAIN,pushup_neck_03.mp4,78
154.5618003730581,162.36355251160074,1.2462514675923004,0.2229915005906825,120.50026156518958,0.03886759281158447,0.19213247299194336,155.94592836862773,NECK_STRAIN,pushup_neck_03.mp4,81
156.74437326500066,163.31699608959923,1.2566816749488796,0.2234876427233028,121.19196300635963,0.03664395213127136,0.19117644429206848,158.8698518468165,NECK_STRAIN,pushup_neck_03.mp4,84
164.09995801435625,164.446437241239,1.2801745278987855,0.22453607622662455,122.86164637606556,0.027158409357070923,0.18860304355621338,161.68234638953655,NECK_STRAIN,pushup_neck_03.mp4,87
164.25039068288308,164.0140424987669,1.2950981522028753,0.22542643818300176,124.11807745804656,0.0244426429271698,0.1866230070590973,161.2038275804424,NECK_STRAIN,pushup_neck_03.mp4,90
166.03558447645926,163.70980638764573,1.3176865678506697,0.2264847219579888,125.88736870579035,0.018581092357635498,0.18348708748817444,161.04806775193032,NECK_STRAIN,pushup_neck_03.mp4,93
171.8666156566479,165.2591778262201,1.3378896179244908,0.2272748478957685,127.049887851544,0.009869396686553955,0.1813860535621643,158.52768425709436,NECK_STRAIN,pushup_neck_03.mp4,96
172.16164827962567,166.17943928141963,1.3326794361941603,0.2264098335491082,126.65366431581401,0.0075151026248931885,0.1816348135471344,157.63480548530086,NECK_STRAIN,pushup_neck_03.mp4,99
170.26649814245198,167.01091373362232,1.3155641904874877,0.2266120536420457,125.20753565827029,0.010588884353637695,0.18515363335609436,158.1898297951202,NECK_STRAIN,pushup_neck_03.mp4,102
167.66170025370522,167.1023387320557,1.3017129885715488,0.2251201101227108,124.19760346552432,0.012693256139755249,0.18619394302368164,159.77667186482776,NECK_STRAIN,pushup_neck_03.mp4,105
166.33212423582256,167.8554964791531,1.2801490870442516,0.2221549328261949,122.70545937080287,0.01397523283958435,0.18693086504936218,160.50067130747743,NECK_STRAIN,pushup_neck_03.mp4,108
159.24541886689607,169.63109837466558,1.2386094687280358,0.21544913057008155,119.66840656119278,0.021938741207122803,0.18720191717147827,158.05097573988542,NECK_STRAIN,pushup_neck_03.mp4,111
150.5594187494429,169.78508687850925,1.2059916172351097,0.21065611700296763,117.16604419437367,0.03149065375328064,0.1874156892299652,152.5902551580783,NECK_STRAIN,pushup_neck_03.mp4,114
143.52495348984684,167.65060652456307,1.1906753808984192,0.21021863461262208,116.01540924448399,0.037297993898391724,0.18891632556915283,151.66644978464902,NECK_STRAIN,pushup_neck_03.mp4,117
132.7114692941997,167.11989999178147,1.1613301386169645,0.20699248529693723,113.10798995581749,0.0522741973400116,0.19038313627243042,149.3998180443175,NECK_STRAIN,pushup_neck_03.mp4,120
116.93632858077032,167.2430462681962,1.1325877079684452,0.2015219738902127,110.2033686694195,0.07193052768707275,0.18912160396575928,153.61798418557763,NECK_STRAIN,pushup_neck_03.mp4,123
111.56829600842873,169.2122787648065,1.1043032729420188,0.19895086038968343,106.50723480320366,0.07749855518341064,0.19075003266334534,152.96920435806106,NECK_STRAIN,pushup_neck_03.mp4,126
111.58466386014112,170.30017197931392,1.0924885464450769,0.1979142732728746,104.89352136621298,0.07671809196472168,0.19126468896865845,150.66086818583065,NECK_STRAIN,pushup_neck_03.mp4,129
107.50595860222701,171.48095359629176,1.0859807775887869,0.19696247056904545,103.95349038817405,0.08086526393890381,0.19114986062049866,150.36384169967647,NECK_STRAIN,pushup_neck_03.mp4,132
110.99560664541404,170.33259839595715,1.0971568001168306,0.19847948473585458,105.48013263699383,0.07823523879051208,0.19127851724624634,149.95510020195275,NECK_STRAIN,pushup_neck_03.mp4,135
111.107998437292,168.63950733617818,1.1125059520175813,0.20127043899941235,107.46739248571853,0.0774889588356018,0.1919884979724884,149.47354376004392,NECK_STRAIN,pushup_neck_03.mp4,138
118.15078786797298,171.78328645913953,1.1031715345304158,0.19982221522134194,106.07485124929627,0.06824922561645508,0.19200852513313293,147.92104827987188,NECK_STRAIN,pushup_neck_03.mp4,141
129.3390753244729,171.51678802025432,1.132498878112367,0.2032191153259897,109.54860047172221,0.060829609632492065,0.19150397181510925,145.35745804414827,NECK_STRAIN,pushup_neck_03.mp4,144
137.95999722021259,171.66199284287575,1.1581087830442867,0.20712141642004972,112.17037693280936,0.0532989501953125,0.19180652499198914,144.58290778064574,NECK_STRAIN,pushup_neck_03.mp4,147
143.99127732084008,172.01548559051966,1.1756682888304153,0.2094911239146729,113.7334306511479,0.048793256282806396,0.1917722523212433,143.9894362505039,NECK_STRAIN,pushup_neck_03.mp4,150
154.29338710855592,173.40582809067655,1.1885424989129174,0.2125785970469191,114.51420329634715,0.03768283128738403,0.19341453909873962,148.36809228578193,NECK_STRAIN,pushup_neck_03.mp4,153
157.53019917723609,171.47192789870135,1.2198754252570243,0.21933408615505753,117.08438162369399,0.035175442695617676,0.19527891278266907,153.08486061090258,NECK_STRAIN,pushup_neck_03.mp4,156
161.0483398704713,176.0056181279798,1.2155689750422747,0.217224949767425,116.0854137063353,0.03189152479171753,0.19509616494178772,154.0737360297749,NECK_STRAIN,pushup_neck_03.mp4,159
164.7902859208209,175.474528530584,1.2344417638540421,0.21851460377517928,117.48351567095338,0.027630895376205444,0.19385144114494324,155.03822115996428,NECK_STRAIN,pushup_neck_03.mp4,162
168.10971107491778,177.8624395073701,1.2205530816743309,0.2143334303383613,115.2721208211058,0.023782461881637573,0.1938176453113556,152.3133269887583,NECK_STRAIN,pushup_neck_03.mp4,165
169.6202621900142,177.3390720116027,1.2370000651097866,0.2155245880889104,116.4185917676752,0.0214385986328125,0.19301459193229675,157.6428827175226,NECK_STRAIN,pushup_neck_03.mp4,168
169.49944413419004,176.42629600897106,1.2267267155052555,0.21286848100663638,115.67136624220495,0.020586133003234863,0.19185492396354675,158.71009489060904,NECK_STRAIN,pushup_neck_03.mp4,171
170.04777657644007,174.28686427882968,1.2212420576803273,0.21149559749074973,115.3024872561308,0.018787086009979248,0.1912035346031189,166.30857247053953,NECK_STRAIN,pushup_neck_03.mp4,174
169.20497148196475,174.28152663504707,1.219846469730234,0.21198477266003574,115.48950390631202,0.01948520541191101,0.19134899973869324,170.32560641833973,NECK_STRAIN,pushup_neck_03.mp4,177
168.2180942541172,174.19578447475607,1.212570971816082,0.21166781562393805,114.888019119271,0.020059973001480103,0.19200870394706726,169.9834815890394,NECK_STRAIN,pushup_neck_03.mp4,180
163.2165690301308,173.49841897500875,1.18049620109924,0.2079359894858316,112.33511517662,0.026034295558929443,0.19233444333076477,170.97956731296543,NECK_STRAIN,pushup_neck_03.mp4,183
159.08934850260368,174.8949892036914,1.1579464233461656,0.20584702399644875,110.6361016437065,0.03039613366127014,0.1926380693912506,175.0693173378173,NECK_STRAIN,pushup_neck_03.mp4,186
154.6399596180173,179.54490634593944,1.160521694173747,0.20634721458026786,111.70057734122338,0.033839911222457886,0.19172167778015137,168.41601765318265,NECK_STRAIN,pushup_neck_03.mp4,189
145.98971298797343,176.81856796721786,1.1486311310859536,0.20395773814401472,111.00694093030363,0.04154995083808899,0.19040071964263916,170.34564077545886,NECK_STRAIN,pushup_neck_03.mp4,192
123.71603568587444,176.427973949012,1.1332678611728404,0.2015117817329287,109.46617909814417,0.06774237751960754,0.18999186158180237,166.20336912992306,NECK_STRAIN,pushup_neck_03.mp4,195
116.05861442130373,176.2731309770739,1.1119707482107646,0.19730712310540016,107.21427039488114,0.07588618993759155,0.18846777081489563,165.70720423467952,NECK_STRAIN,pushup_neck_03.mp4,198
112.12164516855029,175.9244202648485,1.091081402446632,0.196883550000912,104.52679104453853,0.07716307044029236,0.19058862328529358,164.93600051003583,NECK_STRAIN,pushup_neck_03.mp4,201
108.4817179715911,175.49485786045238,1.084117700922105,0.19708448229757458,103.59333901940091,0.07965168356895447,0.19156324863433838,159.81542551519416,NECK_STRAIN,pushup_neck_03.mp4,204
106.57603610638809,174.96058055477164,1.090261636420288,0.19924734674710126,104.3596200214394,0.08435562252998352,0.19302186369895935,158.82199234965506,NECK_STRAIN,pushup_neck_03.mp4,207
109.56094571008857,175.57914612009867,1.0965618276100444,0.2006805935692401,105.0425432323048,0.08266475796699524,0.19380325078964233,155.0486691002272,NECK_STRAIN,pushup_neck_03.mp4,210
112.06465392541422,175.3099836385,1.1030954635021262,0.20140691445943812,105.85552264067417,0.08009272813796997,0.19374334812164307,154.63573833478966,NECK_STRAIN,pushup_neck_03.mp4,213
124.51687130530385,174.54715565588893,1.1114688811511126,0.20242688418211838,106.86821676474017,0.06351786851882935,0.19371652603149414,155.91563267535267,NECK_STRAIN,pushup_neck_03.mp4,216
131.54695682429156,173.2178074093504,1.145156985946716,0.20696559914398366,110.62675859179247,0.058678120374679565,0.1936967670917511,152.87914276279673,NECK_STRAIN,pushup_neck_03.mp4,219
143.4829789499466,173.67440218211667,1.1683478124004545,0.21025518754008124,112.7984237635578,0.047886937856674194,0.19382712244987488,150.84179998477458,NECK_STRAIN,pushup_neck_03.mp4,222
151.31818180526994,175.2935934280751,1.17504102665566,0.21112244264383187,113.13323532244583,0.03938710689544678,0.19414520263671875,151.8332466990742,NECK_STRAIN,pushup_neck_03.mp4,225
157.6712191930525,174.8069570017078,1.1977623942019548,0.2152790750661287,115.01934049721248,0.03373339772224426,0.19507640600204468,152.97469599256763,NECK_STRAIN,pushup_neck_03.mp4,228
161.4953482800781,176.01068266539755,1.2070304454555747,0.2161631459631138,115.5999213168719,0.02997976541519165,0.19494101405143738,154.20756878794404,NECK_STRAIN,pushup_neck_03.mp4,231
165.00237099598283,176.86932022573598,1.2175739101557175,0.21727916090606236,116.23249308499885,0.025858163833618164,0.19489893317222595,158.01605017327157,NECK_STRAIN,pushup_neck_03.mp4,234
167.17875067068218,178.60136362478036,1.2297547767470778,0.21694337803415312,116.98291630287929,0.022845596075057983,0.193325012922287,159.21227974732093,NECK_STRAIN,pushup_neck_03.mp4,237
170.49361404807078,176.44101175766113,1.224677018586712,0.21339900348070645,115.910611285698,0.01904052495956421,0.19194534420967102,160.55804817544427,NECK_STRAIN,pushup_neck_03.mp4,240
171.37400820610102,178.6695947932454,1.240229917046687,0.21550015921520208,117.35906782931144,0.018035680055618286,0.19139277935028076,164.1149405009438,NECK_STRAIN,pushup_neck_03.mp4,243
172.2076568909384,177.97323200869425,1.2317743501460967,0.21335279084775127,116.72310744866135,0.01595267653465271,0.19056233763694763,163.75100046303228,NECK_STRAIN,pushup_neck_03.mp4,246
172.17867542577062,177.25892144496143,1.2298408361486852,0.21335371467536174,116.44690049110723,0.014945179224014282,0.19102349877357483,164.44222696189365,NECK_STRAIN,pushup_neck_03.mp4,249
170.6991560623932,177.77324094973616,1.2215385606000926,0.21200901535608585,115.92498589179769,0.016639500856399536,0.19067183136940002,163.1827238883329,NECK_STRAIN,pushup_neck_03.mp4,252
166.8204288741427,178.5744552721446,1.2359155720355268,0.21484143433314945,117.51025655831606,0.021730512380599976,0.19054651260375977,165.6772885559571,NECK_STRAIN,pushup_neck_03.mp4,255
162.9618530601391,176.2081686512802,1.2173857101625896,0.21487337646015248,116.4369256892079,0.027376830577850342,0.19240078330039978,171.04496909851426,NECK_STRAIN,pushup_neck_03.mp4,258
158.37353778570562,177.67020335300356,1.1755542903330753,0.20934666964354925,112.87738792389665,0.030558407306671143,0.19287759065628052,173.82699556187683,NECK_STRAIN,pushup_neck_03.mp4,261
152.29519788269278,174.06631111333894,1.1678670167273306,0.206785214563679,112.90592862466569,0.03623756766319275,0.19047755002975464,173.7622241744018,NECK_STRAIN,pushup_neck_03.mp4,264
142.23917494796717,171.1047734410627,1.1607600693568219,0.20510532878972662,112.70996015275327,0.047055959701538086,0.18920210003852844,172.5003520068527,NECK_STRAIN,pushup_neck_03.mp4,267
125.63527317504158,173.94928360532035,1.1366502982593303,0.20019268198316173,110.10268511381003,0.07110363245010376,0.1879953145980835,158.29790240410102,NECK_STRAIN,pushup_neck_03.mp4,270
120.76917202021357,173.52492892750408,1.118285885300853,0.19894071128539506,108.03081230505758,0.07770329713821411,0.1891697645187378,159.0367547629401,NECK_STRAIN,pushup_neck_03.mp4,273
114.08736391992687,172.4305741621483,1.1035877017907698,0.1976338887489277,106.37157846501903,0.0802704393863678,0.189619779586792,157.22462444672496,NECK_STRAIN,pushup_neck_03.mp4,276
113.09032052931835,172.70835261604938,1.0951138755709071,0.19904360074666524,105.1129405613598,0.0789315402507782,0.19215872883796692,153.69848526807183,NECK_STRAIN,pushup_neck_03.mp4,279
110.96222736155454,172.62155303073447,1.088350968449787,0.1976425229683362,104.30662749026789,0.07820755243301392,0.19151243567466736,150.12104292640177,NECK_STRAIN,pushup_neck_03.mp4,282
109.83543598580265,170.2966771666207,1.109105789665935,0.19904891128655458,107.25753864246896,0.08578410744667053,0.1900869905948639,147.42891968274023,NECK_STRAIN,pushup_neck_03.mp4,285
115.66051961845051,170.50988456152777,1.1154871837227616,0.19987937820208637,107.97112571153463,0.08320006728172302,0.1901266872882843,147.71840368095752,NECK_STRAIN,pushup_neck_03.mp4,288
117.05288585618878,171.95664316084637,1.114718105870136,0.20010056256231934,107.68472662587894,0.08173435926437378,0.1906433403491974,147.2010095459718,NECK_STRAIN,pushup_neck_03.mp4,291
120.4727906436288,174.45261048192344,1.1154598237529454,0.20057193059894735,107.46724287359035,0.077553391456604,0.19132235646247864,145.32439012670812,NECK_STRAIN,pushup_neck_03.mp4,294
132.38138104434415,176.93376929157674,1.1292555128498178,0.2032862535879242,108.58137411100131,0.06742188334465027,0.19268828630447388,148.44860157480488,NECK_STRAIN,pushup_neck_03.mp4,297
141.9987656901657,178.39411842437363,1.144496188553853,0.2049057620792917,109.90397376913505,0.05721595883369446,0.19266438484191895,153.04503325662864,NECK_STRAIN,pushup_neck_03.mp4,300
148.33951687981573,179.4386947499991,1.147692357438921,0.20607030852190336,109.84727615006132,0.04852411150932312,0.19382870197296143,154.70521066732053,NECK_STRAIN,pushup_neck_03.mp4,303
153.93318977086568,177.6647623914981,1.1548408794284775,0.20725157640760242,110.13624843386498,0.043567508459091187,0.19458240270614624,157.44374368640598,NECK_STRAIN,pushup_neck_03.mp4,306
158.8248444514057,177.0813862523628,1.1664384316713332,0.210161901326936,110.92197581504665,0.03785383701324463,0.196304053068161,161.93582350014935,NECK_STRAIN,pushup_neck_03.mp4,309
166.46806142879984,177.77058614762865,1.2004091995545423,0.21233017710502217,113.8295898386944,0.0294935405254364,0.19422748684883118,161.96395318195482,NECK_STRAIN,pushup_neck_03.mp4,312
168.64865092615625,172.3933426735854,1.1779407617904842,0.20699801877066148,111.41489840170732,0.02704480290412903,0.19270563125610352,166.97452075148388,NECK_STRAIN,pushup_neck_03.mp4,315
169.57616734116993,169.98448306866493,1.186109245440422,0.20530478697154084,112.09560965220645,0.025235652923583984,0.19022515416145325,171.70470878386402,NECK_STRAIN,pushup_neck_03.mp4,318
171.81841548827404,168.46976620758397,1.1991805723078355,0.20455254627177386,112.98498690419409,0.02256399393081665,0.1883108913898468,176.31535400615533,NECK_STRAIN,pushup_neck_03.mp4,321
172.2775993366441,165.6345422646136,1.177991717086792,0.20240717019771234,110.72982775218668,0.022376298904418945,0.1893019676208496,175.18837446690242,NECK_STRAIN,pushup_neck_03.mp4,324
172.30288121497833,164.42271669889075,1.1672325613428876,0.20176260655327152,109.69101133064443,0.021528959274291992,0.18996301293373108,176.35001772074634,NECK_STRAIN,pushup_neck_03.mp4,327
169.96903316136752,166.72358979882003,1.1641009959956272,0.20407533417599397,109.39774136994203,0.025088220834732056,0.19248998165130615,170.76748752206836,NECK_STRAIN,pushup_neck_03.mp4,330
166.7628838401682,165.35789262480503,1.1489054256215514,0.20387771548468472,107.86994690259482,0.028844088315963745,0.19404074549674988,169.90784114921317,NECK_STRAIN,pushup_neck_03.mp4,333
161.6559171613043,168.78709548477934,1.142364646594112,0.20577775099029436,107.63164891749607,0.03334343433380127,0.1961100697517395,164.1293556932173,NECK_STRAIN,pushup_neck_03.mp4,336
155.72010827006292,175.1397283923554,1.147838539557991,0.20786533585428998,108.93984860990544,0.03713196516036987,0.19661036133766174,161.57844067102465,NECK_STRAIN,pushup_neck_03.mp4,339
145.73453729116255,177.11219449513408,1.133137314920676,0.20586089648161096,107.8567822809684,0.045468688011169434,0.19594275951385498,160.00628421218764,NECK_STRAIN,pushup_neck_03.mp4,342
136.44479060532547,176.62075682622458,1.1080078835578928,0.2027874800104112,105.17742101228885,0.0531139075756073,0.19571349024772644,158.78734079528485,NECK_STRAIN,pushup_neck_03.mp4,345
120.52318675999477,178.96339389461784,1.1049119552748117,0.20099093488166747,105.35462651822483,0.07068479061126709,0.1938159167766571,162.0384121592203,NECK_STRAIN,pushup_neck_03.mp4,348
114.22902588310505,177.39943079184854,1.092280175044062,0.1991989325682645,104.06233420137846,0.07599005103111267,0.19322872161865234,160.86916741246773,NECK_STRAIN,pushup_neck_03.mp4,351
108.21768226915903,173.97409303658048,1.0880198647412989,0.19859410817077655,103.83969785494227,0.08036148548126221,0.19282808899879456,160.1486557418043,NECK_STRAIN,pushup_neck_03.mp4,354
106.93647766359037,176.33162245570088,1.0784353047248045,0.19726428284154085,102.42684822842375,0.08431217074394226,0.1926422119140625,158.58744024563217,NECK_STRAIN,pushup_neck_03.mp4,357
105.4953309811573,175.97110751943197,1.0805918292793528,0.19740446544006207,102.72511204498578,0.0883551836013794,0.19255533814430237,156.51652286004781,NECK_STRAIN,pushup_neck_03.mp4,360
110.59456853015193,176.22235678290193,1.0870426549548597,0.19790204073862908,103.54145751434784,0.08334189653396606,0.19239994883537292,156.71841222105246,NECK_STRAIN,pushup_neck_03.mp4,363
112.82044844020986,175.30030087811383,1.0977549574790113,0.19960974194904124,104.9363999129045,0.08113223314285278,0.19286474585533142,157.99779384719326,NECK_STRAIN,pushup_neck_03.mp4,366
118.11144992370362,175.25279000275302,1.1051018558058372,0.1996878476713127,105.88554722010329,0.07605749368667603,0.19206106662750244,161.5638904701014,NECK_STRAIN,pushup_neck_03.mp4,369
126.86806666754147,173.72301259154145,1.1309692775384665,0.2020614985812135,109.0689152170224,0.07097408175468445,0.19097250699996948,161.98467260237476,NECK_STRAIN,pushup_neck_03.mp4,372
140.29531578143036,172.26991220924543,1.1667962329796486,0.20719896154683357,112.74909875412278,0.05780699849128723,0.19107872247695923,158.52519042933045,NECK_STRAIN,pushup_neck_03.mp4,375
150.35876656248732,171.984871432598,1.1863375628553854,0.210044783615907,114.48696229927847,0.04634079337120056,0.19115054607391357,156.8050486005903,NECK_STRAIN,pushup_neck_03.mp4,378
158.58648055036133,172.8528260179128,1.1994570392298871,0.2122907399712972,115.4318305759141,0.03742358088493347,0.19171705842018127,155.22123186579498,NECK_STRAIN,pushup_neck_03.mp4,381
161.2708174436847,169.5553595891677,1.2443625596976329,0.2175190390395031,119.5463975559962,0.03597801923751831,0.1892293393611908,154.92175715174187,NECK_STRAIN,pushup_neck_03.mp4,384
163.94136121006483,170.95531691359392,1.2413532598669128,0.21544734838468887,119.21178258323113,0.03139299154281616,0.18804439902305603,153.0421049624375,NECK_STRAIN,pushup_neck_03.mp4,387
168.08681583022448,170.80287799224726,1.270760972607761,0.2174576541590511,121.4685021125462,0.02501693367958069,0.18547236919403076,151.77946223939554,NECK_STRAIN,pushup_neck_03.mp4,390
171.73843677995214,170.29868190164996,1.3190576697010983,0.22230100465020752,124.77081203020168,0.016886025667190552,0.18260294198989868,149.31675413436346,NECK_STRAIN,pushup_neck_03.mp4,393
173.43212827040495,173.00989050328596,1.3077805735469255,0.2199457480499827,123.54267168812233,0.014438092708587646,0.18331551551818848,150.03900505590158,NECK_STRAIN,pushup_neck_03.mp4,396
173.92100785071483,174.73532150858418,1.3006270273507514,0.21891707918785447,122.76527256042728,0.011747419834136963,0.1840827465057373,152.7428336516283,NECK_STRAIN,pushup_neck_03.mp4,399
173.55348645238732,175.07538446880977,1.283840602261004,0.21844876446873013,121.42265880574918,0.012161880731582642,0.1864089071750641,154.8563546173266,NECK_STRAIN,pushup_neck_03.mp4,402
166.01891578891266,176.60890386099373,1.263628297557292,0.2155638472453413,119.95250541991905,0.02208903431892395,0.18677017092704773,156.4716294511769,NECK_STRAIN,pushup_neck_03.mp4,405
157.10616720933598,173.31991221281024,1.277836607136087,0.2181452373097689,121.37165357354787,0.03330346941947937,0.18625107407569885,156.20868734034,NECK_STRAIN,pushup_neck_03.mp4,408
153.05809043335552,167.9971899655223,1.2783415416976127,0.22091151611181045,122.318972555979,0.037404537200927734,0.18668559193611145,159.64545417932163,NECK_STRAIN,pushup_neck_03.mp4,411
151.63043574825303,168.15006922276615,1.2457818776728444,0.2160346524473063,120.39746999710769,0.03763487935066223,0.18633469939231873,157.56107889953802,NECK_STRAIN,pushup_neck_03.mp4,414
149.80443751298924,169.26114129633348,1.2090087441871384,0.21070786705325922,117.60622622473909,0.03696411848068237,0.18671703338623047,154.5597913623719,NECK_STRAIN,pushup_neck_03.mp4,417
135.16267644224195,166.67775446657137,1.200492024907133,0.21012095233426373,117.28893887721513,0.05243149399757385,0.18673333525657654,151.68530983752206,NECK_STRAIN,pushup_neck_03.mp4,420
136.2808087301615,167.42637001382698,1.1740752624596216,0.2053295309747482,114.86424685509796,0.04937028884887695,0.18629488348960876,150.38756618139857,NECK_STRAIN,pushup_neck_03.mp4,423
135.64704477713093,166.272100381314,1.1623085763162058,0.20346400097927608,113.89868041231105,0.04999995231628418,0.18601787090301514,151.32567817463192,NECK_STRAIN,pushup_neck_03.mp4,426
136.25499413985966,166.18299495974955,1.1466549448002192,0.20087243907110594,112.23784499899782,0.04836544394493103,0.18593016266822815,150.04079695060088,NECK_STRAIN,pushup_neck_03.mp4,429
132.0165047657337,162.7283248482721,1.1565084447772223,0.2030928507195068,113.66751549703497,0.05306616425514221,0.186009019613266,154.19590964688317,NECK_STRAIN,pushup_neck_03.mp4,432
128.64321447034808,162.4039043731705,1.1596615869534797,0.2036720347601081,114.03811546048627,0.05720430612564087,0.18600669503211975,152.32113797140173,NECK_STRAIN,pushup_neck_03.mp4,435
130.92231393581613,162.77400905080398,1.1706157500934058,0.20370315612574433,115.3466645059264,0.05430549383163452,0.1840914785861969,148.98175678838885,NECK_STRAIN,pushup_neck_03.mp4,438
140.15867638505816,163.25386893955564,1.1741922700167102,0.20258764848939131,115.83613735672559,0.04343023896217346,0.18233570456504822,146.09241766071483,NECK_STRAIN,pushup_neck_03.mp4,441
150.34860350346628,162.6880994952254,1.1931911227733745,0.20678680476395817,117.6763762377917,0.03183642029762268,0.18312489986419678,145.61236356093053,NECK_STRAIN,pushup_neck_03.mp4,444
157.95413183864628,160.8854283044163,1.2233781699185307,0.21365251248125733,120.44072075120677,0.023998677730560303,0.18419834971427917,147.92067380776197,NECK_STRAIN,pushup_neck_03.mp4,447
161.8935150034258,160.09343463341645,1.2483112195429438,0.2187196579943774,122.38878450937968,0.02003931999206543,0.1846906542778015,147.94002338074662,NECK_STRAIN,pushup_neck_03.mp4,450
163.42559082216943,160.5366290750624,1.2828654100060144,0.22392939365255252,124.61550582082675,0.019861072301864624,0.18428608775138855,149.31226408867172,NECK_STRAIN,pushup_neck_03.mp4,453
166.9868888242969,160.82449051756836,1.3144579327655879,0.2263801682366106,126.78716253309673,0.014370888471603394,0.18129560351371765,156.76588550599587,NECK_STRAIN,pushup_neck_03.mp4,456
168.76736098616377,163.73483394869336,1.3184125549821364,0.226034925631745,126.42264992103298,0.011204242706298828,0.18187668919563293,161.6165770436155,NECK_STRAIN,pushup_neck_03.mp4,459
171.89000103810355,165.35772508747507,1.340166598713625,0.2290364524725583,127.32180986224417,0.00676119327545166,0.1821349561214447,161.9789256098945,NECK_STRAIN,pushup_neck_03.mp4,462
172.0515313122188,167.00449078469757,1.3292533741776122,0.22624484805922113,126.52992592486046,0.007601380348205566,0.18179374933242798,163.561967103229,NECK_STRAIN,pushup_neck_03.mp4,465
173.0075450772989,165.99976294815093,1.3256064233796518,0.2252235187212763,126.59301367813326,0.005819648504257202,0.18082532286643982,163.20808956362546,NECK_STRAIN,pushup_neck_03.mp4,468
171.01000602791916,166.02959591886778,1.321213447480387,0.226467242939325,126.0671992710563,0.00782710313796997,0.1830553114414215,163.96761696737457,NECK_STRAIN,pushup_neck_03.mp4,471
169.56997395468417,164.16783237551738,1.3362401802005748,0.2289373796254353,127.21259593543124,0.008837789297103882,0.18232044577598572,163.97312679297724,NECK_STRAIN,pushup_neck_03.mp4,474
163.65847766309784,161.20305508335744,1.3393901764714404,0.23053611564525883,127.92893919660973,0.016354113817214966,0.18183603882789612,160.18242609761364,NECK_STRAIN,pushup_neck_03.mp4,477
161.7128475081162,159.1466204826207,1.3050610491129455,0.22558358037579954,126.47829060615784,0.017128944396972656,0.18138334155082703,152.10704197728757,NECK_STRAIN,pushup_neck_03.mp4,480
157.63046129458442,158.36853539444752,1.2755500565608093,0.22051380414509575,124.81426691426921,0.020678848028182983,0.18103942275047302,149.46445003745498,NECK_STRAIN,pushup_neck_03.mp4,483
152.5921630309625,158.7244848544279,1.23923163505214,0.21295410363342282,122.40205990583856,0.025674968957901,0.17979559302330017,148.60814217282467,NECK_STRAIN,pushup_neck_03.mp4,486
150.80095307530289,157.1702546952269,1.2226686325974578,0.20954176816430262,121.4214327749428,0.027222752571105957,0.1788105070590973,151.35718570783482,NECK_STRAIN,pushup_neck_03.mp4,489
145.28594842211075,156.42852227917948,1.2083893906961853,0.21050671557776224,119.8027558954867,0.03633207082748413,0.18266257643699646,149.8540212708339,NECK_STRAIN,pushup_neck_03.mp4,492
131.861284723184,156.6538075369233,1.1901934775425553,0.20592843042974723,118.33549667302117,0.05044093728065491,0.18125224113464355,146.97718402401244,NECK_STRAIN,pushup_neck_03.mp4,495
128.97853585249834,157.2057331583418,1.1739746789601608,0.2029315523926191,116.76764781882973,0.05733707547187805,0.18118318915367126,150.35577431792254,NECK_STRAIN,pushup_neck_03.mp4,498
126.114689732709,158.1068044248662,1.1662674960103587,0.2030536108773574,115.67210015069894,0.06030198931694031,0.18300771713256836,150.38190172864415,NECK_STRAIN,pushup_neck_03.mp4,501
124.02369218612175,160.6088597587761,1.1563025061032952,0.2042492097017144,113.97218151561898,0.06312835216522217,0.18662944436073303,149.28010149773746,NECK_STRAIN,pushup_neck_03.mp4,504
124.78592998314765,160.39027347366437,1.1685674768780252,0.2064739483042887,115.21713574218427,0.06649845838546753,0.18679490685462952,146.96925618451198,NECK_STRAIN,pushup_neck_03.mp4,507
128.43575385913968,167.88553175858902,1.1438758285189714,0.20102637902310624,111.80013068626805,0.06232520937919617,0.18664848804473877,144.0614921414534,NECK_STRAIN,pushup_neck_03.mp4,510
139.5188692397735,169.22844741340242,1.1569428020547357,0.20464553060382265,112.79673891600477,0.05069786310195923,0.18865805864334106,148.1047607736473,NECK_STRAIN,pushup_neck_03.mp4,513
150.62331568534717,171.62448981149493,1.1651692855808011,0.20407870338754355,113.44701535560456,0.03607872128486633,0.18722587823867798,152.5011138944135,NECK_STRAIN,pushup_neck_03.mp4,516
157.33746599475975,169.84568894805435,1.1986877106294143,0.20829941053942158,116.83702036841309,0.028502821922302246,0.18586209416389465,152.35084979261651,NECK_STRAIN,pushup_neck_03.mp4,519
163.61268006167316,170.84025128510703,1.2247973407224664,0.21135212308639623,118.80905754527775,0.021208077669143677,0.18519052863121033,153.5226659644032,NECK_STRAIN,pushup_neck_03.mp4,522
164.9216427073497,171.24627744489698,1.2441862475251002,0.21404676156257685,120.22869543766242,0.01971295475959778,0.18493834137916565,153.91114170067186,NECK_STRAIN,pushup_neck_03.mp4,525
163.9836589044596,171.53911436641317,1.2653278302671476,0.21530106140741645,121.77138427035914,0.019781053066253662,0.1830361783504486,151.641220033103,NECK_STRAIN,pushup_neck_03.mp4,528
165.47831444776065,171.8829357310015,1.2841414193130907,0.21555669194471103,123.21730534262863,0.016663730144500732,0.18033090233802795,154.0155592132876,NECK_STRAIN,pushup_neck_03.mp4,531
168.6674977385087,176.1147092117937,1.2716017171821272,0.21082825123447801,121.98666493482098,0.012440294027328491,0.17881518602371216,154.65058444240262,NECK_STRAIN,pushup_neck_03.mp4,534
169.33399768768447,176.5193317914649,1.2768095918802578,0.20918720248556075,122.3652662264737,0.010971277952194214,0.1766871213912964,154.4443107809973,NECK_STRAIN,pushup_neck_03.mp4,537
169.32715150298347,179.22981109056983,1.2589988152701126,0.207181115872641,120.5412128484968,0.00962337851524353,0.1784346103668213,154.07508869590632,NECK_STRAIN,pushup_neck_03.mp4,540
168.62091716628015,179.6250029340728,1.242823245456131,0.2050136870941389,119.25746453673311,0.010547876358032227,0.17885783314704895,155.54455328094988,NECK_STRAIN,pushup_neck_03.mp4,543
167.69396760114606,179.31256817380918,1.2375525405031031,0.20500732489781903,118.87712763317663,0.011859893798828125,0.17951351404190063,156.82547465969498,NECK_STRAIN,pushup_neck_03.mp4,546
165.73122526646702,178.55927885300653,1.2127176399543436,0.20208792577920742,116.62685569111127,0.012625068426132202,0.18065309524536133,157.82156540555204,NECK_STRAIN,pushup_neck_03.mp4,549
163.34592285580757,179.11169336541843,1.1974387463365612,0.20090916042555138,115.85026894705474,0.014309942722320557,0.18080338835716248,165.1390734430965,NECK_STRAIN,pushup_neck_03.mp4,552
156.78540133267796,172.03025566341168,1.1989505224318684,0.20331685347804684,117.19103580956374,0.02060908079147339,0.18084552884101868,170.83825485590077,NECK_STRAIN,pushup_neck_03.mp4,555
154.13340992704664,172.76445981861616,1.1740920565906037,0.20057221077768958,114.872796978494,0.02272936701774597,0.18196594715118408,165.13670198340003,NECK_STRAIN,pushup_neck_03.mp4,558
143.58048833217373,168.96045127232608,1.168352781067425,0.19990478425324007,114.88581341809723,0.03723135590553284,0.18134132027626038,155.69978511367623,NECK_STRAIN,pushup_neck_03.mp4,561
129.2764929035682,163.64391752712248,1.1699625990768021,0.20236144396258565,115.54086030264517,0.05523005127906799,0.1825842261314392,158.32645298667168,NECK_STRAIN,pushup_neck_03.mp4,564
137.3189835117019,161.92791420027942,1.1557319256893335,0.2003141718017642,114.18985332185984,0.05149075388908386,0.1827232837677002,157.07887646828397,NECK_STRAIN,pushup_neck_03.mp4,567
136.8258783756919,159.4843156557115,1.158572077930987,0.2012849891644839,114.67869569303689,0.054329484701156616,0.1828984022140503,154.07554230731682,NECK_STRAIN,pushup_neck_03.mp4,570
127.20047159814204,159.5728115346194,1.1563394005202687,0.2018633097405567,114.3316233026441,0.0656697154045105,0.1839311420917511,150.51546893970362,NECK_STRAIN,pushup_neck_03.mp4,573
126.37873482023193,158.89568925191338,1.1615403669363238,0.20308184582324834,114.90265173466393,0.06817051768302917,0.184198260307312,145.93549426539545,NECK_STRAIN,pushup_neck_03.mp4,576
134.35172043072708,159.6404104857303,1.1666856633528848,0.2032497804594144,115.39412349428798,0.06528297066688538,0.18360960483551025,141.68383540513912,NECK_STRAIN,pushup_neck_03.mp4,579
131.81592581088717,160.68674682670328,1.1689937417467542,0.20350974529634588,115.52515897555816,0.06367859244346619,0.1836443543434143,141.195274534754,NECK_STRAIN,pushup_neck_03.mp4,582
145.46774829647683,162.3501935621888,1.1768859741764124,0.20357969098189724,116.17228750500736,0.03856435418128967,0.1827048659324646,140.00646104472818,NECK_STRAIN,pushup_neck_03.mp4,585
149.40744060240377,164.07405966841273,1.1977248404608898,0.20643578495477954,117.87678407321302,0.03426221013069153,0.18247750401496887,139.02391178145234,NECK_STRAIN,pushup_neck_03.mp4,588
155.46404626772633,164.39042808579734,1.2073777294748391,0.20719280125447764,118.82596580712696,0.02503335475921631,0.18151652812957764,139.52422715110305,NECK_STRAIN,pushup_neck_03.mp4,591
162.21423611954228,164.41663352491307,1.2283392546961824,0.2099772238815335,120.58303562232356,0.01788562536239624,0.18076485395431519,138.09549426873653,NECK_STRAIN,pushup_neck_03.mp4,594
163.4790400424221,163.92231367888166,1.2494075977739105,0.21237508789304912,122.36108397232822,0.018534153699874878,0.17938807606697083,140.52349298200926,NECK_STRAIN,pushup_neck_03.mp4,597
165.14024073797177,163.209656942886,1.274077340925073,0.21602235093659136,124.23380808427135,0.015912145376205444,0.17859238386154175,140.77488623858096,NECK_STRAIN,pushup_neck_03.mp4,600
166.56893203525357,163.3610219311807,1.3013204822831037,0.21821993566533351,126.42120305353178,0.013004183769226074,0.17559155821800232,142.54860357386806,NECK_STRAIN,pushup_neck_03.mp4,603
169.5188683797981,161.99700087828185,1.3380390577900112,0.2253044991668836,128.61594443058098,0.008859366178512573,0.17603597044944763,145.92194387449103,NECK_STRAIN,pushup_neck_03.mp4,606
169.8761293050808,166.01207101532265,1.329347216514342,0.22090385226184941,127.64973509634889,0.005917668342590332,0.17489805817604065,141.7123378735475,NECK_STRAIN,pushup_neck_03.mp4,609
170.00375441728718,167.51414046488566,1.3281564541130897,0.2218534974087785,127.16087444539696,0.004963189363479614,0.1767999231815338,143.81383080371177,NECK_STRAIN,pushup_neck_03.mp4,612
169.78148818229567,169.8268392291547,1.3022954422286053,0.2188049816958019,125.04326117776708,0.005232453346252441,0.17913571000099182,146.7154378733061,NECK_STRAIN,pushup_neck_03.mp4,615
170.5522517317064,170.25833402170647,1.2909242359599438,0.21680067969606612,124.40959424351071,0.001364201307296753,0.17886078357696533,149.23197957103392,NECK_STRAIN,pushup_neck_03.mp4,618
167.28130710722942,169.71435818847758,1.2852167520348627,0.21762347886018027,123.77437476135388,0.005470842123031616,0.18089213967323303,150.20481595346646,NECK_STRAIN,pushup_neck_03.mp4,621
164.69180372530897,172.3267775354718,1.2342773507626164,0.20828911665802824,119.90225492261482,0.007274657487869263,0.1805582046508789,149.23821684629155,NECK_STRAIN,pushup_neck_03.mp4,624
162.718068925832,172.7801622595924,1.2041558066068214,0.20289288645162662,117.63295424351226,0.008723050355911255,0.17974787950515747,145.81977881053018,NECK_STRAIN,pushup_neck_03.mp4,627
157.92358329864385,171.292729618947,1.1828141148678577,0.20057359611727585,115.96659648114509,0.01354992389678955,0.18032345175743103,147.53770574307293,NECK_STRAIN,pushup_neck_03.mp4,630
140.62622038542835,171.30943365495872,1.1584797820996684,0.19675140443832567,113.65903001832856,0.04429149627685547,0.18021264672279358,145.43486248074709,NECK_STRAIN,pushup_neck_03.mp4,633
133.6858092712332,169.99968422842764,1.158515585098905,0.1977056060383327,113.7533389782302,0.06068941950798035,0.18095579743385315,147.1933082502161,NECK_STRAIN,pushup_neck_03.mp4,636
134.02376511002265,168.16393037832427,1.15692910914027,0.19781691502776072,113.84493633426244,0.06607913970947266,0.18093004822731018,147.4508060702743,NECK_STRAIN,pushup_neck_03.mp4,639
135.93483514220432,167.05617415412593,1.1607057005655108,0.19842247397641802,114.38540510801765,0.060418128967285156,0.18071910738945007,146.67132433515303,NECK_STRAIN,pushup_neck_03.mp4,642
144.7944812848894,166.98765502544583,1.168186791159468,0.19954131219798238,115.17760648502006,0.04004555940628052,0.18058156967163086,146.37240472130978,NECK_STRAIN,pushup_neck_03.mp4,645
153.9951896233977,166.0750541258682,1.1749430232968232,0.19707261486116445,116.36314922616583,0.022380799055099487,0.17657437920570374,146.10980089847442,NECK_STRAIN,pushup_neck_03.mp4,648
157.24586382284681,166.9534004394493,1.1785407671381596,0.19837488296513106,116.62542190013154,0.018131405115127563,0.17733606696128845,147.00724547367605,NECK_STRAIN,pushup_neck_03.mp4,651
158.0152833074719,164.7821451754872,1.201642802471671,0.2009874753192689,119.24017930161142,0.018607497215270996,0.1753748655319214,146.8072176335805,NECK_STRAIN,pushup_neck_03.mp4,654
159.75610782551664,165.3189175463627,1.2134816093874168,0.20480318751867368,119.82946140017994,0.01922813057899475,0.17766591906547546,144.46813558332445,NECK_STRAIN,pushup_neck_03.mp4,657
161.84985862071528,165.50036004997926,1.233783394296731,0.20685614516985615,121.35627335088722,0.017649799585342407,0.17664125561714172,142.5305728739203,NECK_STRAIN,pushup_neck_03.mp4,660
163.35653316838383,165.6123660545487,1.2687417809358834,0.20914192513446236,124.22669000397678,0.014828890562057495,0.17291861772537231,140.7835772049564,NECK_STRAIN,pushup_neck_03.mp4,663
164.76368920291455,169.9143172108431,1.2814624844045464,0.2110247025520993,124.14267682120096,0.014007240533828735,0.1746492087841034,137.7475013785562,NECK_STRAIN,pushup_neck_03.mp4,666
167.39931993508895,170.50209057677233,1.3060098836143548,0.2169124550692328,125.37148280787424,0.009390980005264282,0.17686977982521057,143.279959632648,NECK_STRAIN,pushup_neck_03.mp4,669
170.12433550752152,172.3630169554826,1.3097612625012556,0.21546482890525703,125.36671558213769,0.005802184343338013,0.17569974064826965,141.62707893235904,NECK_STRAIN,pushup_neck_03.mp4,672
170.5910439648707,173.98957168868756,1.3027397616501335,0.21746527597913207,124.16429214143447,0.004341691732406616,0.17993363738059998,143.23655618213516,NECK_STRAIN,pushup_neck_03.mp4,675
170.2846753921268,174.66289757144267,1.2908683625341626,0.21601700069772972,123.32988434963225,0.0036569535732269287,0.18048310279846191,143.21060376155415,NECK_STRAIN,pushup_neck_03.mp4,678
